2026-06-10 02:20:45,639 alpasim_carla.world INFO Connected to CARLA fa7751a at 127.0.0.1:3001
2026-06-10 02:20:45,639 alpasim_carla.world WARNING CARLA server version fa7751a != pinned 0.9.16; proceeding, but the pin is what this bridge is tested against
2026-06-10 02:20:45,645 alpasim_carla.cli INFO alpasim-carla 0.1.0 serving SensorsimService on :50051 (backend=carla, scenes=['clipgt-01d503d4-449b-46fc-8d78-9085e70d3554'])
2026-06-10 02:22:04,765 alpasim_carla.world INFO Loading scene clipgt-01d503d4-449b-46fc-8d78-9085e70d3554 -> map Town10HD_Opt
2026-06-10 02:22:04,956 alpasim_carla.world INFO approximation scene=clipgt-01d503d4-449b-46fc-8d78-9085e70d3554 camera=camera_cross_left_120fov: ftheta approximated as pinhole, hfov=118.47 deg from pixeldist_to_angle polynomial at r=950px
2026-06-10 02:22:04,956 alpasim_carla.world INFO approximation scene=clipgt-01d503d4-449b-46fc-8d78-9085e70d3554 camera=camera_cross_left_120fov: rolling shutter rendered as global shutter
2026-06-10 02:22:04,957 alpasim_carla.registry WARNING blueprint_fallback track_id=28 label='' dims=4.50x1.90x1.60 -> vehicle.tesla.model3 (car-like dims heuristic; add the label to the scene manifest blueprint_overrides to silence)
2026-06-10 02:22:04,963 alpasim_carla.registry INFO spawned track_id=28 blueprint=vehicle.tesla.model3 decision=dims_heuristic[no-label] bbox_offset=(0.02921951189637184, -4.987418265045562e-07, 0.7358707785606384)
2026-06-10 02:22:04,963 alpasim_carla.registry WARNING blueprint_fallback track_id=22 label='' dims=4.50x1.90x1.60 -> vehicle.tesla.model3 (car-like dims heuristic; add the label to the scene manifest blueprint_overrides to silence)
2026-06-10 02:22:04,967 alpasim_carla.registry INFO spawned track_id=22 blueprint=vehicle.tesla.model3 decision=dims_heuristic[no-label] bbox_offset=(0.029218772426247597, 7.257331162691116e-07, 0.7358461022377014)
2026-06-10 02:22:04,967 alpasim_carla.registry WARNING blueprint_fallback track_id=18 label='' dims=4.50x1.90x1.60 -> vehicle.tesla.model3 (car-like dims heuristic; add the label to the scene manifest blueprint_overrides to silence)
2026-06-10 02:22:04,971 alpasim_carla.registry INFO spawned track_id=18 blueprint=vehicle.tesla.model3 decision=dims_heuristic[no-label] bbox_offset=(0.029219690710306168, -1.4994220975950157e-08, 0.7358747720718384)
2026-06-10 02:22:04,971 alpasim_carla.registry WARNING blueprint_fallback track_id=4 label='' dims=4.50x1.90x1.60 -> vehicle.tesla.model3 (car-like dims heuristic; add the label to the scene manifest blueprint_overrides to silence)
2026-06-10 02:22:04,974 alpasim_carla.registry INFO spawned track_id=4 blueprint=vehicle.tesla.model3 decision=dims_heuristic[no-label] bbox_offset=(0.029219571501016617, -6.9034284955193925e-09, 0.735859215259552)
2026-06-10 02:22:04,975 alpasim_carla.registry WARNING blueprint_fallback track_id=59 label='' dims=4.50x1.90x1.60 -> vehicle.tesla.model3 (car-like dims heuristic; add the label to the scene manifest blueprint_overrides to silence)
2026-06-10 02:22:04,978 alpasim_carla.registry INFO spawned track_id=59 blueprint=vehicle.tesla.model3 decision=dims_heuristic[no-label] bbox_offset=(0.029218964278697968, -1.542270133825241e-08, 0.7358625531196594)
2026-06-10 02:22:04,978 alpasim_carla.registry WARNING blueprint_fallback track_id=6 label='' dims=4.50x1.90x1.60 -> vehicle.tesla.model3 (car-like dims heuristic; add the label to the scene manifest blueprint_overrides to silence)
2026-06-10 02:22:04,982 alpasim_carla.registry INFO spawned track_id=6 blueprint=vehicle.tesla.model3 decision=dims_heuristic[no-label] bbox_offset=(0.029224906116724014, -3.598350986067089e-07, 0.7358752489089966)
2026-06-10 02:22:04,982 alpasim_carla.registry WARNING blueprint_fallback track_id=26 label='' dims=4.50x1.90x1.60 -> vehicle.tesla.model3 (car-like dims heuristic; add the label to the scene manifest blueprint_overrides to silence)
2026-06-10 02:22:04,985 alpasim_carla.registry INFO spawned track_id=26 blueprint=vehicle.tesla.model3 decision=dims_heuristic[no-label] bbox_offset=(0.02922222949564457, 2.5512417778372765e-07, 0.7358689904212952)
2026-06-10 02:22:04,986 alpasim_carla.registry WARNING blueprint_fallback track_id=32 label='' dims=4.50x1.90x1.60 -> vehicle.tesla.model3 (car-like dims heuristic; add the label to the scene manifest blueprint_overrides to silence)
2026-06-10 02:22:04,989 alpasim_carla.registry INFO spawned track_id=32 blueprint=vehicle.tesla.model3 decision=dims_heuristic[no-label] bbox_offset=(0.02921953611075878, -9.135994787357049e-07, 0.7358786463737488)
2026-06-10 02:22:04,989 alpasim_carla.registry WARNING blueprint_fallback track_id=12 label='' dims=4.50x1.90x1.60 -> vehicle.tesla.model3 (car-like dims heuristic; add the label to the scene manifest blueprint_overrides to silence)
2026-06-10 02:22:04,993 alpasim_carla.registry INFO spawned track_id=12 blueprint=vehicle.tesla.model3 decision=dims_heuristic[no-label] bbox_offset=(0.029219692572951317, -7.63521512681109e-08, 0.7358758449554443)
2026-06-10 02:22:04,993 alpasim_carla.registry WARNING blueprint_fallback track_id=23 label='' dims=4.50x1.90x1.60 -> vehicle.tesla.model3 (car-like dims heuristic; add the label to the scene manifest blueprint_overrides to silence)
2026-06-10 02:22:04,995 alpasim_carla.registry INFO spawned track_id=23 blueprint=vehicle.tesla.model3 decision=dims_heuristic[no-label] bbox_offset=(0.029222901910543442, -5.859997997958999e-08, 0.7358435392379761)
2026-06-10 02:22:04,996 alpasim_carla.registry WARNING blueprint_fallback track_id=9 label='' dims=4.50x1.90x1.60 -> vehicle.tesla.model3 (car-like dims heuristic; add the label to the scene manifest blueprint_overrides to silence)
2026-06-10 02:22:04,998 alpasim_carla.registry INFO spawned track_id=9 blueprint=vehicle.tesla.model3 decision=dims_heuristic[no-label] bbox_offset=(0.02922680974006653, 6.09708934007358e-07, 0.7358435392379761)
2026-06-10 02:22:04,998 alpasim_carla.registry WARNING blueprint_fallback track_id=55 label='' dims=4.50x1.90x1.60 -> vehicle.tesla.model3 (car-like dims heuristic; add the label to the scene manifest blueprint_overrides to silence)
2026-06-10 02:22:05,000 alpasim_carla.registry INFO spawned track_id=55 blueprint=vehicle.tesla.model3 decision=dims_heuristic[no-label] bbox_offset=(0.029228439554572105, 1.0728835775353218e-07, 0.7358741760253906)
2026-06-10 02:22:05,001 alpasim_carla.registry WARNING blueprint_fallback track_id=24 label='' dims=4.50x1.90x1.60 -> vehicle.tesla.model3 (car-like dims heuristic; add the label to the scene manifest blueprint_overrides to silence)
2026-06-10 02:22:05,003 alpasim_carla.registry INFO spawned track_id=24 blueprint=vehicle.tesla.model3 decision=dims_heuristic[no-label] bbox_offset=(0.029227498918771744, 3.0789522043050965e-08, 0.7358494997024536)
2026-06-10 02:22:05,003 alpasim_carla.registry WARNING blueprint_fallback track_id=25 label='' dims=4.50x1.90x1.60 -> vehicle.tesla.model3 (car-like dims heuristic; add the label to the scene manifest blueprint_overrides to silence)
2026-06-10 02:22:05,005 alpasim_carla.registry INFO spawned track_id=25 blueprint=vehicle.tesla.model3 decision=dims_heuristic[no-label] bbox_offset=(0.029211411252617836, -3.736465998827043e-07, 0.735878050327301)
2026-06-10 02:22:05,006 alpasim_carla.registry WARNING blueprint_fallback track_id=34 label='' dims=4.50x1.90x1.60 -> vehicle.tesla.model3 (car-like dims heuristic; add the label to the scene manifest blueprint_overrides to silence)
2026-06-10 02:22:05,008 alpasim_carla.registry INFO spawned track_id=34 blueprint=vehicle.tesla.model3 decision=dims_heuristic[no-label] bbox_offset=(0.029215114191174507, -4.887580871582031e-06, 0.735870897769928)
2026-06-10 02:22:05,008 alpasim_carla.registry WARNING blueprint_fallback track_id=7 label='' dims=4.50x1.90x1.60 -> vehicle.tesla.model3 (car-like dims heuristic; add the label to the scene manifest blueprint_overrides to silence)
2026-06-10 02:22:05,011 alpasim_carla.registry INFO spawned track_id=7 blueprint=vehicle.tesla.model3 decision=dims_heuristic[no-label] bbox_offset=(0.029213542118668556, -5.621462761951079e-08, 0.7358641028404236)
2026-06-10 02:22:05,011 alpasim_carla.registry WARNING blueprint_fallback track_id=53 label='' dims=4.50x1.90x1.60 -> vehicle.tesla.model3 (car-like dims heuristic; add the label to the scene manifest blueprint_overrides to silence)
2026-06-10 02:22:05,013 alpasim_carla.registry INFO spawned track_id=53 blueprint=vehicle.tesla.model3 decision=dims_heuristic[no-label] bbox_offset=(0.029223861172795296, 2.9653310917865383e-08, 0.7358474731445312)
2026-06-10 02:22:05,013 alpasim_carla.registry WARNING blueprint_fallback track_id=56 label='' dims=4.50x1.90x1.60 -> vehicle.tesla.model3 (car-like dims heuristic; add the label to the scene manifest blueprint_overrides to silence)
2026-06-10 02:22:05,016 alpasim_carla.registry INFO spawned track_id=56 blueprint=vehicle.tesla.model3 decision=dims_heuristic[no-label] bbox_offset=(0.029226817190647125, -2.807378791658266e-07, 0.7358582615852356)
2026-06-10 02:22:05,016 alpasim_carla.registry WARNING blueprint_fallback track_id=8 label='' dims=4.50x1.90x1.60 -> vehicle.tesla.model3 (car-like dims heuristic; add the label to the scene manifest blueprint_overrides to silence)
2026-06-10 02:22:05,018 alpasim_carla.registry INFO spawned track_id=8 blueprint=vehicle.tesla.model3 decision=dims_heuristic[no-label] bbox_offset=(0.02921595424413681, -1.5623052718183317e-07, 0.73585444688797)
2026-06-10 02:22:05,018 alpasim_carla.registry WARNING blueprint_fallback track_id=31 label='' dims=4.50x1.90x1.60 -> vehicle.tesla.model3 (car-like dims heuristic; add the label to the scene manifest blueprint_overrides to silence)
2026-06-10 02:22:05,021 alpasim_carla.registry INFO spawned track_id=31 blueprint=vehicle.tesla.model3 decision=dims_heuristic[no-label] bbox_offset=(0.029228441417217255, 3.9764213966009265e-07, 0.7358707785606384)
2026-06-10 02:22:05,021 alpasim_carla.registry WARNING blueprint_fallback track_id=27 label='' dims=4.50x1.90x1.60 -> vehicle.tesla.model3 (car-like dims heuristic; add the label to the scene manifest blueprint_overrides to silence)
2026-06-10 02:22:05,023 alpasim_carla.registry INFO spawned track_id=27 blueprint=vehicle.tesla.model3 decision=dims_heuristic[no-label] bbox_offset=(0.029227430000901222, -6.023142304911744e-07, 0.7358676791191101)
2026-06-10 02:22:05,023 alpasim_carla.registry WARNING blueprint_fallback track_id=21 label='' dims=4.50x1.90x1.60 -> vehicle.tesla.model3 (car-like dims heuristic; add the label to the scene manifest blueprint_overrides to silence)
2026-06-10 02:22:05,026 alpasim_carla.registry INFO spawned track_id=21 blueprint=vehicle.tesla.model3 decision=dims_heuristic[no-label] bbox_offset=(0.029223529621958733, 2.345163352401869e-07, 0.7358585000038147)
2026-06-10 02:22:05,026 alpasim_carla.registry WARNING blueprint_fallback track_id=11 label='' dims=4.50x1.90x1.60 -> vehicle.tesla.model3 (car-like dims heuristic; add the label to the scene manifest blueprint_overrides to silence)
2026-06-10 02:22:05,028 alpasim_carla.registry INFO spawned track_id=11 blueprint=vehicle.tesla.model3 decision=dims_heuristic[no-label] bbox_offset=(0.029207907617092133, -4.580430470468855e-07, 0.7358617186546326)
2026-06-10 02:22:05,028 alpasim_carla.registry WARNING blueprint_fallback track_id=20 label='' dims=4.50x1.90x1.60 -> vehicle.tesla.model3 (car-like dims heuristic; add the label to the scene manifest blueprint_overrides to silence)
2026-06-10 02:22:05,030 alpasim_carla.registry INFO spawned track_id=20 blueprint=vehicle.tesla.model3 decision=dims_heuristic[no-label] bbox_offset=(0.02922837622463703, 1.6403616598381632e-07, 0.7358739972114563)
2026-06-10 02:22:05,031 alpasim_carla.registry WARNING blueprint_fallback track_id=2 label='' dims=4.50x1.90x1.60 -> vehicle.tesla.model3 (car-like dims heuristic; add the label to the scene manifest blueprint_overrides to silence)
2026-06-10 02:22:05,033 alpasim_carla.registry INFO spawned track_id=2 blueprint=vehicle.tesla.model3 decision=dims_heuristic[no-label] bbox_offset=(0.02922990173101425, 3.838073325823643e-07, 0.7358701825141907)
2026-06-10 02:22:05,033 alpasim_carla.registry WARNING blueprint_fallback track_id=54 label='' dims=4.50x1.90x1.60 -> vehicle.tesla.model3 (car-like dims heuristic; add the label to the scene manifest blueprint_overrides to silence)
2026-06-10 02:22:05,036 alpasim_carla.registry INFO spawned track_id=54 blueprint=vehicle.tesla.model3 decision=dims_heuristic[no-label] bbox_offset=(0.029207497835159302, 2.554058937676018e-07, 0.7358622550964355)
2026-06-10 02:22:05,036 alpasim_carla.registry WARNING blueprint_fallback track_id=16 label='' dims=4.50x1.90x1.60 -> vehicle.tesla.model3 (car-like dims heuristic; add the label to the scene manifest blueprint_overrides to silence)
2026-06-10 02:22:05,038 alpasim_carla.registry INFO spawned track_id=16 blueprint=vehicle.tesla.model3 decision=dims_heuristic[no-label] bbox_offset=(0.02922593243420124, -1.682713559603144e-07, 0.735849142074585)
2026-06-10 02:22:05,038 alpasim_carla.registry WARNING blueprint_fallback track_id=10 label='' dims=4.50x1.90x1.60 -> vehicle.tesla.model3 (car-like dims heuristic; add the label to the scene manifest blueprint_overrides to silence)
2026-06-10 02:22:05,041 alpasim_carla.registry INFO spawned track_id=10 blueprint=vehicle.tesla.model3 decision=dims_heuristic[no-label] bbox_offset=(0.029226750135421753, -5.754641918542802e-08, 0.7358745336532593)
2026-06-10 02:22:05,041 alpasim_carla.registry WARNING blueprint_fallback track_id=41 label='' dims=4.50x1.90x1.60 -> vehicle.tesla.model3 (car-like dims heuristic; add the label to the scene manifest blueprint_overrides to silence)
2026-06-10 02:22:05,043 alpasim_carla.registry INFO spawned track_id=41 blueprint=vehicle.tesla.model3 decision=dims_heuristic[no-label] bbox_offset=(0.02922605536878109, 2.5928019908860733e-07, 0.735876739025116)
2026-06-10 02:22:05,043 alpasim_carla.registry WARNING blueprint_fallback track_id=29 label='' dims=4.50x1.90x1.60 -> vehicle.tesla.model3 (car-like dims heuristic; add the label to the scene manifest blueprint_overrides to silence)
2026-06-10 02:22:05,046 alpasim_carla.registry INFO spawned track_id=29 blueprint=vehicle.tesla.model3 decision=dims_heuristic[no-label] bbox_offset=(0.029213156551122665, -1.0469834705872927e-06, 0.7358741760253906)
2026-06-10 02:22:05,046 alpasim_carla.registry WARNING blueprint_fallback track_id=17 label='' dims=4.50x1.90x1.60 -> vehicle.tesla.model3 (car-like dims heuristic; add the label to the scene manifest blueprint_overrides to silence)
2026-06-10 02:22:05,048 alpasim_carla.registry INFO spawned track_id=17 blueprint=vehicle.tesla.model3 decision=dims_heuristic[no-label] bbox_offset=(0.029217611998319626, -9.311781923315721e-07, 0.7358749508857727)
2026-06-10 02:22:05,048 alpasim_carla.registry WARNING blueprint_fallback track_id=13 label='' dims=4.50x1.90x1.60 -> vehicle.tesla.model3 (car-like dims heuristic; add the label to the scene manifest blueprint_overrides to silence)
2026-06-10 02:22:05,051 alpasim_carla.registry INFO spawned track_id=13 blueprint=vehicle.tesla.model3 decision=dims_heuristic[no-label] bbox_offset=(0.02921273373067379, -1.1453637682734552e-07, 0.7358502149581909)
2026-06-10 02:22:05,051 alpasim_carla.registry WARNING blueprint_fallback track_id=30 label='' dims=4.50x1.90x1.60 -> vehicle.tesla.model3 (car-like dims heuristic; add the label to the scene manifest blueprint_overrides to silence)
2026-06-10 02:22:05,053 alpasim_carla.registry INFO spawned track_id=30 blueprint=vehicle.tesla.model3 decision=dims_heuristic[no-label] bbox_offset=(0.029207047075033188, -5.026440703659318e-07, 0.7358642220497131)
2026-06-10 02:22:05,053 alpasim_carla.registry WARNING blueprint_fallback track_id=14 label='' dims=4.50x1.90x1.60 -> vehicle.tesla.model3 (car-like dims heuristic; add the label to the scene manifest blueprint_overrides to silence)
2026-06-10 02:22:05,056 alpasim_carla.registry INFO spawned track_id=14 blueprint=vehicle.tesla.model3 decision=dims_heuristic[no-label] bbox_offset=(0.029216501861810684, -3.00407407394232e-07, 0.7358508706092834)
2026-06-10 02:22:05,056 alpasim_carla.registry WARNING blueprint_fallback track_id=42 label='' dims=4.50x1.90x1.60 -> vehicle.tesla.model3 (car-like dims heuristic; add the label to the scene manifest blueprint_overrides to silence)
2026-06-10 02:22:05,058 alpasim_carla.registry INFO spawned track_id=42 blueprint=vehicle.tesla.model3 decision=dims_heuristic[no-label] bbox_offset=(0.029237331822514534, 7.557868570984283e-07, 0.7358641624450684)
2026-06-10 02:22:05,071 alpasim_carla.world INFO Created pooled RGB sensor 1900x1080 fov=118.47 (pool size 1)
2026-06-10 02:22:05,269 alpasim_carla.world INFO approximation scene=clipgt-01d503d4-449b-46fc-8d78-9085e70d3554 camera=camera_front_wide_120fov: ftheta approximated as pinhole, hfov=118.36 deg from pixeldist_to_angle polynomial at r=950px
2026-06-10 02:22:05,269 alpasim_carla.world INFO approximation scene=clipgt-01d503d4-449b-46fc-8d78-9085e70d3554 camera=camera_front_wide_120fov: rolling shutter rendered as global shutter
2026-06-10 02:22:05,280 alpasim_carla.world INFO Created pooled RGB sensor 1900x1080 fov=118.36 (pool size 2)
2026-06-10 02:22:05,460 alpasim_carla.world INFO approximation scene=clipgt-01d503d4-449b-46fc-8d78-9085e70d3554 camera=camera_front_tele_30fov: ftheta approximated as pinhole, hfov=29.47 deg from pixeldist_to_angle polynomial at r=950px
2026-06-10 02:22:05,460 alpasim_carla.world INFO approximation scene=clipgt-01d503d4-449b-46fc-8d78-9085e70d3554 camera=camera_front_tele_30fov: rolling shutter rendered as global shutter
2026-06-10 02:22:05,472 alpasim_carla.world INFO Created pooled RGB sensor 1900x1080 fov=29.47 (pool size 3)
2026-06-10 02:22:05,753 alpasim_carla.world INFO approximation scene=clipgt-01d503d4-449b-46fc-8d78-9085e70d3554 camera=camera_cross_right_120fov: ftheta approximated as pinhole, hfov=118.93 deg from pixeldist_to_angle polynomial at r=950px
2026-06-10 02:22:05,753 alpasim_carla.world INFO approximation scene=clipgt-01d503d4-449b-46fc-8d78-9085e70d3554 camera=camera_cross_right_120fov: rolling shutter rendered as global shutter
2026-06-10 02:22:05,766 alpasim_carla.world INFO Created pooled RGB sensor 1900x1080 fov=118.93 (pool size 4)
2026-06-10 02:22:06,094 alpasim_carla.world INFO approximation scene=clipgt-01d503d4-449b-46fc-8d78-9085e70d3554 camera=camera_front_tele_30fov: ftheta approximated as pinhole, hfov=29.47 deg from pixeldist_to_angle polynomial at r=950px
2026-06-10 02:22:06,094 alpasim_carla.world INFO approximation scene=clipgt-01d503d4-449b-46fc-8d78-9085e70d3554 camera=camera_front_tele_30fov: rolling shutter rendered as global shutter
2026-06-10 02:22:06,291 alpasim_carla.world INFO approximation scene=clipgt-01d503d4-449b-46fc-8d78-9085e70d3554 camera=camera_cross_right_120fov: ftheta approximated as pinhole, hfov=118.93 deg from pixeldist_to_angle polynomial at r=950px
2026-06-10 02:22:06,291 alpasim_carla.world INFO approximation scene=clipgt-01d503d4-449b-46fc-8d78-9085e70d3554 camera=camera_cross_right_120fov: rolling shutter rendered as global shutter
2026-06-10 02:22:06,494 alpasim_carla.world INFO approximation scene=clipgt-01d503d4-449b-46fc-8d78-9085e70d3554 camera=camera_front_wide_120fov: ftheta approximated as pinhole, hfov=118.36 deg from pixeldist_to_angle polynomial at r=950px
2026-06-10 02:22:06,494 alpasim_carla.world INFO approximation scene=clipgt-01d503d4-449b-46fc-8d78-9085e70d3554 camera=camera_front_wide_120fov: rolling shutter rendered as global shutter
2026-06-10 02:22:06,634 alpasim_carla.world INFO approximation scene=clipgt-01d503d4-449b-46fc-8d78-9085e70d3554 camera=camera_cross_left_120fov: ftheta approximated as pinhole, hfov=118.47 deg from pixeldist_to_angle polynomial at r=950px
2026-06-10 02:22:06,634 alpasim_carla.world INFO approximation scene=clipgt-01d503d4-449b-46fc-8d78-9085e70d3554 camera=camera_cross_left_120fov: rolling shutter rendered as global shutter
2026-06-10 02:22:06,849 alpasim_carla.world INFO approximation scene=clipgt-01d503d4-449b-46fc-8d78-9085e70d3554 camera=camera_front_wide_120fov: ftheta approximated as pinhole, hfov=118.36 deg from pixeldist_to_angle polynomial at r=950px
2026-06-10 02:22:06,849 alpasim_carla.world INFO approximation scene=clipgt-01d503d4-449b-46fc-8d78-9085e70d3554 camera=camera_front_wide_120fov: rolling shutter rendered as global shutter
2026-06-10 02:22:06,988 alpasim_carla.world INFO approximation scene=clipgt-01d503d4-449b-46fc-8d78-9085e70d3554 camera=camera_cross_left_120fov: ftheta approximated as pinhole, hfov=118.47 deg from pixeldist_to_angle polynomial at r=950px
2026-06-10 02:22:06,988 alpasim_carla.world INFO approximation scene=clipgt-01d503d4-449b-46fc-8d78-9085e70d3554 camera=camera_cross_left_120fov: rolling shutter rendered as global shutter
2026-06-10 02:22:07,094 alpasim_carla.world INFO approximation scene=clipgt-01d503d4-449b-46fc-8d78-9085e70d3554 camera=camera_front_tele_30fov: ftheta approximated as pinhole, hfov=29.47 deg from pixeldist_to_angle polynomial at r=950px
2026-06-10 02:22:07,094 alpasim_carla.world INFO approximation scene=clipgt-01d503d4-449b-46fc-8d78-9085e70d3554 camera=camera_front_tele_30fov: rolling shutter rendered as global shutter
2026-06-10 02:22:07,282 alpasim_carla.world INFO approximation scene=clipgt-01d503d4-449b-46fc-8d78-9085e70d3554 camera=camera_cross_right_120fov: ftheta approximated as pinhole, hfov=118.93 deg from pixeldist_to_angle polynomial at r=950px
2026-06-10 02:22:07,282 alpasim_carla.world INFO approximation scene=clipgt-01d503d4-449b-46fc-8d78-9085e70d3554 camera=camera_cross_right_120fov: rolling shutter rendered as global shutter
2026-06-10 02:22:07,499 alpasim_carla.world INFO approximation scene=clipgt-01d503d4-449b-46fc-8d78-9085e70d3554 camera=camera_front_tele_30fov: ftheta approximated as pinhole, hfov=29.47 deg from pixeldist_to_angle polynomial at r=950px
2026-06-10 02:22:07,499 alpasim_carla.world INFO approximation scene=clipgt-01d503d4-449b-46fc-8d78-9085e70d3554 camera=camera_front_tele_30fov: rolling shutter rendered as global shutter
2026-06-10 02:22:07,675 alpasim_carla.world INFO approximation scene=clipgt-01d503d4-449b-46fc-8d78-9085e70d3554 camera=camera_cross_right_120fov: ftheta approximated as pinhole, hfov=118.93 deg from pixeldist_to_angle polynomial at r=950px
2026-06-10 02:22:07,675 alpasim_carla.world INFO approximation scene=clipgt-01d503d4-449b-46fc-8d78-9085e70d3554 camera=camera_cross_right_120fov: rolling shutter rendered as global shutter
2026-06-10 02:22:07,932 alpasim_carla.world INFO approximation scene=clipgt-01d503d4-449b-46fc-8d78-9085e70d3554 camera=camera_front_wide_120fov: ftheta approximated as pinhole, hfov=118.36 deg from pixeldist_to_angle polynomial at r=950px
2026-06-10 02:22:07,932 alpasim_carla.world INFO approximation scene=clipgt-01d503d4-449b-46fc-8d78-9085e70d3554 camera=camera_front_wide_120fov: rolling shutter rendered as global shutter
2026-06-10 02:22:08,086 alpasim_carla.world INFO approximation scene=clipgt-01d503d4-449b-46fc-8d78-9085e70d3554 camera=camera_cross_left_120fov: ftheta approximated as pinhole, hfov=118.47 deg from pixeldist_to_angle polynomial at r=950px
2026-06-10 02:22:08,086 alpasim_carla.world INFO approximation scene=clipgt-01d503d4-449b-46fc-8d78-9085e70d3554 camera=camera_cross_left_120fov: rolling shutter rendered as global shutter
2026-06-10 02:22:08,216 alpasim_carla.world INFO approximation scene=clipgt-01d503d4-449b-46fc-8d78-9085e70d3554 camera=camera_front_wide_120fov: ftheta approximated as pinhole, hfov=118.36 deg from pixeldist_to_angle polynomial at r=950px
2026-06-10 02:22:08,216 alpasim_carla.world INFO approximation scene=clipgt-01d503d4-449b-46fc-8d78-9085e70d3554 camera=camera_front_wide_120fov: rolling shutter rendered as global shutter
2026-06-10 02:22:08,345 alpasim_carla.world INFO approximation scene=clipgt-01d503d4-449b-46fc-8d78-9085e70d3554 camera=camera_cross_left_120fov: ftheta approximated as pinhole, hfov=118.47 deg from pixeldist_to_angle polynomial at r=950px
2026-06-10 02:22:08,345 alpasim_carla.world INFO approximation scene=clipgt-01d503d4-449b-46fc-8d78-9085e70d3554 camera=camera_cross_left_120fov: rolling shutter rendered as global shutter
2026-06-10 02:22:08,452 alpasim_carla.world INFO approximation scene=clipgt-01d503d4-449b-46fc-8d78-9085e70d3554 camera=camera_front_tele_30fov: ftheta approximated as pinhole, hfov=29.47 deg from pixeldist_to_angle polynomial at r=950px
2026-06-10 02:22:08,452 alpasim_carla.world INFO approximation scene=clipgt-01d503d4-449b-46fc-8d78-9085e70d3554 camera=camera_front_tele_30fov: rolling shutter rendered as global shutter
2026-06-10 02:22:08,640 alpasim_carla.world INFO approximation scene=clipgt-01d503d4-449b-46fc-8d78-9085e70d3554 camera=camera_cross_right_120fov: ftheta approximated as pinhole, hfov=118.93 deg from pixeldist_to_angle polynomial at r=950px
2026-06-10 02:22:08,640 alpasim_carla.world INFO approximation scene=clipgt-01d503d4-449b-46fc-8d78-9085e70d3554 camera=camera_cross_right_120fov: rolling shutter rendered as global shutter
2026-06-10 02:22:08,881 alpasim_carla.world INFO approximation scene=clipgt-01d503d4-449b-46fc-8d78-9085e70d3554 camera=camera_cross_left_120fov: ftheta approximated as pinhole, hfov=118.47 deg from pixeldist_to_angle polynomial at r=950px
2026-06-10 02:22:08,881 alpasim_carla.world INFO approximation scene=clipgt-01d503d4-449b-46fc-8d78-9085e70d3554 camera=camera_cross_left_120fov: rolling shutter rendered as global shutter
2026-06-10 02:22:09,024 alpasim_carla.world INFO approximation scene=clipgt-01d503d4-449b-46fc-8d78-9085e70d3554 camera=camera_front_tele_30fov: ftheta approximated as pinhole, hfov=29.47 deg from pixeldist_to_angle polynomial at r=950px
2026-06-10 02:22:09,025 alpasim_carla.world INFO approximation scene=clipgt-01d503d4-449b-46fc-8d78-9085e70d3554 camera=camera_front_tele_30fov: rolling shutter rendered as global shutter
2026-06-10 02:22:09,191 alpasim_carla.world INFO approximation scene=clipgt-01d503d4-449b-46fc-8d78-9085e70d3554 camera=camera_front_wide_120fov: ftheta approximated as pinhole, hfov=118.36 deg from pixeldist_to_angle polynomial at r=950px
2026-06-10 02:22:09,191 alpasim_carla.world INFO approximation scene=clipgt-01d503d4-449b-46fc-8d78-9085e70d3554 camera=camera_front_wide_120fov: rolling shutter rendered as global shutter
2026-06-10 02:22:09,331 alpasim_carla.world INFO approximation scene=clipgt-01d503d4-449b-46fc-8d78-9085e70d3554 camera=camera_cross_right_120fov: ftheta approximated as pinhole, hfov=118.93 deg from pixeldist_to_angle polynomial at r=950px
2026-06-10 02:22:09,331 alpasim_carla.world INFO approximation scene=clipgt-01d503d4-449b-46fc-8d78-9085e70d3554 camera=camera_cross_right_120fov: rolling shutter rendered as global shutter
2026-06-10 02:22:09,556 alpasim_carla.world INFO approximation scene=clipgt-01d503d4-449b-46fc-8d78-9085e70d3554 camera=camera_front_wide_120fov: ftheta approximated as pinhole, hfov=118.36 deg from pixeldist_to_angle polynomial at r=950px
2026-06-10 02:22:09,556 alpasim_carla.world INFO approximation scene=clipgt-01d503d4-449b-46fc-8d78-9085e70d3554 camera=camera_front_wide_120fov: rolling shutter rendered as global shutter
2026-06-10 02:22:09,704 alpasim_carla.world INFO approximation scene=clipgt-01d503d4-449b-46fc-8d78-9085e70d3554 camera=camera_cross_right_120fov: ftheta approximated as pinhole, hfov=118.93 deg from pixeldist_to_angle polynomial at r=950px
2026-06-10 02:22:09,704 alpasim_carla.world INFO approximation scene=clipgt-01d503d4-449b-46fc-8d78-9085e70d3554 camera=camera_cross_right_120fov: rolling shutter rendered as global shutter
2026-06-10 02:22:09,919 alpasim_carla.world INFO approximation scene=clipgt-01d503d4-449b-46fc-8d78-9085e70d3554 camera=camera_cross_left_120fov: ftheta approximated as pinhole, hfov=118.47 deg from pixeldist_to_angle polynomial at r=950px
2026-06-10 02:22:09,919 alpasim_carla.world INFO approximation scene=clipgt-01d503d4-449b-46fc-8d78-9085e70d3554 camera=camera_cross_left_120fov: rolling shutter rendered as global shutter
2026-06-10 02:22:10,142 alpasim_carla.world INFO approximation scene=clipgt-01d503d4-449b-46fc-8d78-9085e70d3554 camera=camera_front_tele_30fov: ftheta approximated as pinhole, hfov=29.47 deg from pixeldist_to_angle polynomial at r=950px
2026-06-10 02:22:10,142 alpasim_carla.world INFO approximation scene=clipgt-01d503d4-449b-46fc-8d78-9085e70d3554 camera=camera_front_tele_30fov: rolling shutter rendered as global shutter
2026-06-10 02:22:10,344 alpasim_carla.world INFO approximation scene=clipgt-01d503d4-449b-46fc-8d78-9085e70d3554 camera=camera_cross_left_120fov: ftheta approximated as pinhole, hfov=118.47 deg from pixeldist_to_angle polynomial at r=950px
2026-06-10 02:22:10,344 alpasim_carla.world INFO approximation scene=clipgt-01d503d4-449b-46fc-8d78-9085e70d3554 camera=camera_cross_left_120fov: rolling shutter rendered as global shutter
2026-06-10 02:22:10,453 alpasim_carla.world INFO approximation scene=clipgt-01d503d4-449b-46fc-8d78-9085e70d3554 camera=camera_front_tele_30fov: ftheta approximated as pinhole, hfov=29.47 deg from pixeldist_to_angle polynomial at r=950px
2026-06-10 02:22:10,453 alpasim_carla.world INFO approximation scene=clipgt-01d503d4-449b-46fc-8d78-9085e70d3554 camera=camera_front_tele_30fov: rolling shutter rendered as global shutter
2026-06-10 02:22:10,638 alpasim_carla.world INFO approximation scene=clipgt-01d503d4-449b-46fc-8d78-9085e70d3554 camera=camera_front_wide_120fov: ftheta approximated as pinhole, hfov=118.36 deg from pixeldist_to_angle polynomial at r=950px
2026-06-10 02:22:10,638 alpasim_carla.world INFO approximation scene=clipgt-01d503d4-449b-46fc-8d78-9085e70d3554 camera=camera_front_wide_120fov: rolling shutter rendered as global shutter
2026-06-10 02:22:10,767 alpasim_carla.world INFO approximation scene=clipgt-01d503d4-449b-46fc-8d78-9085e70d3554 camera=camera_cross_right_120fov: ftheta approximated as pinhole, hfov=118.93 deg from pixeldist_to_angle polynomial at r=950px
2026-06-10 02:22:10,767 alpasim_carla.world INFO approximation scene=clipgt-01d503d4-449b-46fc-8d78-9085e70d3554 camera=camera_cross_right_120fov: rolling shutter rendered as global shutter
2026-06-10 02:22:10,985 alpasim_carla.world INFO approximation scene=clipgt-01d503d4-449b-46fc-8d78-9085e70d3554 camera=camera_front_tele_30fov: ftheta approximated as pinhole, hfov=29.47 deg from pixeldist_to_angle polynomial at r=950px
2026-06-10 02:22:10,985 alpasim_carla.world INFO approximation scene=clipgt-01d503d4-449b-46fc-8d78-9085e70d3554 camera=camera_front_tele_30fov: rolling shutter rendered as global shutter
2026-06-10 02:22:11,711 alpasim_carla.world INFO approximation scene=clipgt-01d503d4-449b-46fc-8d78-9085e70d3554 camera=camera_front_wide_120fov: ftheta approximated as pinhole, hfov=118.36 deg from pixeldist_to_angle polynomial at r=950px
2026-06-10 02:22:11,711 alpasim_carla.world INFO approximation scene=clipgt-01d503d4-449b-46fc-8d78-9085e70d3554 camera=camera_front_wide_120fov: rolling shutter rendered as global shutter
2026-06-10 02:22:11,873 alpasim_carla.world INFO approximation scene=clipgt-01d503d4-449b-46fc-8d78-9085e70d3554 camera=camera_cross_left_120fov: ftheta approximated as pinhole, hfov=118.47 deg from pixeldist_to_angle polynomial at r=950px
2026-06-10 02:22:11,873 alpasim_carla.world INFO approximation scene=clipgt-01d503d4-449b-46fc-8d78-9085e70d3554 camera=camera_cross_left_120fov: rolling shutter rendered as global shutter
2026-06-10 02:22:11,980 alpasim_carla.world INFO approximation scene=clipgt-01d503d4-449b-46fc-8d78-9085e70d3554 camera=camera_cross_right_120fov: ftheta approximated as pinhole, hfov=118.93 deg from pixeldist_to_angle polynomial at r=950px
2026-06-10 02:22:11,980 alpasim_carla.world INFO approximation scene=clipgt-01d503d4-449b-46fc-8d78-9085e70d3554 camera=camera_cross_right_120fov: rolling shutter rendered as global shutter
2026-06-10 02:22:12,222 alpasim_carla.world INFO approximation scene=clipgt-01d503d4-449b-46fc-8d78-9085e70d3554 camera=camera_cross_left_120fov: ftheta approximated as pinhole, hfov=118.47 deg from pixeldist_to_angle polynomial at r=950px
2026-06-10 02:22:12,222 alpasim_carla.world INFO approximation scene=clipgt-01d503d4-449b-46fc-8d78-9085e70d3554 camera=camera_cross_left_120fov: rolling shutter rendered as global shutter
2026-06-10 02:22:12,320 alpasim_carla.world INFO approximation scene=clipgt-01d503d4-449b-46fc-8d78-9085e70d3554 camera=camera_cross_right_120fov: ftheta approximated as pinhole, hfov=118.93 deg from pixeldist_to_angle polynomial at r=950px
2026-06-10 02:22:12,320 alpasim_carla.world INFO approximation scene=clipgt-01d503d4-449b-46fc-8d78-9085e70d3554 camera=camera_cross_right_120fov: rolling shutter rendered as global shutter
2026-06-10 02:22:12,525 alpasim_carla.world INFO approximation scene=clipgt-01d503d4-449b-46fc-8d78-9085e70d3554 camera=camera_front_tele_30fov: ftheta approximated as pinhole, hfov=29.47 deg from pixeldist_to_angle polynomial at r=950px
2026-06-10 02:22:12,525 alpasim_carla.world INFO approximation scene=clipgt-01d503d4-449b-46fc-8d78-9085e70d3554 camera=camera_front_tele_30fov: rolling shutter rendered as global shutter
2026-06-10 02:22:12,695 alpasim_carla.world INFO approximation scene=clipgt-01d503d4-449b-46fc-8d78-9085e70d3554 camera=camera_front_wide_120fov: ftheta approximated as pinhole, hfov=118.36 deg from pixeldist_to_angle polynomial at r=950px
2026-06-10 02:22:12,695 alpasim_carla.world INFO approximation scene=clipgt-01d503d4-449b-46fc-8d78-9085e70d3554 camera=camera_front_wide_120fov: rolling shutter rendered as global shutter
2026-06-10 02:22:12,869 alpasim_carla.world INFO approximation scene=clipgt-01d503d4-449b-46fc-8d78-9085e70d3554 camera=camera_front_tele_30fov: ftheta approximated as pinhole, hfov=29.47 deg from pixeldist_to_angle polynomial at r=950px
2026-06-10 02:22:12,869 alpasim_carla.world INFO approximation scene=clipgt-01d503d4-449b-46fc-8d78-9085e70d3554 camera=camera_front_tele_30fov: rolling shutter rendered as global shutter
2026-06-10 02:22:12,871 alpasim_carla.registry WARNING blueprint_fallback track_id=65 label='' dims=4.50x1.90x1.60 -> vehicle.tesla.model3 (car-like dims heuristic; add the label to the scene manifest blueprint_overrides to silence)
2026-06-10 02:22:12,876 alpasim_carla.registry INFO spawned track_id=65 blueprint=vehicle.tesla.model3 decision=dims_heuristic[no-label] bbox_offset=(0.029220210388302803, 9.03367981663905e-06, 0.7358781099319458)
2026-06-10 02:22:13,036 alpasim_carla.world INFO approximation scene=clipgt-01d503d4-449b-46fc-8d78-9085e70d3554 camera=camera_front_wide_120fov: ftheta approximated as pinhole, hfov=118.36 deg from pixeldist_to_angle polynomial at r=950px
2026-06-10 02:22:13,036 alpasim_carla.world INFO approximation scene=clipgt-01d503d4-449b-46fc-8d78-9085e70d3554 camera=camera_front_wide_120fov: rolling shutter rendered as global shutter
2026-06-10 02:22:13,159 alpasim_carla.world INFO approximation scene=clipgt-01d503d4-449b-46fc-8d78-9085e70d3554 camera=camera_cross_left_120fov: ftheta approximated as pinhole, hfov=118.47 deg from pixeldist_to_angle polynomial at r=950px
2026-06-10 02:22:13,160 alpasim_carla.world INFO approximation scene=clipgt-01d503d4-449b-46fc-8d78-9085e70d3554 camera=camera_cross_left_120fov: rolling shutter rendered as global shutter
2026-06-10 02:22:13,280 alpasim_carla.world INFO approximation scene=clipgt-01d503d4-449b-46fc-8d78-9085e70d3554 camera=camera_cross_right_120fov: ftheta approximated as pinhole, hfov=118.93 deg from pixeldist_to_angle polynomial at r=950px
2026-06-10 02:22:13,280 alpasim_carla.world INFO approximation scene=clipgt-01d503d4-449b-46fc-8d78-9085e70d3554 camera=camera_cross_right_120fov: rolling shutter rendered as global shutter
2026-06-10 02:22:13,501 alpasim_carla.world INFO approximation scene=clipgt-01d503d4-449b-46fc-8d78-9085e70d3554 camera=camera_front_wide_120fov: ftheta approximated as pinhole, hfov=118.36 deg from pixeldist_to_angle polynomial at r=950px
2026-06-10 02:22:13,501 alpasim_carla.world INFO approximation scene=clipgt-01d503d4-449b-46fc-8d78-9085e70d3554 camera=camera_front_wide_120fov: rolling shutter rendered as global shutter
2026-06-10 02:22:13,645 alpasim_carla.world INFO approximation scene=clipgt-01d503d4-449b-46fc-8d78-9085e70d3554 camera=camera_cross_left_120fov: ftheta approximated as pinhole, hfov=118.47 deg from pixeldist_to_angle polynomial at r=950px
2026-06-10 02:22:13,645 alpasim_carla.world INFO approximation scene=clipgt-01d503d4-449b-46fc-8d78-9085e70d3554 camera=camera_cross_left_120fov: rolling shutter rendered as global shutter
2026-06-10 02:22:13,748 alpasim_carla.world INFO approximation scene=clipgt-01d503d4-449b-46fc-8d78-9085e70d3554 camera=camera_front_tele_30fov: ftheta approximated as pinhole, hfov=29.47 deg from pixeldist_to_angle polynomial at r=950px
2026-06-10 02:22:13,748 alpasim_carla.world INFO approximation scene=clipgt-01d503d4-449b-46fc-8d78-9085e70d3554 camera=camera_front_tele_30fov: rolling shutter rendered as global shutter
2026-06-10 02:22:13,909 alpasim_carla.world INFO approximation scene=clipgt-01d503d4-449b-46fc-8d78-9085e70d3554 camera=camera_cross_right_120fov: ftheta approximated as pinhole, hfov=118.93 deg from pixeldist_to_angle polynomial at r=950px
2026-06-10 02:22:13,909 alpasim_carla.world INFO approximation scene=clipgt-01d503d4-449b-46fc-8d78-9085e70d3554 camera=camera_cross_right_120fov: rolling shutter rendered as global shutter
2026-06-10 02:22:14,135 alpasim_carla.world INFO approximation scene=clipgt-01d503d4-449b-46fc-8d78-9085e70d3554 camera=camera_front_tele_30fov: ftheta approximated as pinhole, hfov=29.47 deg from pixeldist_to_angle polynomial at r=950px
2026-06-10 02:22:14,135 alpasim_carla.world INFO approximation scene=clipgt-01d503d4-449b-46fc-8d78-9085e70d3554 camera=camera_front_tele_30fov: rolling shutter rendered as global shutter
2026-06-10 02:22:14,137 alpasim_carla.registry WARNING blueprint_fallback track_id=67 label='' dims=4.50x1.90x1.60 -> vehicle.tesla.model3 (car-like dims heuristic; add the label to the scene manifest blueprint_overrides to silence)
2026-06-10 02:22:14,140 alpasim_carla.registry INFO spawned track_id=67 blueprint=vehicle.tesla.model3 decision=dims_heuristic[no-label] bbox_offset=(0.029220115393400192, -5.662441253662109e-07, 0.7358764410018921)
2026-06-10 02:22:14,302 alpasim_carla.world INFO approximation scene=clipgt-01d503d4-449b-46fc-8d78-9085e70d3554 camera=camera_cross_right_120fov: ftheta approximated as pinhole, hfov=118.93 deg from pixeldist_to_angle polynomial at r=950px
2026-06-10 02:22:14,302 alpasim_carla.world INFO approximation scene=clipgt-01d503d4-449b-46fc-8d78-9085e70d3554 camera=camera_cross_right_120fov: rolling shutter rendered as global shutter
2026-06-10 02:22:14,508 alpasim_carla.world INFO approximation scene=clipgt-01d503d4-449b-46fc-8d78-9085e70d3554 camera=camera_front_wide_120fov: ftheta approximated as pinhole, hfov=118.36 deg from pixeldist_to_angle polynomial at r=950px
2026-06-10 02:22:14,508 alpasim_carla.world INFO approximation scene=clipgt-01d503d4-449b-46fc-8d78-9085e70d3554 camera=camera_front_wide_120fov: rolling shutter rendered as global shutter
2026-06-10 02:22:14,633 alpasim_carla.world INFO approximation scene=clipgt-01d503d4-449b-46fc-8d78-9085e70d3554 camera=camera_cross_left_120fov: ftheta approximated as pinhole, hfov=118.47 deg from pixeldist_to_angle polynomial at r=950px
2026-06-10 02:22:14,633 alpasim_carla.world INFO approximation scene=clipgt-01d503d4-449b-46fc-8d78-9085e70d3554 camera=camera_cross_left_120fov: rolling shutter rendered as global shutter
2026-06-10 02:22:14,771 alpasim_carla.world INFO approximation scene=clipgt-01d503d4-449b-46fc-8d78-9085e70d3554 camera=camera_front_wide_120fov: ftheta approximated as pinhole, hfov=118.36 deg from pixeldist_to_angle polynomial at r=950px
2026-06-10 02:22:14,772 alpasim_carla.world INFO approximation scene=clipgt-01d503d4-449b-46fc-8d78-9085e70d3554 camera=camera_front_wide_120fov: rolling shutter rendered as global shutter
2026-06-10 02:22:14,775 alpasim_carla.registry WARNING blueprint_fallback track_id=68 label='' dims=4.50x1.90x1.60 -> vehicle.tesla.model3 (car-like dims heuristic; add the label to the scene manifest blueprint_overrides to silence)
2026-06-10 02:22:14,779 alpasim_carla.registry INFO spawned track_id=68 blueprint=vehicle.tesla.model3 decision=dims_heuristic[no-label] bbox_offset=(0.029207266867160797, 4.208087887036527e-07, 0.7358740568161011)
2026-06-10 02:22:15,011 alpasim_carla.world INFO approximation scene=clipgt-01d503d4-449b-46fc-8d78-9085e70d3554 camera=camera_cross_left_120fov: ftheta approximated as pinhole, hfov=118.47 deg from pixeldist_to_angle polynomial at r=950px
2026-06-10 02:22:15,011 alpasim_carla.world INFO approximation scene=clipgt-01d503d4-449b-46fc-8d78-9085e70d3554 camera=camera_cross_left_120fov: rolling shutter rendered as global shutter
2026-06-10 02:22:15,123 alpasim_carla.world INFO approximation scene=clipgt-01d503d4-449b-46fc-8d78-9085e70d3554 camera=camera_front_tele_30fov: ftheta approximated as pinhole, hfov=29.47 deg from pixeldist_to_angle polynomial at r=950px
2026-06-10 02:22:15,123 alpasim_carla.world INFO approximation scene=clipgt-01d503d4-449b-46fc-8d78-9085e70d3554 camera=camera_front_tele_30fov: rolling shutter rendered as global shutter
2026-06-10 02:22:15,301 alpasim_carla.world INFO approximation scene=clipgt-01d503d4-449b-46fc-8d78-9085e70d3554 camera=camera_cross_right_120fov: ftheta approximated as pinhole, hfov=118.93 deg from pixeldist_to_angle polynomial at r=950px
2026-06-10 02:22:15,301 alpasim_carla.world INFO approximation scene=clipgt-01d503d4-449b-46fc-8d78-9085e70d3554 camera=camera_cross_right_120fov: rolling shutter rendered as global shutter
2026-06-10 02:22:15,509 alpasim_carla.world INFO approximation scene=clipgt-01d503d4-449b-46fc-8d78-9085e70d3554 camera=camera_cross_left_120fov: ftheta approximated as pinhole, hfov=118.47 deg from pixeldist_to_angle polynomial at r=950px
2026-06-10 02:22:15,509 alpasim_carla.world INFO approximation scene=clipgt-01d503d4-449b-46fc-8d78-9085e70d3554 camera=camera_cross_left_120fov: rolling shutter rendered as global shutter
2026-06-10 02:22:15,609 alpasim_carla.world INFO approximation scene=clipgt-01d503d4-449b-46fc-8d78-9085e70d3554 camera=camera_front_tele_30fov: ftheta approximated as pinhole, hfov=29.47 deg from pixeldist_to_angle polynomial at r=950px
2026-06-10 02:22:15,609 alpasim_carla.world INFO approximation scene=clipgt-01d503d4-449b-46fc-8d78-9085e70d3554 camera=camera_front_tele_30fov: rolling shutter rendered as global shutter
2026-06-10 02:22:15,782 alpasim_carla.world INFO approximation scene=clipgt-01d503d4-449b-46fc-8d78-9085e70d3554 camera=camera_front_wide_120fov: ftheta approximated as pinhole, hfov=118.36 deg from pixeldist_to_angle polynomial at r=950px
2026-06-10 02:22:15,783 alpasim_carla.world INFO approximation scene=clipgt-01d503d4-449b-46fc-8d78-9085e70d3554 camera=camera_front_wide_120fov: rolling shutter rendered as global shutter
2026-06-10 02:22:15,914 alpasim_carla.world INFO approximation scene=clipgt-01d503d4-449b-46fc-8d78-9085e70d3554 camera=camera_cross_right_120fov: ftheta approximated as pinhole, hfov=118.93 deg from pixeldist_to_angle polynomial at r=950px
2026-06-10 02:22:15,914 alpasim_carla.world INFO approximation scene=clipgt-01d503d4-449b-46fc-8d78-9085e70d3554 camera=camera_cross_right_120fov: rolling shutter rendered as global shutter
2026-06-10 02:22:16,143 alpasim_carla.world INFO approximation scene=clipgt-01d503d4-449b-46fc-8d78-9085e70d3554 camera=camera_front_wide_120fov: ftheta approximated as pinhole, hfov=118.36 deg from pixeldist_to_angle polynomial at r=950px
2026-06-10 02:22:16,143 alpasim_carla.world INFO approximation scene=clipgt-01d503d4-449b-46fc-8d78-9085e70d3554 camera=camera_front_wide_120fov: rolling shutter rendered as global shutter
2026-06-10 02:22:16,269 alpasim_carla.world INFO approximation scene=clipgt-01d503d4-449b-46fc-8d78-9085e70d3554 camera=camera_cross_right_120fov: ftheta approximated as pinhole, hfov=118.93 deg from pixeldist_to_angle polynomial at r=950px
2026-06-10 02:22:16,270 alpasim_carla.world INFO approximation scene=clipgt-01d503d4-449b-46fc-8d78-9085e70d3554 camera=camera_cross_right_120fov: rolling shutter rendered as global shutter
2026-06-10 02:22:16,451 alpasim_carla.world INFO approximation scene=clipgt-01d503d4-449b-46fc-8d78-9085e70d3554 camera=camera_cross_left_120fov: ftheta approximated as pinhole, hfov=118.47 deg from pixeldist_to_angle polynomial at r=950px
2026-06-10 02:22:16,451 alpasim_carla.world INFO approximation scene=clipgt-01d503d4-449b-46fc-8d78-9085e70d3554 camera=camera_cross_left_120fov: rolling shutter rendered as global shutter
2026-06-10 02:22:16,557 alpasim_carla.world INFO approximation scene=clipgt-01d503d4-449b-46fc-8d78-9085e70d3554 camera=camera_front_tele_30fov: ftheta approximated as pinhole, hfov=29.47 deg from pixeldist_to_angle polynomial at r=950px
2026-06-10 02:22:16,557 alpasim_carla.world INFO approximation scene=clipgt-01d503d4-449b-46fc-8d78-9085e70d3554 camera=camera_front_tele_30fov: rolling shutter rendered as global shutter
2026-06-10 02:22:16,772 alpasim_carla.world INFO approximation scene=clipgt-01d503d4-449b-46fc-8d78-9085e70d3554 camera=camera_cross_left_120fov: ftheta approximated as pinhole, hfov=118.47 deg from pixeldist_to_angle polynomial at r=950px
2026-06-10 02:22:16,772 alpasim_carla.world INFO approximation scene=clipgt-01d503d4-449b-46fc-8d78-9085e70d3554 camera=camera_cross_left_120fov: rolling shutter rendered as global shutter
2026-06-10 02:22:16,881 alpasim_carla.world INFO approximation scene=clipgt-01d503d4-449b-46fc-8d78-9085e70d3554 camera=camera_front_tele_30fov: ftheta approximated as pinhole, hfov=29.47 deg from pixeldist_to_angle polynomial at r=950px
2026-06-10 02:22:16,881 alpasim_carla.world INFO approximation scene=clipgt-01d503d4-449b-46fc-8d78-9085e70d3554 camera=camera_front_tele_30fov: rolling shutter rendered as global shutter
2026-06-10 02:22:17,076 alpasim_carla.world INFO approximation scene=clipgt-01d503d4-449b-46fc-8d78-9085e70d3554 camera=camera_front_wide_120fov: ftheta approximated as pinhole, hfov=118.36 deg from pixeldist_to_angle polynomial at r=950px
2026-06-10 02:22:17,076 alpasim_carla.world INFO approximation scene=clipgt-01d503d4-449b-46fc-8d78-9085e70d3554 camera=camera_front_wide_120fov: rolling shutter rendered as global shutter
2026-06-10 02:22:17,205 alpasim_carla.world INFO approximation scene=clipgt-01d503d4-449b-46fc-8d78-9085e70d3554 camera=camera_cross_right_120fov: ftheta approximated as pinhole, hfov=118.93 deg from pixeldist_to_angle polynomial at r=950px
2026-06-10 02:22:17,205 alpasim_carla.world INFO approximation scene=clipgt-01d503d4-449b-46fc-8d78-9085e70d3554 camera=camera_cross_right_120fov: rolling shutter rendered as global shutter
2026-06-10 02:22:17,438 alpasim_carla.world INFO approximation scene=clipgt-01d503d4-449b-46fc-8d78-9085e70d3554 camera=camera_front_tele_30fov: ftheta approximated as pinhole, hfov=29.47 deg from pixeldist_to_angle polynomial at r=950px
2026-06-10 02:22:17,438 alpasim_carla.world INFO approximation scene=clipgt-01d503d4-449b-46fc-8d78-9085e70d3554 camera=camera_front_tele_30fov: rolling shutter rendered as global shutter
2026-06-10 02:22:17,610 alpasim_carla.world INFO approximation scene=clipgt-01d503d4-449b-46fc-8d78-9085e70d3554 camera=camera_front_wide_120fov: ftheta approximated as pinhole, hfov=118.36 deg from pixeldist_to_angle polynomial at r=950px
2026-06-10 02:22:17,610 alpasim_carla.world INFO approximation scene=clipgt-01d503d4-449b-46fc-8d78-9085e70d3554 camera=camera_front_wide_120fov: rolling shutter rendered as global shutter
2026-06-10 02:22:17,744 alpasim_carla.world INFO approximation scene=clipgt-01d503d4-449b-46fc-8d78-9085e70d3554 camera=camera_cross_left_120fov: ftheta approximated as pinhole, hfov=118.47 deg from pixeldist_to_angle polynomial at r=950px
2026-06-10 02:22:17,744 alpasim_carla.world INFO approximation scene=clipgt-01d503d4-449b-46fc-8d78-9085e70d3554 camera=camera_cross_left_120fov: rolling shutter rendered as global shutter
2026-06-10 02:22:17,850 alpasim_carla.world INFO approximation scene=clipgt-01d503d4-449b-46fc-8d78-9085e70d3554 camera=camera_cross_right_120fov: ftheta approximated as pinhole, hfov=118.93 deg from pixeldist_to_angle polynomial at r=950px
2026-06-10 02:22:17,850 alpasim_carla.world INFO approximation scene=clipgt-01d503d4-449b-46fc-8d78-9085e70d3554 camera=camera_cross_right_120fov: rolling shutter rendered as global shutter
2026-06-10 02:22:18,073 alpasim_carla.world INFO approximation scene=clipgt-01d503d4-449b-46fc-8d78-9085e70d3554 camera=camera_cross_left_120fov: ftheta approximated as pinhole, hfov=118.47 deg from pixeldist_to_angle polynomial at r=950px
2026-06-10 02:22:18,073 alpasim_carla.world INFO approximation scene=clipgt-01d503d4-449b-46fc-8d78-9085e70d3554 camera=camera_cross_left_120fov: rolling shutter rendered as global shutter
2026-06-10 02:22:18,185 alpasim_carla.world INFO approximation scene=clipgt-01d503d4-449b-46fc-8d78-9085e70d3554 camera=camera_cross_right_120fov: ftheta approximated as pinhole, hfov=118.93 deg from pixeldist_to_angle polynomial at r=950px
2026-06-10 02:22:18,185 alpasim_carla.world INFO approximation scene=clipgt-01d503d4-449b-46fc-8d78-9085e70d3554 camera=camera_cross_right_120fov: rolling shutter rendered as global shutter
2026-06-10 02:22:18,390 alpasim_carla.world INFO approximation scene=clipgt-01d503d4-449b-46fc-8d78-9085e70d3554 camera=camera_front_tele_30fov: ftheta approximated as pinhole, hfov=29.47 deg from pixeldist_to_angle polynomial at r=950px
2026-06-10 02:22:18,390 alpasim_carla.world INFO approximation scene=clipgt-01d503d4-449b-46fc-8d78-9085e70d3554 camera=camera_front_tele_30fov: rolling shutter rendered as global shutter
2026-06-10 02:22:18,572 alpasim_carla.world INFO approximation scene=clipgt-01d503d4-449b-46fc-8d78-9085e70d3554 camera=camera_front_wide_120fov: ftheta approximated as pinhole, hfov=118.36 deg from pixeldist_to_angle polynomial at r=950px
2026-06-10 02:22:18,572 alpasim_carla.world INFO approximation scene=clipgt-01d503d4-449b-46fc-8d78-9085e70d3554 camera=camera_front_wide_120fov: rolling shutter rendered as global shutter
2026-06-10 02:22:18,732 alpasim_carla.world INFO approximation scene=clipgt-01d503d4-449b-46fc-8d78-9085e70d3554 camera=camera_front_tele_30fov: ftheta approximated as pinhole, hfov=29.47 deg from pixeldist_to_angle polynomial at r=950px
2026-06-10 02:22:18,732 alpasim_carla.world INFO approximation scene=clipgt-01d503d4-449b-46fc-8d78-9085e70d3554 camera=camera_front_tele_30fov: rolling shutter rendered as global shutter
2026-06-10 02:22:18,889 alpasim_carla.world INFO approximation scene=clipgt-01d503d4-449b-46fc-8d78-9085e70d3554 camera=camera_front_wide_120fov: ftheta approximated as pinhole, hfov=118.36 deg from pixeldist_to_angle polynomial at r=950px
2026-06-10 02:22:18,889 alpasim_carla.world INFO approximation scene=clipgt-01d503d4-449b-46fc-8d78-9085e70d3554 camera=camera_front_wide_120fov: rolling shutter rendered as global shutter
2026-06-10 02:22:19,023 alpasim_carla.world INFO approximation scene=clipgt-01d503d4-449b-46fc-8d78-9085e70d3554 camera=camera_cross_left_120fov: ftheta approximated as pinhole, hfov=118.47 deg from pixeldist_to_angle polynomial at r=950px
2026-06-10 02:22:19,023 alpasim_carla.world INFO approximation scene=clipgt-01d503d4-449b-46fc-8d78-9085e70d3554 camera=camera_cross_left_120fov: rolling shutter rendered as global shutter
2026-06-10 02:22:19,128 alpasim_carla.world INFO approximation scene=clipgt-01d503d4-449b-46fc-8d78-9085e70d3554 camera=camera_cross_right_120fov: ftheta approximated as pinhole, hfov=118.93 deg from pixeldist_to_angle polynomial at r=950px
2026-06-10 02:22:19,128 alpasim_carla.world INFO approximation scene=clipgt-01d503d4-449b-46fc-8d78-9085e70d3554 camera=camera_cross_right_120fov: rolling shutter rendered as global shutter
2026-06-10 02:22:19,411 alpasim_carla.world INFO approximation scene=clipgt-01d503d4-449b-46fc-8d78-9085e70d3554 camera=camera_front_wide_120fov: ftheta approximated as pinhole, hfov=118.36 deg from pixeldist_to_angle polynomial at r=950px
2026-06-10 02:22:19,411 alpasim_carla.world INFO approximation scene=clipgt-01d503d4-449b-46fc-8d78-9085e70d3554 camera=camera_front_wide_120fov: rolling shutter rendered as global shutter
2026-06-10 02:22:19,544 alpasim_carla.world INFO approximation scene=clipgt-01d503d4-449b-46fc-8d78-9085e70d3554 camera=camera_cross_left_120fov: ftheta approximated as pinhole, hfov=118.47 deg from pixeldist_to_angle polynomial at r=950px
2026-06-10 02:22:19,544 alpasim_carla.world INFO approximation scene=clipgt-01d503d4-449b-46fc-8d78-9085e70d3554 camera=camera_cross_left_120fov: rolling shutter rendered as global shutter
2026-06-10 02:22:19,639 alpasim_carla.world INFO approximation scene=clipgt-01d503d4-449b-46fc-8d78-9085e70d3554 camera=camera_front_tele_30fov: ftheta approximated as pinhole, hfov=29.47 deg from pixeldist_to_angle polynomial at r=950px
2026-06-10 02:22:19,639 alpasim_carla.world INFO approximation scene=clipgt-01d503d4-449b-46fc-8d78-9085e70d3554 camera=camera_front_tele_30fov: rolling shutter rendered as global shutter
2026-06-10 02:22:19,820 alpasim_carla.world INFO approximation scene=clipgt-01d503d4-449b-46fc-8d78-9085e70d3554 camera=camera_cross_right_120fov: ftheta approximated as pinhole, hfov=118.93 deg from pixeldist_to_angle polynomial at r=950px
2026-06-10 02:22:19,820 alpasim_carla.world INFO approximation scene=clipgt-01d503d4-449b-46fc-8d78-9085e70d3554 camera=camera_cross_right_120fov: rolling shutter rendered as global shutter
2026-06-10 02:22:23,815 alpasim_carla.world INFO approximation scene=clipgt-01d503d4-449b-46fc-8d78-9085e70d3554 camera=camera_front_tele_30fov: ftheta approximated as pinhole, hfov=29.47 deg from pixeldist_to_angle polynomial at r=950px
2026-06-10 02:22:23,815 alpasim_carla.world INFO approximation scene=clipgt-01d503d4-449b-46fc-8d78-9085e70d3554 camera=camera_front_tele_30fov: rolling shutter rendered as global shutter
2026-06-10 02:22:24,159 alpasim_carla.world INFO approximation scene=clipgt-01d503d4-449b-46fc-8d78-9085e70d3554 camera=camera_cross_right_120fov: ftheta approximated as pinhole, hfov=118.93 deg from pixeldist_to_angle polynomial at r=950px
2026-06-10 02:22:24,159 alpasim_carla.world INFO approximation scene=clipgt-01d503d4-449b-46fc-8d78-9085e70d3554 camera=camera_cross_right_120fov: rolling shutter rendered as global shutter
2026-06-10 02:22:24,367 alpasim_carla.world INFO approximation scene=clipgt-01d503d4-449b-46fc-8d78-9085e70d3554 camera=camera_front_wide_120fov: ftheta approximated as pinhole, hfov=118.36 deg from pixeldist_to_angle polynomial at r=950px
2026-06-10 02:22:24,367 alpasim_carla.world INFO approximation scene=clipgt-01d503d4-449b-46fc-8d78-9085e70d3554 camera=camera_front_wide_120fov: rolling shutter rendered as global shutter
2026-06-10 02:22:24,501 alpasim_carla.world INFO approximation scene=clipgt-01d503d4-449b-46fc-8d78-9085e70d3554 camera=camera_cross_left_120fov: ftheta approximated as pinhole, hfov=118.47 deg from pixeldist_to_angle polynomial at r=950px
2026-06-10 02:22:24,501 alpasim_carla.world INFO approximation scene=clipgt-01d503d4-449b-46fc-8d78-9085e70d3554 camera=camera_cross_left_120fov: rolling shutter rendered as global shutter
2026-06-10 02:22:27,027 alpasim_carla.world INFO approximation scene=clipgt-01d503d4-449b-46fc-8d78-9085e70d3554 camera=camera_front_wide_120fov: ftheta approximated as pinhole, hfov=118.36 deg from pixeldist_to_angle polynomial at r=950px
2026-06-10 02:22:27,027 alpasim_carla.world INFO approximation scene=clipgt-01d503d4-449b-46fc-8d78-9085e70d3554 camera=camera_front_wide_120fov: rolling shutter rendered as global shutter
2026-06-10 02:22:27,229 alpasim_carla.world INFO approximation scene=clipgt-01d503d4-449b-46fc-8d78-9085e70d3554 camera=camera_cross_left_120fov: ftheta approximated as pinhole, hfov=118.47 deg from pixeldist_to_angle polynomial at r=950px
2026-06-10 02:22:27,229 alpasim_carla.world INFO approximation scene=clipgt-01d503d4-449b-46fc-8d78-9085e70d3554 camera=camera_cross_left_120fov: rolling shutter rendered as global shutter
2026-06-10 02:22:27,415 alpasim_carla.world INFO approximation scene=clipgt-01d503d4-449b-46fc-8d78-9085e70d3554 camera=camera_front_tele_30fov: ftheta approximated as pinhole, hfov=29.47 deg from pixeldist_to_angle polynomial at r=950px
2026-06-10 02:22:27,415 alpasim_carla.world INFO approximation scene=clipgt-01d503d4-449b-46fc-8d78-9085e70d3554 camera=camera_front_tele_30fov: rolling shutter rendered as global shutter
2026-06-10 02:22:27,638 alpasim_carla.world INFO approximation scene=clipgt-01d503d4-449b-46fc-8d78-9085e70d3554 camera=camera_cross_right_120fov: ftheta approximated as pinhole, hfov=118.93 deg from pixeldist_to_angle polynomial at r=950px
2026-06-10 02:22:27,639 alpasim_carla.world INFO approximation scene=clipgt-01d503d4-449b-46fc-8d78-9085e70d3554 camera=camera_cross_right_120fov: rolling shutter rendered as global shutter
2026-06-10 02:22:30,301 alpasim_carla.world INFO approximation scene=clipgt-01d503d4-449b-46fc-8d78-9085e70d3554 camera=camera_cross_left_120fov: ftheta approximated as pinhole, hfov=118.47 deg from pixeldist_to_angle polynomial at r=950px
2026-06-10 02:22:30,301 alpasim_carla.world INFO approximation scene=clipgt-01d503d4-449b-46fc-8d78-9085e70d3554 camera=camera_cross_left_120fov: rolling shutter rendered as global shutter
2026-06-10 02:22:30,456 alpasim_carla.world INFO approximation scene=clipgt-01d503d4-449b-46fc-8d78-9085e70d3554 camera=camera_front_tele_30fov: ftheta approximated as pinhole, hfov=29.47 deg from pixeldist_to_angle polynomial at r=950px
2026-06-10 02:22:30,456 alpasim_carla.world INFO approximation scene=clipgt-01d503d4-449b-46fc-8d78-9085e70d3554 camera=camera_front_tele_30fov: rolling shutter rendered as global shutter
2026-06-10 02:22:30,771 alpasim_carla.world INFO approximation scene=clipgt-01d503d4-449b-46fc-8d78-9085e70d3554 camera=camera_front_wide_120fov: ftheta approximated as pinhole, hfov=118.36 deg from pixeldist_to_angle polynomial at r=950px
2026-06-10 02:22:30,771 alpasim_carla.world INFO approximation scene=clipgt-01d503d4-449b-46fc-8d78-9085e70d3554 camera=camera_front_wide_120fov: rolling shutter rendered as global shutter
2026-06-10 02:22:30,906 alpasim_carla.world INFO approximation scene=clipgt-01d503d4-449b-46fc-8d78-9085e70d3554 camera=camera_cross_right_120fov: ftheta approximated as pinhole, hfov=118.93 deg from pixeldist_to_angle polynomial at r=950px
2026-06-10 02:22:30,906 alpasim_carla.world INFO approximation scene=clipgt-01d503d4-449b-46fc-8d78-9085e70d3554 camera=camera_cross_right_120fov: rolling shutter rendered as global shutter
2026-06-10 02:22:33,466 alpasim_carla.world INFO approximation scene=clipgt-01d503d4-449b-46fc-8d78-9085e70d3554 camera=camera_front_wide_120fov: ftheta approximated as pinhole, hfov=118.36 deg from pixeldist_to_angle polynomial at r=950px
2026-06-10 02:22:33,466 alpasim_carla.world INFO approximation scene=clipgt-01d503d4-449b-46fc-8d78-9085e70d3554 camera=camera_front_wide_120fov: rolling shutter rendered as global shutter
2026-06-10 02:22:33,650 alpasim_carla.world INFO approximation scene=clipgt-01d503d4-449b-46fc-8d78-9085e70d3554 camera=camera_cross_right_120fov: ftheta approximated as pinhole, hfov=118.93 deg from pixeldist_to_angle polynomial at r=950px
2026-06-10 02:22:33,651 alpasim_carla.world INFO approximation scene=clipgt-01d503d4-449b-46fc-8d78-9085e70d3554 camera=camera_cross_right_120fov: rolling shutter rendered as global shutter
2026-06-10 02:22:33,947 alpasim_carla.world INFO approximation scene=clipgt-01d503d4-449b-46fc-8d78-9085e70d3554 camera=camera_cross_left_120fov: ftheta approximated as pinhole, hfov=118.47 deg from pixeldist_to_angle polynomial at r=950px
2026-06-10 02:22:33,948 alpasim_carla.world INFO approximation scene=clipgt-01d503d4-449b-46fc-8d78-9085e70d3554 camera=camera_cross_left_120fov: rolling shutter rendered as global shutter
2026-06-10 02:22:34,061 alpasim_carla.world INFO approximation scene=clipgt-01d503d4-449b-46fc-8d78-9085e70d3554 camera=camera_front_tele_30fov: ftheta approximated as pinhole, hfov=29.47 deg from pixeldist_to_angle polynomial at r=950px
2026-06-10 02:22:34,062 alpasim_carla.world INFO approximation scene=clipgt-01d503d4-449b-46fc-8d78-9085e70d3554 camera=camera_front_tele_30fov: rolling shutter rendered as global shutter
2026-06-10 02:22:36,599 alpasim_carla.world INFO approximation scene=clipgt-01d503d4-449b-46fc-8d78-9085e70d3554 camera=camera_cross_left_120fov: ftheta approximated as pinhole, hfov=118.47 deg from pixeldist_to_angle polynomial at r=950px
2026-06-10 02:22:36,599 alpasim_carla.world INFO approximation scene=clipgt-01d503d4-449b-46fc-8d78-9085e70d3554 camera=camera_cross_left_120fov: rolling shutter rendered as global shutter
2026-06-10 02:22:36,600 alpasim_carla.registry WARNING blueprint_fallback track_id=74 label='' dims=4.50x1.90x1.60 -> vehicle.tesla.model3 (car-like dims heuristic; add the label to the scene manifest blueprint_overrides to silence)
2026-06-10 02:22:36,606 alpasim_carla.registry INFO spawned track_id=74 blueprint=vehicle.tesla.model3 decision=dims_heuristic[no-label] bbox_offset=(0.029223782941699028, 9.626150188069005e-08, 0.7358797788619995)
2026-06-10 02:22:36,739 alpasim_carla.world INFO approximation scene=clipgt-01d503d4-449b-46fc-8d78-9085e70d3554 camera=camera_front_tele_30fov: ftheta approximated as pinhole, hfov=29.47 deg from pixeldist_to_angle polynomial at r=950px
2026-06-10 02:22:36,739 alpasim_carla.world INFO approximation scene=clipgt-01d503d4-449b-46fc-8d78-9085e70d3554 camera=camera_front_tele_30fov: rolling shutter rendered as global shutter
2026-06-10 02:22:37,786 alpasim_carla.world INFO approximation scene=clipgt-01d503d4-449b-46fc-8d78-9085e70d3554 camera=camera_front_wide_120fov: ftheta approximated as pinhole, hfov=118.36 deg from pixeldist_to_angle polynomial at r=950px
2026-06-10 02:22:37,786 alpasim_carla.world INFO approximation scene=clipgt-01d503d4-449b-46fc-8d78-9085e70d3554 camera=camera_front_wide_120fov: rolling shutter rendered as global shutter
2026-06-10 02:22:37,936 alpasim_carla.world INFO approximation scene=clipgt-01d503d4-449b-46fc-8d78-9085e70d3554 camera=camera_cross_right_120fov: ftheta approximated as pinhole, hfov=118.93 deg from pixeldist_to_angle polynomial at r=950px
2026-06-10 02:22:37,936 alpasim_carla.world INFO approximation scene=clipgt-01d503d4-449b-46fc-8d78-9085e70d3554 camera=camera_cross_right_120fov: rolling shutter rendered as global shutter
2026-06-10 02:22:40,512 alpasim_carla.world INFO approximation scene=clipgt-01d503d4-449b-46fc-8d78-9085e70d3554 camera=camera_front_tele_30fov: ftheta approximated as pinhole, hfov=29.47 deg from pixeldist_to_angle polynomial at r=950px
2026-06-10 02:22:40,512 alpasim_carla.world INFO approximation scene=clipgt-01d503d4-449b-46fc-8d78-9085e70d3554 camera=camera_front_tele_30fov: rolling shutter rendered as global shutter
2026-06-10 02:22:40,884 alpasim_carla.world INFO approximation scene=clipgt-01d503d4-449b-46fc-8d78-9085e70d3554 camera=camera_front_wide_120fov: ftheta approximated as pinhole, hfov=118.36 deg from pixeldist_to_angle polynomial at r=950px
2026-06-10 02:22:40,884 alpasim_carla.world INFO approximation scene=clipgt-01d503d4-449b-46fc-8d78-9085e70d3554 camera=camera_front_wide_120fov: rolling shutter rendered as global shutter
2026-06-10 02:22:41,067 alpasim_carla.world INFO approximation scene=clipgt-01d503d4-449b-46fc-8d78-9085e70d3554 camera=camera_cross_left_120fov: ftheta approximated as pinhole, hfov=118.47 deg from pixeldist_to_angle polynomial at r=950px
2026-06-10 02:22:41,067 alpasim_carla.world INFO approximation scene=clipgt-01d503d4-449b-46fc-8d78-9085e70d3554 camera=camera_cross_left_120fov: rolling shutter rendered as global shutter
2026-06-10 02:22:41,174 alpasim_carla.world INFO approximation scene=clipgt-01d503d4-449b-46fc-8d78-9085e70d3554 camera=camera_cross_right_120fov: ftheta approximated as pinhole, hfov=118.93 deg from pixeldist_to_angle polynomial at r=950px
2026-06-10 02:22:41,174 alpasim_carla.world INFO approximation scene=clipgt-01d503d4-449b-46fc-8d78-9085e70d3554 camera=camera_cross_right_120fov: rolling shutter rendered as global shutter
2026-06-10 02:22:43,801 alpasim_carla.world INFO approximation scene=clipgt-01d503d4-449b-46fc-8d78-9085e70d3554 camera=camera_cross_left_120fov: ftheta approximated as pinhole, hfov=118.47 deg from pixeldist_to_angle polynomial at r=950px
2026-06-10 02:22:43,801 alpasim_carla.world INFO approximation scene=clipgt-01d503d4-449b-46fc-8d78-9085e70d3554 camera=camera_cross_left_120fov: rolling shutter rendered as global shutter
2026-06-10 02:22:43,941 alpasim_carla.world INFO approximation scene=clipgt-01d503d4-449b-46fc-8d78-9085e70d3554 camera=camera_cross_right_120fov: ftheta approximated as pinhole, hfov=118.93 deg from pixeldist_to_angle polynomial at r=950px
2026-06-10 02:22:43,942 alpasim_carla.world INFO approximation scene=clipgt-01d503d4-449b-46fc-8d78-9085e70d3554 camera=camera_cross_right_120fov: rolling shutter rendered as global shutter
2026-06-10 02:22:44,301 alpasim_carla.world INFO approximation scene=clipgt-01d503d4-449b-46fc-8d78-9085e70d3554 camera=camera_front_tele_30fov: ftheta approximated as pinhole, hfov=29.47 deg from pixeldist_to_angle polynomial at r=950px
2026-06-10 02:22:44,301 alpasim_carla.world INFO approximation scene=clipgt-01d503d4-449b-46fc-8d78-9085e70d3554 camera=camera_front_tele_30fov: rolling shutter rendered as global shutter
2026-06-10 02:22:44,469 alpasim_carla.world INFO approximation scene=clipgt-01d503d4-449b-46fc-8d78-9085e70d3554 camera=camera_front_wide_120fov: ftheta approximated as pinhole, hfov=118.36 deg from pixeldist_to_angle polynomial at r=950px
2026-06-10 02:22:44,469 alpasim_carla.world INFO approximation scene=clipgt-01d503d4-449b-46fc-8d78-9085e70d3554 camera=camera_front_wide_120fov: rolling shutter rendered as global shutter
2026-06-10 02:22:47,024 alpasim_carla.world INFO approximation scene=clipgt-01d503d4-449b-46fc-8d78-9085e70d3554 camera=camera_front_tele_30fov: ftheta approximated as pinhole, hfov=29.47 deg from pixeldist_to_angle polynomial at r=950px
2026-06-10 02:22:47,024 alpasim_carla.world INFO approximation scene=clipgt-01d503d4-449b-46fc-8d78-9085e70d3554 camera=camera_front_tele_30fov: rolling shutter rendered as global shutter
2026-06-10 02:22:47,026 alpasim_carla.registry WARNING blueprint_fallback track_id=77 label='' dims=4.50x1.90x1.60 -> vehicle.tesla.model3 (car-like dims heuristic; add the label to the scene manifest blueprint_overrides to silence)
2026-06-10 02:22:47,030 alpasim_carla.registry INFO spawned track_id=77 blueprint=vehicle.tesla.model3 decision=dims_heuristic[no-label] bbox_offset=(0.029219375923275948, 6.759166808478767e-07, 0.7358420491218567)
2026-06-10 02:22:47,438 alpasim_carla.world INFO approximation scene=clipgt-01d503d4-449b-46fc-8d78-9085e70d3554 camera=camera_front_wide_120fov: ftheta approximated as pinhole, hfov=118.36 deg from pixeldist_to_angle polynomial at r=950px
2026-06-10 02:22:47,438 alpasim_carla.world INFO approximation scene=clipgt-01d503d4-449b-46fc-8d78-9085e70d3554 camera=camera_front_wide_120fov: rolling shutter rendered as global shutter
2026-06-10 02:22:47,604 alpasim_carla.world INFO approximation scene=clipgt-01d503d4-449b-46fc-8d78-9085e70d3554 camera=camera_cross_left_120fov: ftheta approximated as pinhole, hfov=118.47 deg from pixeldist_to_angle polynomial at r=950px
2026-06-10 02:22:47,604 alpasim_carla.world INFO approximation scene=clipgt-01d503d4-449b-46fc-8d78-9085e70d3554 camera=camera_cross_left_120fov: rolling shutter rendered as global shutter
2026-06-10 02:22:47,734 alpasim_carla.world INFO approximation scene=clipgt-01d503d4-449b-46fc-8d78-9085e70d3554 camera=camera_cross_right_120fov: ftheta approximated as pinhole, hfov=118.93 deg from pixeldist_to_angle polynomial at r=950px
2026-06-10 02:22:47,734 alpasim_carla.world INFO approximation scene=clipgt-01d503d4-449b-46fc-8d78-9085e70d3554 camera=camera_cross_right_120fov: rolling shutter rendered as global shutter
2026-06-10 02:22:50,288 alpasim_carla.world INFO approximation scene=clipgt-01d503d4-449b-46fc-8d78-9085e70d3554 camera=camera_front_wide_120fov: ftheta approximated as pinhole, hfov=118.36 deg from pixeldist_to_angle polynomial at r=950px
2026-06-10 02:22:50,288 alpasim_carla.world INFO approximation scene=clipgt-01d503d4-449b-46fc-8d78-9085e70d3554 camera=camera_front_wide_120fov: rolling shutter rendered as global shutter
2026-06-10 02:22:50,488 alpasim_carla.world INFO approximation scene=clipgt-01d503d4-449b-46fc-8d78-9085e70d3554 camera=camera_cross_left_120fov: ftheta approximated as pinhole, hfov=118.47 deg from pixeldist_to_angle polynomial at r=950px
2026-06-10 02:22:50,488 alpasim_carla.world INFO approximation scene=clipgt-01d503d4-449b-46fc-8d78-9085e70d3554 camera=camera_cross_left_120fov: rolling shutter rendered as global shutter
2026-06-10 02:22:50,702 alpasim_carla.world INFO approximation scene=clipgt-01d503d4-449b-46fc-8d78-9085e70d3554 camera=camera_front_tele_30fov: ftheta approximated as pinhole, hfov=29.47 deg from pixeldist_to_angle polynomial at r=950px
2026-06-10 02:22:50,702 alpasim_carla.world INFO approximation scene=clipgt-01d503d4-449b-46fc-8d78-9085e70d3554 camera=camera_front_tele_30fov: rolling shutter rendered as global shutter
2026-06-10 02:22:50,922 alpasim_carla.world INFO approximation scene=clipgt-01d503d4-449b-46fc-8d78-9085e70d3554 camera=camera_cross_right_120fov: ftheta approximated as pinhole, hfov=118.93 deg from pixeldist_to_angle polynomial at r=950px
2026-06-10 02:22:50,922 alpasim_carla.world INFO approximation scene=clipgt-01d503d4-449b-46fc-8d78-9085e70d3554 camera=camera_cross_right_120fov: rolling shutter rendered as global shutter
2026-06-10 02:22:53,340 alpasim_carla.world INFO approximation scene=clipgt-01d503d4-449b-46fc-8d78-9085e70d3554 camera=camera_front_tele_30fov: ftheta approximated as pinhole, hfov=29.47 deg from pixeldist_to_angle polynomial at r=950px
2026-06-10 02:22:53,340 alpasim_carla.world INFO approximation scene=clipgt-01d503d4-449b-46fc-8d78-9085e70d3554 camera=camera_front_tele_30fov: rolling shutter rendered as global shutter
2026-06-10 02:22:53,641 alpasim_carla.world INFO approximation scene=clipgt-01d503d4-449b-46fc-8d78-9085e70d3554 camera=camera_cross_right_120fov: ftheta approximated as pinhole, hfov=118.93 deg from pixeldist_to_angle polynomial at r=950px
2026-06-10 02:22:53,641 alpasim_carla.world INFO approximation scene=clipgt-01d503d4-449b-46fc-8d78-9085e70d3554 camera=camera_cross_right_120fov: rolling shutter rendered as global shutter
2026-06-10 02:22:53,843 alpasim_carla.world INFO approximation scene=clipgt-01d503d4-449b-46fc-8d78-9085e70d3554 camera=camera_front_wide_120fov: ftheta approximated as pinhole, hfov=118.36 deg from pixeldist_to_angle polynomial at r=950px
2026-06-10 02:22:53,843 alpasim_carla.world INFO approximation scene=clipgt-01d503d4-449b-46fc-8d78-9085e70d3554 camera=camera_front_wide_120fov: rolling shutter rendered as global shutter
2026-06-10 02:22:53,996 alpasim_carla.world INFO approximation scene=clipgt-01d503d4-449b-46fc-8d78-9085e70d3554 camera=camera_cross_left_120fov: ftheta approximated as pinhole, hfov=118.47 deg from pixeldist_to_angle polynomial at r=950px
2026-06-10 02:22:53,996 alpasim_carla.world INFO approximation scene=clipgt-01d503d4-449b-46fc-8d78-9085e70d3554 camera=camera_cross_left_120fov: rolling shutter rendered as global shutter
2026-06-10 02:22:56,418 alpasim_carla.world INFO approximation scene=clipgt-01d503d4-449b-46fc-8d78-9085e70d3554 camera=camera_front_wide_120fov: ftheta approximated as pinhole, hfov=118.36 deg from pixeldist_to_angle polynomial at r=950px
2026-06-10 02:22:56,418 alpasim_carla.world INFO approximation scene=clipgt-01d503d4-449b-46fc-8d78-9085e70d3554 camera=camera_front_wide_120fov: rolling shutter rendered as global shutter
2026-06-10 02:22:56,620 alpasim_carla.world INFO approximation scene=clipgt-01d503d4-449b-46fc-8d78-9085e70d3554 camera=camera_cross_left_120fov: ftheta approximated as pinhole, hfov=118.47 deg from pixeldist_to_angle polynomial at r=950px
2026-06-10 02:22:56,620 alpasim_carla.world INFO approximation scene=clipgt-01d503d4-449b-46fc-8d78-9085e70d3554 camera=camera_cross_left_120fov: rolling shutter rendered as global shutter
2026-06-10 02:22:56,803 alpasim_carla.world INFO approximation scene=clipgt-01d503d4-449b-46fc-8d78-9085e70d3554 camera=camera_front_tele_30fov: ftheta approximated as pinhole, hfov=29.47 deg from pixeldist_to_angle polynomial at r=950px
2026-06-10 02:22:56,804 alpasim_carla.world INFO approximation scene=clipgt-01d503d4-449b-46fc-8d78-9085e70d3554 camera=camera_front_tele_30fov: rolling shutter rendered as global shutter
2026-06-10 02:22:57,030 alpasim_carla.world INFO approximation scene=clipgt-01d503d4-449b-46fc-8d78-9085e70d3554 camera=camera_cross_right_120fov: ftheta approximated as pinhole, hfov=118.93 deg from pixeldist_to_angle polynomial at r=950px
2026-06-10 02:22:57,030 alpasim_carla.world INFO approximation scene=clipgt-01d503d4-449b-46fc-8d78-9085e70d3554 camera=camera_cross_right_120fov: rolling shutter rendered as global shutter
2026-06-10 02:22:59,532 alpasim_carla.world INFO approximation scene=clipgt-01d503d4-449b-46fc-8d78-9085e70d3554 camera=camera_cross_left_120fov: ftheta approximated as pinhole, hfov=118.47 deg from pixeldist_to_angle polynomial at r=950px
2026-06-10 02:22:59,532 alpasim_carla.world INFO approximation scene=clipgt-01d503d4-449b-46fc-8d78-9085e70d3554 camera=camera_cross_left_120fov: rolling shutter rendered as global shutter
2026-06-10 02:22:59,534 alpasim_carla.registry WARNING blueprint_fallback track_id=81 label='' dims=4.50x1.90x1.60 -> vehicle.tesla.model3 (car-like dims heuristic; add the label to the scene manifest blueprint_overrides to silence)
2026-06-10 02:22:59,538 alpasim_carla.registry INFO spawned track_id=81 blueprint=vehicle.tesla.model3 decision=dims_heuristic[no-label] bbox_offset=(0.02922035939991474, -5.435943535303522e-07, 0.7358782887458801)
2026-06-10 02:22:59,538 alpasim_carla.registry WARNING blueprint_fallback track_id=82 label='' dims=4.50x1.90x1.60 -> vehicle.tesla.model3 (car-like dims heuristic; add the label to the scene manifest blueprint_overrides to silence)
2026-06-10 02:22:59,541 alpasim_carla.registry INFO spawned track_id=82 blueprint=vehicle.tesla.model3 decision=dims_heuristic[no-label] bbox_offset=(0.02922070026397705, 8.130073183565401e-07, 0.7358416318893433)
2026-06-10 02:22:59,696 alpasim_carla.world INFO approximation scene=clipgt-01d503d4-449b-46fc-8d78-9085e70d3554 camera=camera_front_tele_30fov: ftheta approximated as pinhole, hfov=29.47 deg from pixeldist_to_angle polynomial at r=950px
2026-06-10 02:22:59,696 alpasim_carla.world INFO approximation scene=clipgt-01d503d4-449b-46fc-8d78-9085e70d3554 camera=camera_front_tele_30fov: rolling shutter rendered as global shutter
2026-06-10 02:22:59,985 alpasim_carla.world INFO approximation scene=clipgt-01d503d4-449b-46fc-8d78-9085e70d3554 camera=camera_front_wide_120fov: ftheta approximated as pinhole, hfov=118.36 deg from pixeldist_to_angle polynomial at r=950px
2026-06-10 02:22:59,985 alpasim_carla.world INFO approximation scene=clipgt-01d503d4-449b-46fc-8d78-9085e70d3554 camera=camera_front_wide_120fov: rolling shutter rendered as global shutter
2026-06-10 02:23:00,119 alpasim_carla.world INFO approximation scene=clipgt-01d503d4-449b-46fc-8d78-9085e70d3554 camera=camera_cross_right_120fov: ftheta approximated as pinhole, hfov=118.93 deg from pixeldist_to_angle polynomial at r=950px
2026-06-10 02:23:00,119 alpasim_carla.world INFO approximation scene=clipgt-01d503d4-449b-46fc-8d78-9085e70d3554 camera=camera_cross_right_120fov: rolling shutter rendered as global shutter
2026-06-10 02:23:02,520 alpasim_carla.world INFO approximation scene=clipgt-01d503d4-449b-46fc-8d78-9085e70d3554 camera=camera_front_wide_120fov: ftheta approximated as pinhole, hfov=118.36 deg from pixeldist_to_angle polynomial at r=950px
2026-06-10 02:23:02,521 alpasim_carla.world INFO approximation scene=clipgt-01d503d4-449b-46fc-8d78-9085e70d3554 camera=camera_front_wide_120fov: rolling shutter rendered as global shutter
2026-06-10 02:23:02,734 alpasim_carla.world INFO approximation scene=clipgt-01d503d4-449b-46fc-8d78-9085e70d3554 camera=camera_cross_right_120fov: ftheta approximated as pinhole, hfov=118.93 deg from pixeldist_to_angle polynomial at r=950px
2026-06-10 02:23:02,734 alpasim_carla.world INFO approximation scene=clipgt-01d503d4-449b-46fc-8d78-9085e70d3554 camera=camera_cross_right_120fov: rolling shutter rendered as global shutter
2026-06-10 02:23:03,021 alpasim_carla.world INFO approximation scene=clipgt-01d503d4-449b-46fc-8d78-9085e70d3554 camera=camera_cross_left_120fov: ftheta approximated as pinhole, hfov=118.47 deg from pixeldist_to_angle polynomial at r=950px
2026-06-10 02:23:03,021 alpasim_carla.world INFO approximation scene=clipgt-01d503d4-449b-46fc-8d78-9085e70d3554 camera=camera_cross_left_120fov: rolling shutter rendered as global shutter
2026-06-10 02:23:03,135 alpasim_carla.world INFO approximation scene=clipgt-01d503d4-449b-46fc-8d78-9085e70d3554 camera=camera_front_tele_30fov: ftheta approximated as pinhole, hfov=29.47 deg from pixeldist_to_angle polynomial at r=950px
2026-06-10 02:23:03,135 alpasim_carla.world INFO approximation scene=clipgt-01d503d4-449b-46fc-8d78-9085e70d3554 camera=camera_front_tele_30fov: rolling shutter rendered as global shutter
2026-06-10 02:23:05,691 alpasim_carla.world INFO approximation scene=clipgt-01d503d4-449b-46fc-8d78-9085e70d3554 camera=camera_cross_left_120fov: ftheta approximated as pinhole, hfov=118.47 deg from pixeldist_to_angle polynomial at r=950px
2026-06-10 02:23:05,691 alpasim_carla.world INFO approximation scene=clipgt-01d503d4-449b-46fc-8d78-9085e70d3554 camera=camera_cross_left_120fov: rolling shutter rendered as global shutter
2026-06-10 02:23:05,814 alpasim_carla.world INFO approximation scene=clipgt-01d503d4-449b-46fc-8d78-9085e70d3554 camera=camera_front_tele_30fov: ftheta approximated as pinhole, hfov=29.47 deg from pixeldist_to_angle polynomial at r=950px
2026-06-10 02:23:05,815 alpasim_carla.world INFO approximation scene=clipgt-01d503d4-449b-46fc-8d78-9085e70d3554 camera=camera_front_tele_30fov: rolling shutter rendered as global shutter
2026-06-10 02:23:06,121 alpasim_carla.world INFO approximation scene=clipgt-01d503d4-449b-46fc-8d78-9085e70d3554 camera=camera_front_wide_120fov: ftheta approximated as pinhole, hfov=118.36 deg from pixeldist_to_angle polynomial at r=950px
2026-06-10 02:23:06,121 alpasim_carla.world INFO approximation scene=clipgt-01d503d4-449b-46fc-8d78-9085e70d3554 camera=camera_front_wide_120fov: rolling shutter rendered as global shutter
2026-06-10 02:23:06,258 alpasim_carla.world INFO approximation scene=clipgt-01d503d4-449b-46fc-8d78-9085e70d3554 camera=camera_cross_right_120fov: ftheta approximated as pinhole, hfov=118.93 deg from pixeldist_to_angle polynomial at r=950px
2026-06-10 02:23:06,258 alpasim_carla.world INFO approximation scene=clipgt-01d503d4-449b-46fc-8d78-9085e70d3554 camera=camera_cross_right_120fov: rolling shutter rendered as global shutter
2026-06-10 02:23:08,821 alpasim_carla.world INFO approximation scene=clipgt-01d503d4-449b-46fc-8d78-9085e70d3554 camera=camera_front_tele_30fov: ftheta approximated as pinhole, hfov=29.47 deg from pixeldist_to_angle polynomial at r=950px
2026-06-10 02:23:08,822 alpasim_carla.world INFO approximation scene=clipgt-01d503d4-449b-46fc-8d78-9085e70d3554 camera=camera_front_tele_30fov: rolling shutter rendered as global shutter
2026-06-10 02:23:09,136 alpasim_carla.world INFO approximation scene=clipgt-01d503d4-449b-46fc-8d78-9085e70d3554 camera=camera_front_wide_120fov: ftheta approximated as pinhole, hfov=118.36 deg from pixeldist_to_angle polynomial at r=950px
2026-06-10 02:23:09,136 alpasim_carla.world INFO approximation scene=clipgt-01d503d4-449b-46fc-8d78-9085e70d3554 camera=camera_front_wide_120fov: rolling shutter rendered as global shutter
2026-06-10 02:23:09,295 alpasim_carla.world INFO approximation scene=clipgt-01d503d4-449b-46fc-8d78-9085e70d3554 camera=camera_cross_left_120fov: ftheta approximated as pinhole, hfov=118.47 deg from pixeldist_to_angle polynomial at r=950px
2026-06-10 02:23:09,295 alpasim_carla.world INFO approximation scene=clipgt-01d503d4-449b-46fc-8d78-9085e70d3554 camera=camera_cross_left_120fov: rolling shutter rendered as global shutter
2026-06-10 02:23:09,415 alpasim_carla.world INFO approximation scene=clipgt-01d503d4-449b-46fc-8d78-9085e70d3554 camera=camera_cross_right_120fov: ftheta approximated as pinhole, hfov=118.93 deg from pixeldist_to_angle polynomial at r=950px
2026-06-10 02:23:09,415 alpasim_carla.world INFO approximation scene=clipgt-01d503d4-449b-46fc-8d78-9085e70d3554 camera=camera_cross_right_120fov: rolling shutter rendered as global shutter
2026-06-10 02:23:11,917 alpasim_carla.world INFO approximation scene=clipgt-01d503d4-449b-46fc-8d78-9085e70d3554 camera=camera_cross_left_120fov: ftheta approximated as pinhole, hfov=118.47 deg from pixeldist_to_angle polynomial at r=950px
2026-06-10 02:23:11,917 alpasim_carla.world INFO approximation scene=clipgt-01d503d4-449b-46fc-8d78-9085e70d3554 camera=camera_cross_left_120fov: rolling shutter rendered as global shutter
2026-06-10 02:23:12,090 alpasim_carla.world INFO approximation scene=clipgt-01d503d4-449b-46fc-8d78-9085e70d3554 camera=camera_cross_right_120fov: ftheta approximated as pinhole, hfov=118.93 deg from pixeldist_to_angle polynomial at r=950px
2026-06-10 02:23:12,090 alpasim_carla.world INFO approximation scene=clipgt-01d503d4-449b-46fc-8d78-9085e70d3554 camera=camera_cross_right_120fov: rolling shutter rendered as global shutter
2026-06-10 02:23:12,434 alpasim_carla.world INFO approximation scene=clipgt-01d503d4-449b-46fc-8d78-9085e70d3554 camera=camera_front_tele_30fov: ftheta approximated as pinhole, hfov=29.47 deg from pixeldist_to_angle polynomial at r=950px
2026-06-10 02:23:12,434 alpasim_carla.world INFO approximation scene=clipgt-01d503d4-449b-46fc-8d78-9085e70d3554 camera=camera_front_tele_30fov: rolling shutter rendered as global shutter
2026-06-10 02:23:12,607 alpasim_carla.world INFO approximation scene=clipgt-01d503d4-449b-46fc-8d78-9085e70d3554 camera=camera_front_wide_120fov: ftheta approximated as pinhole, hfov=118.36 deg from pixeldist_to_angle polynomial at r=950px
2026-06-10 02:23:12,607 alpasim_carla.world INFO approximation scene=clipgt-01d503d4-449b-46fc-8d78-9085e70d3554 camera=camera_front_wide_120fov: rolling shutter rendered as global shutter
2026-06-10 02:23:15,076 alpasim_carla.world INFO approximation scene=clipgt-01d503d4-449b-46fc-8d78-9085e70d3554 camera=camera_front_tele_30fov: ftheta approximated as pinhole, hfov=29.47 deg from pixeldist_to_angle polynomial at r=950px
2026-06-10 02:23:15,076 alpasim_carla.world INFO approximation scene=clipgt-01d503d4-449b-46fc-8d78-9085e70d3554 camera=camera_front_tele_30fov: rolling shutter rendered as global shutter
2026-06-10 02:23:15,081 alpasim_carla.registry WARNING blueprint_fallback track_id=84 label='' dims=4.50x1.90x1.60 -> vehicle.tesla.model3 (car-like dims heuristic; add the label to the scene manifest blueprint_overrides to silence)
2026-06-10 02:23:15,085 alpasim_carla.registry INFO spawned track_id=84 blueprint=vehicle.tesla.model3 decision=dims_heuristic[no-label] bbox_offset=(0.029221024364233017, -1.8537043899868877e-07, 0.7358663082122803)
2026-06-10 02:23:15,086 alpasim_carla.registry WARNING blueprint_fallback track_id=85 label='' dims=4.50x1.90x1.60 -> vehicle.tesla.model3 (car-like dims heuristic; add the label to the scene manifest blueprint_overrides to silence)
2026-06-10 02:23:15,088 alpasim_carla.registry INFO spawned track_id=85 blueprint=vehicle.tesla.model3 decision=dims_heuristic[no-label] bbox_offset=(0.029219333082437515, 2.2292137202839513e-07, 0.7358414530754089)
2026-06-10 02:23:15,387 alpasim_carla.world INFO approximation scene=clipgt-01d503d4-449b-46fc-8d78-9085e70d3554 camera=camera_front_wide_120fov: ftheta approximated as pinhole, hfov=118.36 deg from pixeldist_to_angle polynomial at r=950px
2026-06-10 02:23:15,388 alpasim_carla.world INFO approximation scene=clipgt-01d503d4-449b-46fc-8d78-9085e70d3554 camera=camera_front_wide_120fov: rolling shutter rendered as global shutter
2026-06-10 02:23:15,554 alpasim_carla.world INFO approximation scene=clipgt-01d503d4-449b-46fc-8d78-9085e70d3554 camera=camera_cross_left_120fov: ftheta approximated as pinhole, hfov=118.47 deg from pixeldist_to_angle polynomial at r=950px
2026-06-10 02:23:15,554 alpasim_carla.world INFO approximation scene=clipgt-01d503d4-449b-46fc-8d78-9085e70d3554 camera=camera_cross_left_120fov: rolling shutter rendered as global shutter
2026-06-10 02:23:15,672 alpasim_carla.world INFO approximation scene=clipgt-01d503d4-449b-46fc-8d78-9085e70d3554 camera=camera_cross_right_120fov: ftheta approximated as pinhole, hfov=118.93 deg from pixeldist_to_angle polynomial at r=950px
2026-06-10 02:23:15,672 alpasim_carla.world INFO approximation scene=clipgt-01d503d4-449b-46fc-8d78-9085e70d3554 camera=camera_cross_right_120fov: rolling shutter rendered as global shutter
2026-06-10 02:23:18,305 alpasim_carla.world INFO approximation scene=clipgt-01d503d4-449b-46fc-8d78-9085e70d3554 camera=camera_front_wide_120fov: ftheta approximated as pinhole, hfov=118.36 deg from pixeldist_to_angle polynomial at r=950px
2026-06-10 02:23:18,306 alpasim_carla.world INFO approximation scene=clipgt-01d503d4-449b-46fc-8d78-9085e70d3554 camera=camera_front_wide_120fov: rolling shutter rendered as global shutter
2026-06-10 02:23:18,517 alpasim_carla.world INFO approximation scene=clipgt-01d503d4-449b-46fc-8d78-9085e70d3554 camera=camera_cross_left_120fov: ftheta approximated as pinhole, hfov=118.47 deg from pixeldist_to_angle polynomial at r=950px
2026-06-10 02:23:18,517 alpasim_carla.world INFO approximation scene=clipgt-01d503d4-449b-46fc-8d78-9085e70d3554 camera=camera_cross_left_120fov: rolling shutter rendered as global shutter
2026-06-10 02:23:18,664 alpasim_carla.world INFO approximation scene=clipgt-01d503d4-449b-46fc-8d78-9085e70d3554 camera=camera_front_tele_30fov: ftheta approximated as pinhole, hfov=29.47 deg from pixeldist_to_angle polynomial at r=950px
2026-06-10 02:23:18,664 alpasim_carla.world INFO approximation scene=clipgt-01d503d4-449b-46fc-8d78-9085e70d3554 camera=camera_front_tele_30fov: rolling shutter rendered as global shutter
2026-06-10 02:23:18,894 alpasim_carla.world INFO approximation scene=clipgt-01d503d4-449b-46fc-8d78-9085e70d3554 camera=camera_cross_right_120fov: ftheta approximated as pinhole, hfov=118.93 deg from pixeldist_to_angle polynomial at r=950px
2026-06-10 02:23:18,894 alpasim_carla.world INFO approximation scene=clipgt-01d503d4-449b-46fc-8d78-9085e70d3554 camera=camera_cross_right_120fov: rolling shutter rendered as global shutter
2026-06-10 02:23:21,504 alpasim_carla.world INFO approximation scene=clipgt-01d503d4-449b-46fc-8d78-9085e70d3554 camera=camera_front_tele_30fov: ftheta approximated as pinhole, hfov=29.47 deg from pixeldist_to_angle polynomial at r=950px
2026-06-10 02:23:21,504 alpasim_carla.world INFO approximation scene=clipgt-01d503d4-449b-46fc-8d78-9085e70d3554 camera=camera_front_tele_30fov: rolling shutter rendered as global shutter
2026-06-10 02:23:21,506 alpasim_carla.registry WARNING blueprint_fallback track_id=88 label='' dims=4.50x1.90x1.60 -> vehicle.tesla.model3 (car-like dims heuristic; add the label to the scene manifest blueprint_overrides to silence)
2026-06-10 02:23:21,511 alpasim_carla.registry INFO spawned track_id=88 blueprint=vehicle.tesla.model3 decision=dims_heuristic[no-label] bbox_offset=(0.029220053926110268, 8.48770127959142e-07, 0.7358485460281372)
2026-06-10 02:23:21,812 alpasim_carla.world INFO approximation scene=clipgt-01d503d4-449b-46fc-8d78-9085e70d3554 camera=camera_cross_right_120fov: ftheta approximated as pinhole, hfov=118.93 deg from pixeldist_to_angle polynomial at r=950px
2026-06-10 02:23:21,812 alpasim_carla.world INFO approximation scene=clipgt-01d503d4-449b-46fc-8d78-9085e70d3554 camera=camera_cross_right_120fov: rolling shutter rendered as global shutter
2026-06-10 02:23:22,022 alpasim_carla.world INFO approximation scene=clipgt-01d503d4-449b-46fc-8d78-9085e70d3554 camera=camera_front_wide_120fov: ftheta approximated as pinhole, hfov=118.36 deg from pixeldist_to_angle polynomial at r=950px
2026-06-10 02:23:22,022 alpasim_carla.world INFO approximation scene=clipgt-01d503d4-449b-46fc-8d78-9085e70d3554 camera=camera_front_wide_120fov: rolling shutter rendered as global shutter
2026-06-10 02:23:22,172 alpasim_carla.world INFO approximation scene=clipgt-01d503d4-449b-46fc-8d78-9085e70d3554 camera=camera_cross_left_120fov: ftheta approximated as pinhole, hfov=118.47 deg from pixeldist_to_angle polynomial at r=950px
2026-06-10 02:23:22,172 alpasim_carla.world INFO approximation scene=clipgt-01d503d4-449b-46fc-8d78-9085e70d3554 camera=camera_cross_left_120fov: rolling shutter rendered as global shutter
2026-06-10 02:23:24,635 alpasim_carla.world INFO approximation scene=clipgt-01d503d4-449b-46fc-8d78-9085e70d3554 camera=camera_front_wide_120fov: ftheta approximated as pinhole, hfov=118.36 deg from pixeldist_to_angle polynomial at r=950px
2026-06-10 02:23:24,636 alpasim_carla.world INFO approximation scene=clipgt-01d503d4-449b-46fc-8d78-9085e70d3554 camera=camera_front_wide_120fov: rolling shutter rendered as global shutter
2026-06-10 02:23:24,852 alpasim_carla.world INFO approximation scene=clipgt-01d503d4-449b-46fc-8d78-9085e70d3554 camera=camera_cross_left_120fov: ftheta approximated as pinhole, hfov=118.47 deg from pixeldist_to_angle polynomial at r=950px
2026-06-10 02:23:24,852 alpasim_carla.world INFO approximation scene=clipgt-01d503d4-449b-46fc-8d78-9085e70d3554 camera=camera_cross_left_120fov: rolling shutter rendered as global shutter
2026-06-10 02:23:25,041 alpasim_carla.world INFO approximation scene=clipgt-01d503d4-449b-46fc-8d78-9085e70d3554 camera=camera_front_tele_30fov: ftheta approximated as pinhole, hfov=29.47 deg from pixeldist_to_angle polynomial at r=950px
2026-06-10 02:23:25,041 alpasim_carla.world INFO approximation scene=clipgt-01d503d4-449b-46fc-8d78-9085e70d3554 camera=camera_front_tele_30fov: rolling shutter rendered as global shutter
2026-06-10 02:23:25,267 alpasim_carla.world INFO approximation scene=clipgt-01d503d4-449b-46fc-8d78-9085e70d3554 camera=camera_cross_right_120fov: ftheta approximated as pinhole, hfov=118.93 deg from pixeldist_to_angle polynomial at r=950px
2026-06-10 02:23:25,267 alpasim_carla.world INFO approximation scene=clipgt-01d503d4-449b-46fc-8d78-9085e70d3554 camera=camera_cross_right_120fov: rolling shutter rendered as global shutter
2026-06-10 02:23:27,927 alpasim_carla.world INFO approximation scene=clipgt-01d503d4-449b-46fc-8d78-9085e70d3554 camera=camera_cross_left_120fov: ftheta approximated as pinhole, hfov=118.47 deg from pixeldist_to_angle polynomial at r=950px
2026-06-10 02:23:27,927 alpasim_carla.world INFO approximation scene=clipgt-01d503d4-449b-46fc-8d78-9085e70d3554 camera=camera_cross_left_120fov: rolling shutter rendered as global shutter
2026-06-10 02:23:28,106 alpasim_carla.world INFO approximation scene=clipgt-01d503d4-449b-46fc-8d78-9085e70d3554 camera=camera_front_tele_30fov: ftheta approximated as pinhole, hfov=29.47 deg from pixeldist_to_angle polynomial at r=950px
2026-06-10 02:23:28,106 alpasim_carla.world INFO approximation scene=clipgt-01d503d4-449b-46fc-8d78-9085e70d3554 camera=camera_front_tele_30fov: rolling shutter rendered as global shutter
2026-06-10 02:23:28,365 alpasim_carla.world INFO approximation scene=clipgt-01d503d4-449b-46fc-8d78-9085e70d3554 camera=camera_front_wide_120fov: ftheta approximated as pinhole, hfov=118.36 deg from pixeldist_to_angle polynomial at r=950px
2026-06-10 02:23:28,365 alpasim_carla.world INFO approximation scene=clipgt-01d503d4-449b-46fc-8d78-9085e70d3554 camera=camera_front_wide_120fov: rolling shutter rendered as global shutter
2026-06-10 02:23:28,514 alpasim_carla.world INFO approximation scene=clipgt-01d503d4-449b-46fc-8d78-9085e70d3554 camera=camera_cross_right_120fov: ftheta approximated as pinhole, hfov=118.93 deg from pixeldist_to_angle polynomial at r=950px
2026-06-10 02:23:28,515 alpasim_carla.world INFO approximation scene=clipgt-01d503d4-449b-46fc-8d78-9085e70d3554 camera=camera_cross_right_120fov: rolling shutter rendered as global shutter
2026-06-10 02:23:31,388 alpasim_carla.world INFO approximation scene=clipgt-01d503d4-449b-46fc-8d78-9085e70d3554 camera=camera_front_wide_120fov: ftheta approximated as pinhole, hfov=118.36 deg from pixeldist_to_angle polynomial at r=950px
2026-06-10 02:23:31,388 alpasim_carla.world INFO approximation scene=clipgt-01d503d4-449b-46fc-8d78-9085e70d3554 camera=camera_front_wide_120fov: rolling shutter rendered as global shutter
2026-06-10 02:23:31,390 alpasim_carla.registry WARNING blueprint_fallback track_id=90 label='' dims=4.50x1.90x1.60 -> vehicle.tesla.model3 (car-like dims heuristic; add the label to the scene manifest blueprint_overrides to silence)
2026-06-10 02:23:31,396 alpasim_carla.registry INFO spawned track_id=90 blueprint=vehicle.tesla.model3 decision=dims_heuristic[no-label] bbox_offset=(0.029216766357421875, 1.6152857824636158e-06, 0.7358627319335938)
2026-06-10 02:23:31,604 alpasim_carla.world INFO approximation scene=clipgt-01d503d4-449b-46fc-8d78-9085e70d3554 camera=camera_cross_right_120fov: ftheta approximated as pinhole, hfov=118.93 deg from pixeldist_to_angle polynomial at r=950px
2026-06-10 02:23:31,604 alpasim_carla.world INFO approximation scene=clipgt-01d503d4-449b-46fc-8d78-9085e70d3554 camera=camera_cross_right_120fov: rolling shutter rendered as global shutter
2026-06-10 02:23:32,098 alpasim_carla.world INFO approximation scene=clipgt-01d503d4-449b-46fc-8d78-9085e70d3554 camera=camera_cross_left_120fov: ftheta approximated as pinhole, hfov=118.47 deg from pixeldist_to_angle polynomial at r=950px
2026-06-10 02:23:32,099 alpasim_carla.world INFO approximation scene=clipgt-01d503d4-449b-46fc-8d78-9085e70d3554 camera=camera_cross_left_120fov: rolling shutter rendered as global shutter
2026-06-10 02:23:32,231 alpasim_carla.world INFO approximation scene=clipgt-01d503d4-449b-46fc-8d78-9085e70d3554 camera=camera_front_tele_30fov: ftheta approximated as pinhole, hfov=29.47 deg from pixeldist_to_angle polynomial at r=950px
2026-06-10 02:23:32,231 alpasim_carla.world INFO approximation scene=clipgt-01d503d4-449b-46fc-8d78-9085e70d3554 camera=camera_front_tele_30fov: rolling shutter rendered as global shutter
2026-06-10 02:23:34,824 alpasim_carla.world INFO approximation scene=clipgt-01d503d4-449b-46fc-8d78-9085e70d3554 camera=camera_cross_left_120fov: ftheta approximated as pinhole, hfov=118.47 deg from pixeldist_to_angle polynomial at r=950px
2026-06-10 02:23:34,825 alpasim_carla.world INFO approximation scene=clipgt-01d503d4-449b-46fc-8d78-9085e70d3554 camera=camera_cross_left_120fov: rolling shutter rendered as global shutter
2026-06-10 02:23:35,008 alpasim_carla.world INFO approximation scene=clipgt-01d503d4-449b-46fc-8d78-9085e70d3554 camera=camera_front_tele_30fov: ftheta approximated as pinhole, hfov=29.47 deg from pixeldist_to_angle polynomial at r=950px
2026-06-10 02:23:35,008 alpasim_carla.world INFO approximation scene=clipgt-01d503d4-449b-46fc-8d78-9085e70d3554 camera=camera_front_tele_30fov: rolling shutter rendered as global shutter
2026-06-10 02:23:35,352 alpasim_carla.world INFO approximation scene=clipgt-01d503d4-449b-46fc-8d78-9085e70d3554 camera=camera_front_wide_120fov: ftheta approximated as pinhole, hfov=118.36 deg from pixeldist_to_angle polynomial at r=950px
2026-06-10 02:23:35,352 alpasim_carla.world INFO approximation scene=clipgt-01d503d4-449b-46fc-8d78-9085e70d3554 camera=camera_front_wide_120fov: rolling shutter rendered as global shutter
2026-06-10 02:23:35,536 alpasim_carla.world INFO approximation scene=clipgt-01d503d4-449b-46fc-8d78-9085e70d3554 camera=camera_cross_right_120fov: ftheta approximated as pinhole, hfov=118.93 deg from pixeldist_to_angle polynomial at r=950px
2026-06-10 02:23:35,536 alpasim_carla.world INFO approximation scene=clipgt-01d503d4-449b-46fc-8d78-9085e70d3554 camera=camera_cross_right_120fov: rolling shutter rendered as global shutter
2026-06-10 02:23:38,042 alpasim_carla.world INFO approximation scene=clipgt-01d503d4-449b-46fc-8d78-9085e70d3554 camera=camera_front_tele_30fov: ftheta approximated as pinhole, hfov=29.47 deg from pixeldist_to_angle polynomial at r=950px
2026-06-10 02:23:38,042 alpasim_carla.world INFO approximation scene=clipgt-01d503d4-449b-46fc-8d78-9085e70d3554 camera=camera_front_tele_30fov: rolling shutter rendered as global shutter
2026-06-10 02:23:38,330 alpasim_carla.world INFO approximation scene=clipgt-01d503d4-449b-46fc-8d78-9085e70d3554 camera=camera_front_wide_120fov: ftheta approximated as pinhole, hfov=118.36 deg from pixeldist_to_angle polynomial at r=950px
2026-06-10 02:23:38,330 alpasim_carla.world INFO approximation scene=clipgt-01d503d4-449b-46fc-8d78-9085e70d3554 camera=camera_front_wide_120fov: rolling shutter rendered as global shutter
2026-06-10 02:23:38,484 alpasim_carla.world INFO approximation scene=clipgt-01d503d4-449b-46fc-8d78-9085e70d3554 camera=camera_cross_left_120fov: ftheta approximated as pinhole, hfov=118.47 deg from pixeldist_to_angle polynomial at r=950px
2026-06-10 02:23:38,484 alpasim_carla.world INFO approximation scene=clipgt-01d503d4-449b-46fc-8d78-9085e70d3554 camera=camera_cross_left_120fov: rolling shutter rendered as global shutter
2026-06-10 02:23:38,600 alpasim_carla.world INFO approximation scene=clipgt-01d503d4-449b-46fc-8d78-9085e70d3554 camera=camera_cross_right_120fov: ftheta approximated as pinhole, hfov=118.93 deg from pixeldist_to_angle polynomial at r=950px
2026-06-10 02:23:38,601 alpasim_carla.world INFO approximation scene=clipgt-01d503d4-449b-46fc-8d78-9085e70d3554 camera=camera_cross_right_120fov: rolling shutter rendered as global shutter
2026-06-10 02:23:41,321 alpasim_carla.world INFO approximation scene=clipgt-01d503d4-449b-46fc-8d78-9085e70d3554 camera=camera_cross_left_120fov: ftheta approximated as pinhole, hfov=118.47 deg from pixeldist_to_angle polynomial at r=950px
2026-06-10 02:23:41,321 alpasim_carla.world INFO approximation scene=clipgt-01d503d4-449b-46fc-8d78-9085e70d3554 camera=camera_cross_left_120fov: rolling shutter rendered as global shutter
2026-06-10 02:23:41,324 alpasim_carla.registry WARNING blueprint_fallback track_id=91 label='' dims=4.50x1.90x1.60 -> vehicle.tesla.model3 (car-like dims heuristic; add the label to the scene manifest blueprint_overrides to silence)
2026-06-10 02:23:41,327 alpasim_carla.registry INFO spawned track_id=91 blueprint=vehicle.tesla.model3 decision=dims_heuristic[no-label] bbox_offset=(0.029215654358267784, -2.6226043559063328e-08, 0.7358627915382385)
2026-06-10 02:23:41,463 alpasim_carla.world INFO approximation scene=clipgt-01d503d4-449b-46fc-8d78-9085e70d3554 camera=camera_cross_right_120fov: ftheta approximated as pinhole, hfov=118.93 deg from pixeldist_to_angle polynomial at r=950px
2026-06-10 02:23:41,463 alpasim_carla.world INFO approximation scene=clipgt-01d503d4-449b-46fc-8d78-9085e70d3554 camera=camera_cross_right_120fov: rolling shutter rendered as global shutter
2026-06-10 02:23:41,816 alpasim_carla.world INFO approximation scene=clipgt-01d503d4-449b-46fc-8d78-9085e70d3554 camera=camera_front_tele_30fov: ftheta approximated as pinhole, hfov=29.47 deg from pixeldist_to_angle polynomial at r=950px
2026-06-10 02:23:41,816 alpasim_carla.world INFO approximation scene=clipgt-01d503d4-449b-46fc-8d78-9085e70d3554 camera=camera_front_tele_30fov: rolling shutter rendered as global shutter
2026-06-10 02:23:41,979 alpasim_carla.world INFO approximation scene=clipgt-01d503d4-449b-46fc-8d78-9085e70d3554 camera=camera_front_wide_120fov: ftheta approximated as pinhole, hfov=118.36 deg from pixeldist_to_angle polynomial at r=950px
2026-06-10 02:23:41,979 alpasim_carla.world INFO approximation scene=clipgt-01d503d4-449b-46fc-8d78-9085e70d3554 camera=camera_front_wide_120fov: rolling shutter rendered as global shutter
2026-06-10 02:23:44,620 alpasim_carla.world INFO approximation scene=clipgt-01d503d4-449b-46fc-8d78-9085e70d3554 camera=camera_front_tele_30fov: ftheta approximated as pinhole, hfov=29.47 deg from pixeldist_to_angle polynomial at r=950px
2026-06-10 02:23:44,620 alpasim_carla.world INFO approximation scene=clipgt-01d503d4-449b-46fc-8d78-9085e70d3554 camera=camera_front_tele_30fov: rolling shutter rendered as global shutter
2026-06-10 02:23:44,909 alpasim_carla.world INFO approximation scene=clipgt-01d503d4-449b-46fc-8d78-9085e70d3554 camera=camera_front_wide_120fov: ftheta approximated as pinhole, hfov=118.36 deg from pixeldist_to_angle polynomial at r=950px
2026-06-10 02:23:44,909 alpasim_carla.world INFO approximation scene=clipgt-01d503d4-449b-46fc-8d78-9085e70d3554 camera=camera_front_wide_120fov: rolling shutter rendered as global shutter
2026-06-10 02:23:45,039 alpasim_carla.world INFO approximation scene=clipgt-01d503d4-449b-46fc-8d78-9085e70d3554 camera=camera_cross_left_120fov: ftheta approximated as pinhole, hfov=118.47 deg from pixeldist_to_angle polynomial at r=950px
2026-06-10 02:23:45,040 alpasim_carla.world INFO approximation scene=clipgt-01d503d4-449b-46fc-8d78-9085e70d3554 camera=camera_cross_left_120fov: rolling shutter rendered as global shutter
2026-06-10 02:23:45,148 alpasim_carla.world INFO approximation scene=clipgt-01d503d4-449b-46fc-8d78-9085e70d3554 camera=camera_cross_right_120fov: ftheta approximated as pinhole, hfov=118.93 deg from pixeldist_to_angle polynomial at r=950px
2026-06-10 02:23:45,148 alpasim_carla.world INFO approximation scene=clipgt-01d503d4-449b-46fc-8d78-9085e70d3554 camera=camera_cross_right_120fov: rolling shutter rendered as global shutter
2026-06-10 02:23:47,752 alpasim_carla.world INFO approximation scene=clipgt-01d503d4-449b-46fc-8d78-9085e70d3554 camera=camera_front_wide_120fov: ftheta approximated as pinhole, hfov=118.36 deg from pixeldist_to_angle polynomial at r=950px
2026-06-10 02:23:47,752 alpasim_carla.world INFO approximation scene=clipgt-01d503d4-449b-46fc-8d78-9085e70d3554 camera=camera_front_wide_120fov: rolling shutter rendered as global shutter
2026-06-10 02:23:47,948 alpasim_carla.world INFO approximation scene=clipgt-01d503d4-449b-46fc-8d78-9085e70d3554 camera=camera_cross_left_120fov: ftheta approximated as pinhole, hfov=118.47 deg from pixeldist_to_angle polynomial at r=950px
2026-06-10 02:23:47,948 alpasim_carla.world INFO approximation scene=clipgt-01d503d4-449b-46fc-8d78-9085e70d3554 camera=camera_cross_left_120fov: rolling shutter rendered as global shutter
2026-06-10 02:23:48,130 alpasim_carla.world INFO approximation scene=clipgt-01d503d4-449b-46fc-8d78-9085e70d3554 camera=camera_front_tele_30fov: ftheta approximated as pinhole, hfov=29.47 deg from pixeldist_to_angle polynomial at r=950px
2026-06-10 02:23:48,131 alpasim_carla.world INFO approximation scene=clipgt-01d503d4-449b-46fc-8d78-9085e70d3554 camera=camera_front_tele_30fov: rolling shutter rendered as global shutter
2026-06-10 02:23:48,335 alpasim_carla.world INFO approximation scene=clipgt-01d503d4-449b-46fc-8d78-9085e70d3554 camera=camera_cross_right_120fov: ftheta approximated as pinhole, hfov=118.93 deg from pixeldist_to_angle polynomial at r=950px
2026-06-10 02:23:48,335 alpasim_carla.world INFO approximation scene=clipgt-01d503d4-449b-46fc-8d78-9085e70d3554 camera=camera_cross_right_120fov: rolling shutter rendered as global shutter
2026-06-10 02:23:50,926 alpasim_carla.world INFO approximation scene=clipgt-01d503d4-449b-46fc-8d78-9085e70d3554 camera=camera_front_tele_30fov: ftheta approximated as pinhole, hfov=29.47 deg from pixeldist_to_angle polynomial at r=950px
2026-06-10 02:23:50,926 alpasim_carla.world INFO approximation scene=clipgt-01d503d4-449b-46fc-8d78-9085e70d3554 camera=camera_front_tele_30fov: rolling shutter rendered as global shutter
2026-06-10 02:23:51,203 alpasim_carla.world INFO approximation scene=clipgt-01d503d4-449b-46fc-8d78-9085e70d3554 camera=camera_cross_right_120fov: ftheta approximated as pinhole, hfov=118.93 deg from pixeldist_to_angle polynomial at r=950px
2026-06-10 02:23:51,203 alpasim_carla.world INFO approximation scene=clipgt-01d503d4-449b-46fc-8d78-9085e70d3554 camera=camera_cross_right_120fov: rolling shutter rendered as global shutter
2026-06-10 02:23:51,408 alpasim_carla.world INFO approximation scene=clipgt-01d503d4-449b-46fc-8d78-9085e70d3554 camera=camera_front_wide_120fov: ftheta approximated as pinhole, hfov=118.36 deg from pixeldist_to_angle polynomial at r=950px
2026-06-10 02:23:51,408 alpasim_carla.world INFO approximation scene=clipgt-01d503d4-449b-46fc-8d78-9085e70d3554 camera=camera_front_wide_120fov: rolling shutter rendered as global shutter
2026-06-10 02:23:51,542 alpasim_carla.world INFO approximation scene=clipgt-01d503d4-449b-46fc-8d78-9085e70d3554 camera=camera_cross_left_120fov: ftheta approximated as pinhole, hfov=118.47 deg from pixeldist_to_angle polynomial at r=950px
2026-06-10 02:23:51,542 alpasim_carla.world INFO approximation scene=clipgt-01d503d4-449b-46fc-8d78-9085e70d3554 camera=camera_cross_left_120fov: rolling shutter rendered as global shutter
2026-06-10 02:23:54,117 alpasim_carla.world INFO approximation scene=clipgt-01d503d4-449b-46fc-8d78-9085e70d3554 camera=camera_front_wide_120fov: ftheta approximated as pinhole, hfov=118.36 deg from pixeldist_to_angle polynomial at r=950px
2026-06-10 02:23:54,118 alpasim_carla.world INFO approximation scene=clipgt-01d503d4-449b-46fc-8d78-9085e70d3554 camera=camera_front_wide_120fov: rolling shutter rendered as global shutter
2026-06-10 02:23:54,328 alpasim_carla.world INFO approximation scene=clipgt-01d503d4-449b-46fc-8d78-9085e70d3554 camera=camera_cross_left_120fov: ftheta approximated as pinhole, hfov=118.47 deg from pixeldist_to_angle polynomial at r=950px
2026-06-10 02:23:54,328 alpasim_carla.world INFO approximation scene=clipgt-01d503d4-449b-46fc-8d78-9085e70d3554 camera=camera_cross_left_120fov: rolling shutter rendered as global shutter
2026-06-10 02:23:54,488 alpasim_carla.world INFO approximation scene=clipgt-01d503d4-449b-46fc-8d78-9085e70d3554 camera=camera_front_tele_30fov: ftheta approximated as pinhole, hfov=29.47 deg from pixeldist_to_angle polynomial at r=950px
2026-06-10 02:23:54,488 alpasim_carla.world INFO approximation scene=clipgt-01d503d4-449b-46fc-8d78-9085e70d3554 camera=camera_front_tele_30fov: rolling shutter rendered as global shutter
2026-06-10 02:23:54,700 alpasim_carla.world INFO approximation scene=clipgt-01d503d4-449b-46fc-8d78-9085e70d3554 camera=camera_cross_right_120fov: ftheta approximated as pinhole, hfov=118.93 deg from pixeldist_to_angle polynomial at r=950px
2026-06-10 02:23:54,700 alpasim_carla.world INFO approximation scene=clipgt-01d503d4-449b-46fc-8d78-9085e70d3554 camera=camera_cross_right_120fov: rolling shutter rendered as global shutter
2026-06-10 02:23:57,494 alpasim_carla.world INFO approximation scene=clipgt-01d503d4-449b-46fc-8d78-9085e70d3554 camera=camera_cross_left_120fov: ftheta approximated as pinhole, hfov=118.47 deg from pixeldist_to_angle polynomial at r=950px
2026-06-10 02:23:57,494 alpasim_carla.world INFO approximation scene=clipgt-01d503d4-449b-46fc-8d78-9085e70d3554 camera=camera_cross_left_120fov: rolling shutter rendered as global shutter
2026-06-10 02:23:57,630 alpasim_carla.world INFO approximation scene=clipgt-01d503d4-449b-46fc-8d78-9085e70d3554 camera=camera_front_tele_30fov: ftheta approximated as pinhole, hfov=29.47 deg from pixeldist_to_angle polynomial at r=950px
2026-06-10 02:23:57,630 alpasim_carla.world INFO approximation scene=clipgt-01d503d4-449b-46fc-8d78-9085e70d3554 camera=camera_front_tele_30fov: rolling shutter rendered as global shutter
2026-06-10 02:23:57,924 alpasim_carla.world INFO approximation scene=clipgt-01d503d4-449b-46fc-8d78-9085e70d3554 camera=camera_front_wide_120fov: ftheta approximated as pinhole, hfov=118.36 deg from pixeldist_to_angle polynomial at r=950px
2026-06-10 02:23:57,924 alpasim_carla.world INFO approximation scene=clipgt-01d503d4-449b-46fc-8d78-9085e70d3554 camera=camera_front_wide_120fov: rolling shutter rendered as global shutter
2026-06-10 02:23:58,070 alpasim_carla.world INFO approximation scene=clipgt-01d503d4-449b-46fc-8d78-9085e70d3554 camera=camera_cross_right_120fov: ftheta approximated as pinhole, hfov=118.93 deg from pixeldist_to_angle polynomial at r=950px
2026-06-10 02:23:58,071 alpasim_carla.world INFO approximation scene=clipgt-01d503d4-449b-46fc-8d78-9085e70d3554 camera=camera_cross_right_120fov: rolling shutter rendered as global shutter
2026-06-10 02:24:00,792 alpasim_carla.world INFO approximation scene=clipgt-01d503d4-449b-46fc-8d78-9085e70d3554 camera=camera_front_wide_120fov: ftheta approximated as pinhole, hfov=118.36 deg from pixeldist_to_angle polynomial at r=950px
2026-06-10 02:24:00,793 alpasim_carla.world INFO approximation scene=clipgt-01d503d4-449b-46fc-8d78-9085e70d3554 camera=camera_front_wide_120fov: rolling shutter rendered as global shutter
2026-06-10 02:24:01,003 alpasim_carla.world INFO approximation scene=clipgt-01d503d4-449b-46fc-8d78-9085e70d3554 camera=camera_cross_right_120fov: ftheta approximated as pinhole, hfov=118.93 deg from pixeldist_to_angle polynomial at r=950px
2026-06-10 02:24:01,003 alpasim_carla.world INFO approximation scene=clipgt-01d503d4-449b-46fc-8d78-9085e70d3554 camera=camera_cross_right_120fov: rolling shutter rendered as global shutter
2026-06-10 02:24:01,230 alpasim_carla.world INFO approximation scene=clipgt-01d503d4-449b-46fc-8d78-9085e70d3554 camera=camera_cross_left_120fov: ftheta approximated as pinhole, hfov=118.47 deg from pixeldist_to_angle polynomial at r=950px
2026-06-10 02:24:01,231 alpasim_carla.world INFO approximation scene=clipgt-01d503d4-449b-46fc-8d78-9085e70d3554 camera=camera_cross_left_120fov: rolling shutter rendered as global shutter
2026-06-10 02:24:01,334 alpasim_carla.world INFO approximation scene=clipgt-01d503d4-449b-46fc-8d78-9085e70d3554 camera=camera_front_tele_30fov: ftheta approximated as pinhole, hfov=29.47 deg from pixeldist_to_angle polynomial at r=950px
2026-06-10 02:24:01,335 alpasim_carla.world INFO approximation scene=clipgt-01d503d4-449b-46fc-8d78-9085e70d3554 camera=camera_front_tele_30fov: rolling shutter rendered as global shutter
2026-06-10 02:24:03,858 alpasim_carla.world INFO approximation scene=clipgt-01d503d4-449b-46fc-8d78-9085e70d3554 camera=camera_cross_left_120fov: ftheta approximated as pinhole, hfov=118.47 deg from pixeldist_to_angle polynomial at r=950px
2026-06-10 02:24:03,858 alpasim_carla.world INFO approximation scene=clipgt-01d503d4-449b-46fc-8d78-9085e70d3554 camera=camera_cross_left_120fov: rolling shutter rendered as global shutter
2026-06-10 02:24:04,038 alpasim_carla.world INFO approximation scene=clipgt-01d503d4-449b-46fc-8d78-9085e70d3554 camera=camera_front_tele_30fov: ftheta approximated as pinhole, hfov=29.47 deg from pixeldist_to_angle polynomial at r=950px
2026-06-10 02:24:04,038 alpasim_carla.world INFO approximation scene=clipgt-01d503d4-449b-46fc-8d78-9085e70d3554 camera=camera_front_tele_30fov: rolling shutter rendered as global shutter
2026-06-10 02:24:04,339 alpasim_carla.world INFO approximation scene=clipgt-01d503d4-449b-46fc-8d78-9085e70d3554 camera=camera_front_wide_120fov: ftheta approximated as pinhole, hfov=118.36 deg from pixeldist_to_angle polynomial at r=950px
2026-06-10 02:24:04,339 alpasim_carla.world INFO approximation scene=clipgt-01d503d4-449b-46fc-8d78-9085e70d3554 camera=camera_front_wide_120fov: rolling shutter rendered as global shutter
2026-06-10 02:24:04,477 alpasim_carla.world INFO approximation scene=clipgt-01d503d4-449b-46fc-8d78-9085e70d3554 camera=camera_cross_right_120fov: ftheta approximated as pinhole, hfov=118.93 deg from pixeldist_to_angle polynomial at r=950px
2026-06-10 02:24:04,477 alpasim_carla.world INFO approximation scene=clipgt-01d503d4-449b-46fc-8d78-9085e70d3554 camera=camera_cross_right_120fov: rolling shutter rendered as global shutter
2026-06-10 02:24:07,063 alpasim_carla.world INFO approximation scene=clipgt-01d503d4-449b-46fc-8d78-9085e70d3554 camera=camera_front_tele_30fov: ftheta approximated as pinhole, hfov=29.47 deg from pixeldist_to_angle polynomial at r=950px
2026-06-10 02:24:07,063 alpasim_carla.world INFO approximation scene=clipgt-01d503d4-449b-46fc-8d78-9085e70d3554 camera=camera_front_tele_30fov: rolling shutter rendered as global shutter
2026-06-10 02:24:07,350 alpasim_carla.world INFO approximation scene=clipgt-01d503d4-449b-46fc-8d78-9085e70d3554 camera=camera_front_wide_120fov: ftheta approximated as pinhole, hfov=118.36 deg from pixeldist_to_angle polynomial at r=950px
2026-06-10 02:24:07,350 alpasim_carla.world INFO approximation scene=clipgt-01d503d4-449b-46fc-8d78-9085e70d3554 camera=camera_front_wide_120fov: rolling shutter rendered as global shutter
2026-06-10 02:24:07,520 alpasim_carla.world INFO approximation scene=clipgt-01d503d4-449b-46fc-8d78-9085e70d3554 camera=camera_cross_left_120fov: ftheta approximated as pinhole, hfov=118.47 deg from pixeldist_to_angle polynomial at r=950px
2026-06-10 02:24:07,520 alpasim_carla.world INFO approximation scene=clipgt-01d503d4-449b-46fc-8d78-9085e70d3554 camera=camera_cross_left_120fov: rolling shutter rendered as global shutter
2026-06-10 02:24:07,667 alpasim_carla.world INFO approximation scene=clipgt-01d503d4-449b-46fc-8d78-9085e70d3554 camera=camera_cross_right_120fov: ftheta approximated as pinhole, hfov=118.93 deg from pixeldist_to_angle polynomial at r=950px
2026-06-10 02:24:07,667 alpasim_carla.world INFO approximation scene=clipgt-01d503d4-449b-46fc-8d78-9085e70d3554 camera=camera_cross_right_120fov: rolling shutter rendered as global shutter
2026-06-10 02:24:10,276 alpasim_carla.world INFO approximation scene=clipgt-01d503d4-449b-46fc-8d78-9085e70d3554 camera=camera_cross_left_120fov: ftheta approximated as pinhole, hfov=118.47 deg from pixeldist_to_angle polynomial at r=950px
2026-06-10 02:24:10,276 alpasim_carla.world INFO approximation scene=clipgt-01d503d4-449b-46fc-8d78-9085e70d3554 camera=camera_cross_left_120fov: rolling shutter rendered as global shutter
2026-06-10 02:24:10,420 alpasim_carla.world INFO approximation scene=clipgt-01d503d4-449b-46fc-8d78-9085e70d3554 camera=camera_cross_right_120fov: ftheta approximated as pinhole, hfov=118.93 deg from pixeldist_to_angle polynomial at r=950px
2026-06-10 02:24:10,420 alpasim_carla.world INFO approximation scene=clipgt-01d503d4-449b-46fc-8d78-9085e70d3554 camera=camera_cross_right_120fov: rolling shutter rendered as global shutter
2026-06-10 02:24:10,764 alpasim_carla.world INFO approximation scene=clipgt-01d503d4-449b-46fc-8d78-9085e70d3554 camera=camera_front_tele_30fov: ftheta approximated as pinhole, hfov=29.47 deg from pixeldist_to_angle polynomial at r=950px
2026-06-10 02:24:10,764 alpasim_carla.world INFO approximation scene=clipgt-01d503d4-449b-46fc-8d78-9085e70d3554 camera=camera_front_tele_30fov: rolling shutter rendered as global shutter
2026-06-10 02:24:10,952 alpasim_carla.world INFO approximation scene=clipgt-01d503d4-449b-46fc-8d78-9085e70d3554 camera=camera_front_wide_120fov: ftheta approximated as pinhole, hfov=118.36 deg from pixeldist_to_angle polynomial at r=950px
2026-06-10 02:24:10,952 alpasim_carla.world INFO approximation scene=clipgt-01d503d4-449b-46fc-8d78-9085e70d3554 camera=camera_front_wide_120fov: rolling shutter rendered as global shutter
2026-06-10 02:24:13,541 alpasim_carla.world INFO approximation scene=clipgt-01d503d4-449b-46fc-8d78-9085e70d3554 camera=camera_front_tele_30fov: ftheta approximated as pinhole, hfov=29.47 deg from pixeldist_to_angle polynomial at r=950px
2026-06-10 02:24:13,541 alpasim_carla.world INFO approximation scene=clipgt-01d503d4-449b-46fc-8d78-9085e70d3554 camera=camera_front_tele_30fov: rolling shutter rendered as global shutter
2026-06-10 02:24:13,847 alpasim_carla.world INFO approximation scene=clipgt-01d503d4-449b-46fc-8d78-9085e70d3554 camera=camera_front_wide_120fov: ftheta approximated as pinhole, hfov=118.36 deg from pixeldist_to_angle polynomial at r=950px
2026-06-10 02:24:13,847 alpasim_carla.world INFO approximation scene=clipgt-01d503d4-449b-46fc-8d78-9085e70d3554 camera=camera_front_wide_120fov: rolling shutter rendered as global shutter
2026-06-10 02:24:14,002 alpasim_carla.world INFO approximation scene=clipgt-01d503d4-449b-46fc-8d78-9085e70d3554 camera=camera_cross_left_120fov: ftheta approximated as pinhole, hfov=118.47 deg from pixeldist_to_angle polynomial at r=950px
2026-06-10 02:24:14,002 alpasim_carla.world INFO approximation scene=clipgt-01d503d4-449b-46fc-8d78-9085e70d3554 camera=camera_cross_left_120fov: rolling shutter rendered as global shutter
2026-06-10 02:24:14,153 alpasim_carla.world INFO approximation scene=clipgt-01d503d4-449b-46fc-8d78-9085e70d3554 camera=camera_cross_right_120fov: ftheta approximated as pinhole, hfov=118.93 deg from pixeldist_to_angle polynomial at r=950px
2026-06-10 02:24:14,153 alpasim_carla.world INFO approximation scene=clipgt-01d503d4-449b-46fc-8d78-9085e70d3554 camera=camera_cross_right_120fov: rolling shutter rendered as global shutter
2026-06-10 02:24:16,805 alpasim_carla.world INFO approximation scene=clipgt-01d503d4-449b-46fc-8d78-9085e70d3554 camera=camera_front_wide_120fov: ftheta approximated as pinhole, hfov=118.36 deg from pixeldist_to_angle polynomial at r=950px
2026-06-10 02:24:16,805 alpasim_carla.world INFO approximation scene=clipgt-01d503d4-449b-46fc-8d78-9085e70d3554 camera=camera_front_wide_120fov: rolling shutter rendered as global shutter
2026-06-10 02:24:17,017 alpasim_carla.world INFO approximation scene=clipgt-01d503d4-449b-46fc-8d78-9085e70d3554 camera=camera_cross_left_120fov: ftheta approximated as pinhole, hfov=118.47 deg from pixeldist_to_angle polynomial at r=950px
2026-06-10 02:24:17,017 alpasim_carla.world INFO approximation scene=clipgt-01d503d4-449b-46fc-8d78-9085e70d3554 camera=camera_cross_left_120fov: rolling shutter rendered as global shutter
2026-06-10 02:24:17,197 alpasim_carla.world INFO approximation scene=clipgt-01d503d4-449b-46fc-8d78-9085e70d3554 camera=camera_front_tele_30fov: ftheta approximated as pinhole, hfov=29.47 deg from pixeldist_to_angle polynomial at r=950px
2026-06-10 02:24:17,197 alpasim_carla.world INFO approximation scene=clipgt-01d503d4-449b-46fc-8d78-9085e70d3554 camera=camera_front_tele_30fov: rolling shutter rendered as global shutter
2026-06-10 02:24:17,418 alpasim_carla.world INFO approximation scene=clipgt-01d503d4-449b-46fc-8d78-9085e70d3554 camera=camera_cross_right_120fov: ftheta approximated as pinhole, hfov=118.93 deg from pixeldist_to_angle polynomial at r=950px
2026-06-10 02:24:17,418 alpasim_carla.world INFO approximation scene=clipgt-01d503d4-449b-46fc-8d78-9085e70d3554 camera=camera_cross_right_120fov: rolling shutter rendered as global shutter
2026-06-10 02:24:19,948 alpasim_carla.world INFO approximation scene=clipgt-01d503d4-449b-46fc-8d78-9085e70d3554 camera=camera_front_tele_30fov: ftheta approximated as pinhole, hfov=29.47 deg from pixeldist_to_angle polynomial at r=950px
2026-06-10 02:24:19,948 alpasim_carla.world INFO approximation scene=clipgt-01d503d4-449b-46fc-8d78-9085e70d3554 camera=camera_front_tele_30fov: rolling shutter rendered as global shutter
2026-06-10 02:24:20,219 alpasim_carla.world INFO approximation scene=clipgt-01d503d4-449b-46fc-8d78-9085e70d3554 camera=camera_cross_right_120fov: ftheta approximated as pinhole, hfov=118.93 deg from pixeldist_to_angle polynomial at r=950px
2026-06-10 02:24:20,219 alpasim_carla.world INFO approximation scene=clipgt-01d503d4-449b-46fc-8d78-9085e70d3554 camera=camera_cross_right_120fov: rolling shutter rendered as global shutter
2026-06-10 02:24:20,463 alpasim_carla.world INFO approximation scene=clipgt-01d503d4-449b-46fc-8d78-9085e70d3554 camera=camera_front_wide_120fov: ftheta approximated as pinhole, hfov=118.36 deg from pixeldist_to_angle polynomial at r=950px
2026-06-10 02:24:20,464 alpasim_carla.world INFO approximation scene=clipgt-01d503d4-449b-46fc-8d78-9085e70d3554 camera=camera_front_wide_120fov: rolling shutter rendered as global shutter
2026-06-10 02:24:20,604 alpasim_carla.world INFO approximation scene=clipgt-01d503d4-449b-46fc-8d78-9085e70d3554 camera=camera_cross_left_120fov: ftheta approximated as pinhole, hfov=118.47 deg from pixeldist_to_angle polynomial at r=950px
2026-06-10 02:24:20,604 alpasim_carla.world INFO approximation scene=clipgt-01d503d4-449b-46fc-8d78-9085e70d3554 camera=camera_cross_left_120fov: rolling shutter rendered as global shutter
2026-06-10 02:24:23,001 alpasim_carla.world INFO approximation scene=clipgt-01d503d4-449b-46fc-8d78-9085e70d3554 camera=camera_front_wide_120fov: ftheta approximated as pinhole, hfov=118.36 deg from pixeldist_to_angle polynomial at r=950px
2026-06-10 02:24:23,001 alpasim_carla.world INFO approximation scene=clipgt-01d503d4-449b-46fc-8d78-9085e70d3554 camera=camera_front_wide_120fov: rolling shutter rendered as global shutter
2026-06-10 02:24:23,213 alpasim_carla.world INFO approximation scene=clipgt-01d503d4-449b-46fc-8d78-9085e70d3554 camera=camera_cross_left_120fov: ftheta approximated as pinhole, hfov=118.47 deg from pixeldist_to_angle polynomial at r=950px
2026-06-10 02:24:23,213 alpasim_carla.world INFO approximation scene=clipgt-01d503d4-449b-46fc-8d78-9085e70d3554 camera=camera_cross_left_120fov: rolling shutter rendered as global shutter
2026-06-10 02:24:23,394 alpasim_carla.world INFO approximation scene=clipgt-01d503d4-449b-46fc-8d78-9085e70d3554 camera=camera_front_tele_30fov: ftheta approximated as pinhole, hfov=29.47 deg from pixeldist_to_angle polynomial at r=950px
2026-06-10 02:24:23,394 alpasim_carla.world INFO approximation scene=clipgt-01d503d4-449b-46fc-8d78-9085e70d3554 camera=camera_front_tele_30fov: rolling shutter rendered as global shutter
2026-06-10 02:24:23,621 alpasim_carla.world INFO approximation scene=clipgt-01d503d4-449b-46fc-8d78-9085e70d3554 camera=camera_cross_right_120fov: ftheta approximated as pinhole, hfov=118.93 deg from pixeldist_to_angle polynomial at r=950px
2026-06-10 02:24:23,621 alpasim_carla.world INFO approximation scene=clipgt-01d503d4-449b-46fc-8d78-9085e70d3554 camera=camera_cross_right_120fov: rolling shutter rendered as global shutter
2026-06-10 02:24:26,112 alpasim_carla.world INFO approximation scene=clipgt-01d503d4-449b-46fc-8d78-9085e70d3554 camera=camera_cross_left_120fov: ftheta approximated as pinhole, hfov=118.47 deg from pixeldist_to_angle polynomial at r=950px
2026-06-10 02:24:26,112 alpasim_carla.world INFO approximation scene=clipgt-01d503d4-449b-46fc-8d78-9085e70d3554 camera=camera_cross_left_120fov: rolling shutter rendered as global shutter
2026-06-10 02:24:26,255 alpasim_carla.world INFO approximation scene=clipgt-01d503d4-449b-46fc-8d78-9085e70d3554 camera=camera_front_tele_30fov: ftheta approximated as pinhole, hfov=29.47 deg from pixeldist_to_angle polynomial at r=950px
2026-06-10 02:24:26,256 alpasim_carla.world INFO approximation scene=clipgt-01d503d4-449b-46fc-8d78-9085e70d3554 camera=camera_front_tele_30fov: rolling shutter rendered as global shutter
2026-06-10 02:24:26,539 alpasim_carla.world INFO approximation scene=clipgt-01d503d4-449b-46fc-8d78-9085e70d3554 camera=camera_front_wide_120fov: ftheta approximated as pinhole, hfov=118.36 deg from pixeldist_to_angle polynomial at r=950px
2026-06-10 02:24:26,539 alpasim_carla.world INFO approximation scene=clipgt-01d503d4-449b-46fc-8d78-9085e70d3554 camera=camera_front_wide_120fov: rolling shutter rendered as global shutter
2026-06-10 02:24:26,680 alpasim_carla.world INFO approximation scene=clipgt-01d503d4-449b-46fc-8d78-9085e70d3554 camera=camera_cross_right_120fov: ftheta approximated as pinhole, hfov=118.93 deg from pixeldist_to_angle polynomial at r=950px
2026-06-10 02:24:26,680 alpasim_carla.world INFO approximation scene=clipgt-01d503d4-449b-46fc-8d78-9085e70d3554 camera=camera_cross_right_120fov: rolling shutter rendered as global shutter
2026-06-10 02:24:29,274 alpasim_carla.world INFO approximation scene=clipgt-01d503d4-449b-46fc-8d78-9085e70d3554 camera=camera_front_wide_120fov: ftheta approximated as pinhole, hfov=118.36 deg from pixeldist_to_angle polynomial at r=950px
2026-06-10 02:24:29,274 alpasim_carla.world INFO approximation scene=clipgt-01d503d4-449b-46fc-8d78-9085e70d3554 camera=camera_front_wide_120fov: rolling shutter rendered as global shutter
2026-06-10 02:24:29,475 alpasim_carla.world INFO approximation scene=clipgt-01d503d4-449b-46fc-8d78-9085e70d3554 camera=camera_cross_right_120fov: ftheta approximated as pinhole, hfov=118.93 deg from pixeldist_to_angle polynomial at r=950px
2026-06-10 02:24:29,475 alpasim_carla.world INFO approximation scene=clipgt-01d503d4-449b-46fc-8d78-9085e70d3554 camera=camera_cross_right_120fov: rolling shutter rendered as global shutter
2026-06-10 02:24:29,757 alpasim_carla.world INFO approximation scene=clipgt-01d503d4-449b-46fc-8d78-9085e70d3554 camera=camera_cross_left_120fov: ftheta approximated as pinhole, hfov=118.47 deg from pixeldist_to_angle polynomial at r=950px
2026-06-10 02:24:29,757 alpasim_carla.world INFO approximation scene=clipgt-01d503d4-449b-46fc-8d78-9085e70d3554 camera=camera_cross_left_120fov: rolling shutter rendered as global shutter
2026-06-10 02:24:29,875 alpasim_carla.world INFO approximation scene=clipgt-01d503d4-449b-46fc-8d78-9085e70d3554 camera=camera_front_tele_30fov: ftheta approximated as pinhole, hfov=29.47 deg from pixeldist_to_angle polynomial at r=950px
2026-06-10 02:24:29,875 alpasim_carla.world INFO approximation scene=clipgt-01d503d4-449b-46fc-8d78-9085e70d3554 camera=camera_front_tele_30fov: rolling shutter rendered as global shutter
2026-06-10 02:24:32,470 alpasim_carla.world INFO approximation scene=clipgt-01d503d4-449b-46fc-8d78-9085e70d3554 camera=camera_cross_left_120fov: ftheta approximated as pinhole, hfov=118.47 deg from pixeldist_to_angle polynomial at r=950px
2026-06-10 02:24:32,471 alpasim_carla.world INFO approximation scene=clipgt-01d503d4-449b-46fc-8d78-9085e70d3554 camera=camera_cross_left_120fov: rolling shutter rendered as global shutter
2026-06-10 02:24:32,618 alpasim_carla.world INFO approximation scene=clipgt-01d503d4-449b-46fc-8d78-9085e70d3554 camera=camera_front_tele_30fov: ftheta approximated as pinhole, hfov=29.47 deg from pixeldist_to_angle polynomial at r=950px
2026-06-10 02:24:32,618 alpasim_carla.world INFO approximation scene=clipgt-01d503d4-449b-46fc-8d78-9085e70d3554 camera=camera_front_tele_30fov: rolling shutter rendered as global shutter
2026-06-10 02:24:32,943 alpasim_carla.world INFO approximation scene=clipgt-01d503d4-449b-46fc-8d78-9085e70d3554 camera=camera_front_wide_120fov: ftheta approximated as pinhole, hfov=118.36 deg from pixeldist_to_angle polynomial at r=950px
2026-06-10 02:24:32,943 alpasim_carla.world INFO approximation scene=clipgt-01d503d4-449b-46fc-8d78-9085e70d3554 camera=camera_front_wide_120fov: rolling shutter rendered as global shutter
2026-06-10 02:24:33,082 alpasim_carla.world INFO approximation scene=clipgt-01d503d4-449b-46fc-8d78-9085e70d3554 camera=camera_cross_right_120fov: ftheta approximated as pinhole, hfov=118.93 deg from pixeldist_to_angle polynomial at r=950px
2026-06-10 02:24:33,082 alpasim_carla.world INFO approximation scene=clipgt-01d503d4-449b-46fc-8d78-9085e70d3554 camera=camera_cross_right_120fov: rolling shutter rendered as global shutter
2026-06-10 02:24:35,734 alpasim_carla.world INFO approximation scene=clipgt-01d503d4-449b-46fc-8d78-9085e70d3554 camera=camera_front_tele_30fov: ftheta approximated as pinhole, hfov=29.47 deg from pixeldist_to_angle polynomial at r=950px
2026-06-10 02:24:35,734 alpasim_carla.world INFO approximation scene=clipgt-01d503d4-449b-46fc-8d78-9085e70d3554 camera=camera_front_tele_30fov: rolling shutter rendered as global shutter
2026-06-10 02:24:35,740 alpasim_carla.registry WARNING blueprint_fallback track_id=95 label='' dims=4.50x1.90x1.60 -> vehicle.tesla.model3 (car-like dims heuristic; add the label to the scene manifest blueprint_overrides to silence)
2026-06-10 02:24:35,744 alpasim_carla.registry INFO spawned track_id=95 blueprint=vehicle.tesla.model3 decision=dims_heuristic[no-label] bbox_offset=(0.02922368049621582, 6.031989983057429e-07, 0.7358541488647461)
2026-06-10 02:24:36,056 alpasim_carla.world INFO approximation scene=clipgt-01d503d4-449b-46fc-8d78-9085e70d3554 camera=camera_front_wide_120fov: ftheta approximated as pinhole, hfov=118.36 deg from pixeldist_to_angle polynomial at r=950px
2026-06-10 02:24:36,056 alpasim_carla.world INFO approximation scene=clipgt-01d503d4-449b-46fc-8d78-9085e70d3554 camera=camera_front_wide_120fov: rolling shutter rendered as global shutter
2026-06-10 02:24:36,207 alpasim_carla.world INFO approximation scene=clipgt-01d503d4-449b-46fc-8d78-9085e70d3554 camera=camera_cross_left_120fov: ftheta approximated as pinhole, hfov=118.47 deg from pixeldist_to_angle polynomial at r=950px
2026-06-10 02:24:36,207 alpasim_carla.world INFO approximation scene=clipgt-01d503d4-449b-46fc-8d78-9085e70d3554 camera=camera_cross_left_120fov: rolling shutter rendered as global shutter
2026-06-10 02:24:36,313 alpasim_carla.world INFO approximation scene=clipgt-01d503d4-449b-46fc-8d78-9085e70d3554 camera=camera_cross_right_120fov: ftheta approximated as pinhole, hfov=118.93 deg from pixeldist_to_angle polynomial at r=950px
2026-06-10 02:24:36,313 alpasim_carla.world INFO approximation scene=clipgt-01d503d4-449b-46fc-8d78-9085e70d3554 camera=camera_cross_right_120fov: rolling shutter rendered as global shutter
2026-06-10 02:24:38,879 alpasim_carla.world INFO approximation scene=clipgt-01d503d4-449b-46fc-8d78-9085e70d3554 camera=camera_cross_left_120fov: ftheta approximated as pinhole, hfov=118.47 deg from pixeldist_to_angle polynomial at r=950px
2026-06-10 02:24:38,879 alpasim_carla.world INFO approximation scene=clipgt-01d503d4-449b-46fc-8d78-9085e70d3554 camera=camera_cross_left_120fov: rolling shutter rendered as global shutter
2026-06-10 02:24:39,066 alpasim_carla.world INFO approximation scene=clipgt-01d503d4-449b-46fc-8d78-9085e70d3554 camera=camera_cross_right_120fov: ftheta approximated as pinhole, hfov=118.93 deg from pixeldist_to_angle polynomial at r=950px
2026-06-10 02:24:39,066 alpasim_carla.world INFO approximation scene=clipgt-01d503d4-449b-46fc-8d78-9085e70d3554 camera=camera_cross_right_120fov: rolling shutter rendered as global shutter
2026-06-10 02:24:39,416 alpasim_carla.world INFO approximation scene=clipgt-01d503d4-449b-46fc-8d78-9085e70d3554 camera=camera_front_tele_30fov: ftheta approximated as pinhole, hfov=29.47 deg from pixeldist_to_angle polynomial at r=950px
2026-06-10 02:24:39,417 alpasim_carla.world INFO approximation scene=clipgt-01d503d4-449b-46fc-8d78-9085e70d3554 camera=camera_front_tele_30fov: rolling shutter rendered as global shutter
2026-06-10 02:24:39,606 alpasim_carla.world INFO approximation scene=clipgt-01d503d4-449b-46fc-8d78-9085e70d3554 camera=camera_front_wide_120fov: ftheta approximated as pinhole, hfov=118.36 deg from pixeldist_to_angle polynomial at r=950px
2026-06-10 02:24:39,606 alpasim_carla.world INFO approximation scene=clipgt-01d503d4-449b-46fc-8d78-9085e70d3554 camera=camera_front_wide_120fov: rolling shutter rendered as global shutter
2026-06-10 02:24:42,099 alpasim_carla.world INFO approximation scene=clipgt-01d503d4-449b-46fc-8d78-9085e70d3554 camera=camera_front_tele_30fov: ftheta approximated as pinhole, hfov=29.47 deg from pixeldist_to_angle polynomial at r=950px
2026-06-10 02:24:42,099 alpasim_carla.world INFO approximation scene=clipgt-01d503d4-449b-46fc-8d78-9085e70d3554 camera=camera_front_tele_30fov: rolling shutter rendered as global shutter
2026-06-10 02:24:42,371 alpasim_carla.world INFO approximation scene=clipgt-01d503d4-449b-46fc-8d78-9085e70d3554 camera=camera_front_wide_120fov: ftheta approximated as pinhole, hfov=118.36 deg from pixeldist_to_angle polynomial at r=950px
2026-06-10 02:24:42,371 alpasim_carla.world INFO approximation scene=clipgt-01d503d4-449b-46fc-8d78-9085e70d3554 camera=camera_front_wide_120fov: rolling shutter rendered as global shutter
2026-06-10 02:24:42,546 alpasim_carla.world INFO approximation scene=clipgt-01d503d4-449b-46fc-8d78-9085e70d3554 camera=camera_cross_left_120fov: ftheta approximated as pinhole, hfov=118.47 deg from pixeldist_to_angle polynomial at r=950px
2026-06-10 02:24:42,546 alpasim_carla.world INFO approximation scene=clipgt-01d503d4-449b-46fc-8d78-9085e70d3554 camera=camera_cross_left_120fov: rolling shutter rendered as global shutter
2026-06-10 02:24:42,657 alpasim_carla.world INFO approximation scene=clipgt-01d503d4-449b-46fc-8d78-9085e70d3554 camera=camera_cross_right_120fov: ftheta approximated as pinhole, hfov=118.93 deg from pixeldist_to_angle polynomial at r=950px
2026-06-10 02:24:42,657 alpasim_carla.world INFO approximation scene=clipgt-01d503d4-449b-46fc-8d78-9085e70d3554 camera=camera_cross_right_120fov: rolling shutter rendered as global shutter
2026-06-10 02:24:45,205 alpasim_carla.world INFO approximation scene=clipgt-01d503d4-449b-46fc-8d78-9085e70d3554 camera=camera_front_wide_120fov: ftheta approximated as pinhole, hfov=118.36 deg from pixeldist_to_angle polynomial at r=950px
2026-06-10 02:24:45,205 alpasim_carla.world INFO approximation scene=clipgt-01d503d4-449b-46fc-8d78-9085e70d3554 camera=camera_front_wide_120fov: rolling shutter rendered as global shutter
2026-06-10 02:24:45,450 alpasim_carla.world INFO approximation scene=clipgt-01d503d4-449b-46fc-8d78-9085e70d3554 camera=camera_cross_left_120fov: ftheta approximated as pinhole, hfov=118.47 deg from pixeldist_to_angle polynomial at r=950px
2026-06-10 02:24:45,450 alpasim_carla.world INFO approximation scene=clipgt-01d503d4-449b-46fc-8d78-9085e70d3554 camera=camera_cross_left_120fov: rolling shutter rendered as global shutter
2026-06-10 02:24:45,598 alpasim_carla.world INFO approximation scene=clipgt-01d503d4-449b-46fc-8d78-9085e70d3554 camera=camera_front_tele_30fov: ftheta approximated as pinhole, hfov=29.47 deg from pixeldist_to_angle polynomial at r=950px
2026-06-10 02:24:45,598 alpasim_carla.world INFO approximation scene=clipgt-01d503d4-449b-46fc-8d78-9085e70d3554 camera=camera_front_tele_30fov: rolling shutter rendered as global shutter
2026-06-10 02:24:45,797 alpasim_carla.world INFO approximation scene=clipgt-01d503d4-449b-46fc-8d78-9085e70d3554 camera=camera_cross_right_120fov: ftheta approximated as pinhole, hfov=118.93 deg from pixeldist_to_angle polynomial at r=950px
2026-06-10 02:24:45,797 alpasim_carla.world INFO approximation scene=clipgt-01d503d4-449b-46fc-8d78-9085e70d3554 camera=camera_cross_right_120fov: rolling shutter rendered as global shutter
2026-06-10 02:24:48,364 alpasim_carla.world INFO approximation scene=clipgt-01d503d4-449b-46fc-8d78-9085e70d3554 camera=camera_front_tele_30fov: ftheta approximated as pinhole, hfov=29.47 deg from pixeldist_to_angle polynomial at r=950px
2026-06-10 02:24:48,365 alpasim_carla.world INFO approximation scene=clipgt-01d503d4-449b-46fc-8d78-9085e70d3554 camera=camera_front_tele_30fov: rolling shutter rendered as global shutter
2026-06-10 02:24:48,729 alpasim_carla.world INFO approximation scene=clipgt-01d503d4-449b-46fc-8d78-9085e70d3554 camera=camera_cross_right_120fov: ftheta approximated as pinhole, hfov=118.93 deg from pixeldist_to_angle polynomial at r=950px
2026-06-10 02:24:48,729 alpasim_carla.world INFO approximation scene=clipgt-01d503d4-449b-46fc-8d78-9085e70d3554 camera=camera_cross_right_120fov: rolling shutter rendered as global shutter
2026-06-10 02:24:48,971 alpasim_carla.world INFO approximation scene=clipgt-01d503d4-449b-46fc-8d78-9085e70d3554 camera=camera_front_wide_120fov: ftheta approximated as pinhole, hfov=118.36 deg from pixeldist_to_angle polynomial at r=950px
2026-06-10 02:24:48,971 alpasim_carla.world INFO approximation scene=clipgt-01d503d4-449b-46fc-8d78-9085e70d3554 camera=camera_front_wide_120fov: rolling shutter rendered as global shutter
2026-06-10 02:24:49,113 alpasim_carla.world INFO approximation scene=clipgt-01d503d4-449b-46fc-8d78-9085e70d3554 camera=camera_cross_left_120fov: ftheta approximated as pinhole, hfov=118.47 deg from pixeldist_to_angle polynomial at r=950px
2026-06-10 02:24:49,113 alpasim_carla.world INFO approximation scene=clipgt-01d503d4-449b-46fc-8d78-9085e70d3554 camera=camera_cross_left_120fov: rolling shutter rendered as global shutter
2026-06-10 02:24:51,566 alpasim_carla.world INFO approximation scene=clipgt-01d503d4-449b-46fc-8d78-9085e70d3554 camera=camera_front_wide_120fov: ftheta approximated as pinhole, hfov=118.36 deg from pixeldist_to_angle polynomial at r=950px
2026-06-10 02:24:51,566 alpasim_carla.world INFO approximation scene=clipgt-01d503d4-449b-46fc-8d78-9085e70d3554 camera=camera_front_wide_120fov: rolling shutter rendered as global shutter
2026-06-10 02:24:51,794 alpasim_carla.world INFO approximation scene=clipgt-01d503d4-449b-46fc-8d78-9085e70d3554 camera=camera_cross_left_120fov: ftheta approximated as pinhole, hfov=118.47 deg from pixeldist_to_angle polynomial at r=950px
2026-06-10 02:24:51,794 alpasim_carla.world INFO approximation scene=clipgt-01d503d4-449b-46fc-8d78-9085e70d3554 camera=camera_cross_left_120fov: rolling shutter rendered as global shutter
2026-06-10 02:24:52,009 alpasim_carla.world INFO approximation scene=clipgt-01d503d4-449b-46fc-8d78-9085e70d3554 camera=camera_front_tele_30fov: ftheta approximated as pinhole, hfov=29.47 deg from pixeldist_to_angle polynomial at r=950px
2026-06-10 02:24:52,009 alpasim_carla.world INFO approximation scene=clipgt-01d503d4-449b-46fc-8d78-9085e70d3554 camera=camera_front_tele_30fov: rolling shutter rendered as global shutter
2026-06-10 02:24:52,193 alpasim_carla.world INFO approximation scene=clipgt-01d503d4-449b-46fc-8d78-9085e70d3554 camera=camera_cross_right_120fov: ftheta approximated as pinhole, hfov=118.93 deg from pixeldist_to_angle polynomial at r=950px
2026-06-10 02:24:52,193 alpasim_carla.world INFO approximation scene=clipgt-01d503d4-449b-46fc-8d78-9085e70d3554 camera=camera_cross_right_120fov: rolling shutter rendered as global shutter
2026-06-10 02:24:54,661 alpasim_carla.world INFO approximation scene=clipgt-01d503d4-449b-46fc-8d78-9085e70d3554 camera=camera_cross_left_120fov: ftheta approximated as pinhole, hfov=118.47 deg from pixeldist_to_angle polynomial at r=950px
2026-06-10 02:24:54,661 alpasim_carla.world INFO approximation scene=clipgt-01d503d4-449b-46fc-8d78-9085e70d3554 camera=camera_cross_left_120fov: rolling shutter rendered as global shutter
2026-06-10 02:24:54,811 alpasim_carla.world INFO approximation scene=clipgt-01d503d4-449b-46fc-8d78-9085e70d3554 camera=camera_front_tele_30fov: ftheta approximated as pinhole, hfov=29.47 deg from pixeldist_to_angle polynomial at r=950px
2026-06-10 02:24:54,811 alpasim_carla.world INFO approximation scene=clipgt-01d503d4-449b-46fc-8d78-9085e70d3554 camera=camera_front_tele_30fov: rolling shutter rendered as global shutter
2026-06-10 02:24:55,157 alpasim_carla.world INFO approximation scene=clipgt-01d503d4-449b-46fc-8d78-9085e70d3554 camera=camera_front_wide_120fov: ftheta approximated as pinhole, hfov=118.36 deg from pixeldist_to_angle polynomial at r=950px
2026-06-10 02:24:55,157 alpasim_carla.world INFO approximation scene=clipgt-01d503d4-449b-46fc-8d78-9085e70d3554 camera=camera_front_wide_120fov: rolling shutter rendered as global shutter
2026-06-10 02:24:55,298 alpasim_carla.world INFO approximation scene=clipgt-01d503d4-449b-46fc-8d78-9085e70d3554 camera=camera_cross_right_120fov: ftheta approximated as pinhole, hfov=118.93 deg from pixeldist_to_angle polynomial at r=950px
2026-06-10 02:24:55,299 alpasim_carla.world INFO approximation scene=clipgt-01d503d4-449b-46fc-8d78-9085e70d3554 camera=camera_cross_right_120fov: rolling shutter rendered as global shutter
2026-06-10 02:24:57,792 alpasim_carla.world INFO approximation scene=clipgt-01d503d4-449b-46fc-8d78-9085e70d3554 camera=camera_front_wide_120fov: ftheta approximated as pinhole, hfov=118.36 deg from pixeldist_to_angle polynomial at r=950px
2026-06-10 02:24:57,792 alpasim_carla.world INFO approximation scene=clipgt-01d503d4-449b-46fc-8d78-9085e70d3554 camera=camera_front_wide_120fov: rolling shutter rendered as global shutter
2026-06-10 02:24:57,982 alpasim_carla.world INFO approximation scene=clipgt-01d503d4-449b-46fc-8d78-9085e70d3554 camera=camera_cross_right_120fov: ftheta approximated as pinhole, hfov=118.93 deg from pixeldist_to_angle polynomial at r=950px
2026-06-10 02:24:57,982 alpasim_carla.world INFO approximation scene=clipgt-01d503d4-449b-46fc-8d78-9085e70d3554 camera=camera_cross_right_120fov: rolling shutter rendered as global shutter
2026-06-10 02:24:58,279 alpasim_carla.world INFO approximation scene=clipgt-01d503d4-449b-46fc-8d78-9085e70d3554 camera=camera_cross_left_120fov: ftheta approximated as pinhole, hfov=118.47 deg from pixeldist_to_angle polynomial at r=950px
2026-06-10 02:24:58,279 alpasim_carla.world INFO approximation scene=clipgt-01d503d4-449b-46fc-8d78-9085e70d3554 camera=camera_cross_left_120fov: rolling shutter rendered as global shutter
2026-06-10 02:24:58,394 alpasim_carla.world INFO approximation scene=clipgt-01d503d4-449b-46fc-8d78-9085e70d3554 camera=camera_front_tele_30fov: ftheta approximated as pinhole, hfov=29.47 deg from pixeldist_to_angle polynomial at r=950px
2026-06-10 02:24:58,395 alpasim_carla.world INFO approximation scene=clipgt-01d503d4-449b-46fc-8d78-9085e70d3554 camera=camera_front_tele_30fov: rolling shutter rendered as global shutter
2026-06-10 02:25:00,870 alpasim_carla.world INFO approximation scene=clipgt-01d503d4-449b-46fc-8d78-9085e70d3554 camera=camera_cross_left_120fov: ftheta approximated as pinhole, hfov=118.47 deg from pixeldist_to_angle polynomial at r=950px
2026-06-10 02:25:00,870 alpasim_carla.world INFO approximation scene=clipgt-01d503d4-449b-46fc-8d78-9085e70d3554 camera=camera_cross_left_120fov: rolling shutter rendered as global shutter
2026-06-10 02:25:01,001 alpasim_carla.world INFO approximation scene=clipgt-01d503d4-449b-46fc-8d78-9085e70d3554 camera=camera_front_tele_30fov: ftheta approximated as pinhole, hfov=29.47 deg from pixeldist_to_angle polynomial at r=950px
2026-06-10 02:25:01,001 alpasim_carla.world INFO approximation scene=clipgt-01d503d4-449b-46fc-8d78-9085e70d3554 camera=camera_front_tele_30fov: rolling shutter rendered as global shutter
2026-06-10 02:25:01,308 alpasim_carla.world INFO approximation scene=clipgt-01d503d4-449b-46fc-8d78-9085e70d3554 camera=camera_front_wide_120fov: ftheta approximated as pinhole, hfov=118.36 deg from pixeldist_to_angle polynomial at r=950px
2026-06-10 02:25:01,309 alpasim_carla.world INFO approximation scene=clipgt-01d503d4-449b-46fc-8d78-9085e70d3554 camera=camera_front_wide_120fov: rolling shutter rendered as global shutter
2026-06-10 02:25:01,460 alpasim_carla.world INFO approximation scene=clipgt-01d503d4-449b-46fc-8d78-9085e70d3554 camera=camera_cross_right_120fov: ftheta approximated as pinhole, hfov=118.93 deg from pixeldist_to_angle polynomial at r=950px
2026-06-10 02:25:01,461 alpasim_carla.world INFO approximation scene=clipgt-01d503d4-449b-46fc-8d78-9085e70d3554 camera=camera_cross_right_120fov: rolling shutter rendered as global shutter
2026-06-10 02:25:04,016 alpasim_carla.world INFO approximation scene=clipgt-01d503d4-449b-46fc-8d78-9085e70d3554 camera=camera_front_tele_30fov: ftheta approximated as pinhole, hfov=29.47 deg from pixeldist_to_angle polynomial at r=950px
2026-06-10 02:25:04,016 alpasim_carla.world INFO approximation scene=clipgt-01d503d4-449b-46fc-8d78-9085e70d3554 camera=camera_front_tele_30fov: rolling shutter rendered as global shutter
2026-06-10 02:25:04,019 alpasim_carla.registry WARNING blueprint_fallback track_id=99 label='' dims=4.50x1.90x1.60 -> vehicle.tesla.model3 (car-like dims heuristic; add the label to the scene manifest blueprint_overrides to silence)
2026-06-10 02:25:04,025 alpasim_carla.registry INFO spawned track_id=99 blueprint=vehicle.tesla.model3 decision=dims_heuristic[no-label] bbox_offset=(0.02921968139708042, -4.546642230707221e-06, 0.7358777523040771)
2026-06-10 02:25:04,025 alpasim_carla.registry WARNING blueprint_fallback track_id=100 label='' dims=4.50x1.90x1.60 -> vehicle.tesla.model3 (car-like dims heuristic; add the label to the scene manifest blueprint_overrides to silence)
2026-06-10 02:25:04,028 alpasim_carla.registry INFO spawned track_id=100 blueprint=vehicle.tesla.model3 decision=dims_heuristic[no-label] bbox_offset=(0.029224107041954994, -3.963708650189801e-08, 0.7358794212341309)
2026-06-10 02:25:04,312 alpasim_carla.world INFO approximation scene=clipgt-01d503d4-449b-46fc-8d78-9085e70d3554 camera=camera_front_wide_120fov: ftheta approximated as pinhole, hfov=118.36 deg from pixeldist_to_angle polynomial at r=950px
2026-06-10 02:25:04,312 alpasim_carla.world INFO approximation scene=clipgt-01d503d4-449b-46fc-8d78-9085e70d3554 camera=camera_front_wide_120fov: rolling shutter rendered as global shutter
2026-06-10 02:25:04,480 alpasim_carla.world INFO approximation scene=clipgt-01d503d4-449b-46fc-8d78-9085e70d3554 camera=camera_cross_left_120fov: ftheta approximated as pinhole, hfov=118.47 deg from pixeldist_to_angle polynomial at r=950px
2026-06-10 02:25:04,481 alpasim_carla.world INFO approximation scene=clipgt-01d503d4-449b-46fc-8d78-9085e70d3554 camera=camera_cross_left_120fov: rolling shutter rendered as global shutter
2026-06-10 02:25:04,588 alpasim_carla.world INFO approximation scene=clipgt-01d503d4-449b-46fc-8d78-9085e70d3554 camera=camera_cross_right_120fov: ftheta approximated as pinhole, hfov=118.93 deg from pixeldist_to_angle polynomial at r=950px
2026-06-10 02:25:04,588 alpasim_carla.world INFO approximation scene=clipgt-01d503d4-449b-46fc-8d78-9085e70d3554 camera=camera_cross_right_120fov: rolling shutter rendered as global shutter
2026-06-10 02:25:07,104 alpasim_carla.world INFO approximation scene=clipgt-01d503d4-449b-46fc-8d78-9085e70d3554 camera=camera_cross_left_120fov: ftheta approximated as pinhole, hfov=118.47 deg from pixeldist_to_angle polynomial at r=950px
2026-06-10 02:25:07,104 alpasim_carla.world INFO approximation scene=clipgt-01d503d4-449b-46fc-8d78-9085e70d3554 camera=camera_cross_left_120fov: rolling shutter rendered as global shutter
2026-06-10 02:25:07,255 alpasim_carla.world INFO approximation scene=clipgt-01d503d4-449b-46fc-8d78-9085e70d3554 camera=camera_cross_right_120fov: ftheta approximated as pinhole, hfov=118.93 deg from pixeldist_to_angle polynomial at r=950px
2026-06-10 02:25:07,255 alpasim_carla.world INFO approximation scene=clipgt-01d503d4-449b-46fc-8d78-9085e70d3554 camera=camera_cross_right_120fov: rolling shutter rendered as global shutter
2026-06-10 02:25:07,609 alpasim_carla.world INFO approximation scene=clipgt-01d503d4-449b-46fc-8d78-9085e70d3554 camera=camera_front_tele_30fov: ftheta approximated as pinhole, hfov=29.47 deg from pixeldist_to_angle polynomial at r=950px
2026-06-10 02:25:07,609 alpasim_carla.world INFO approximation scene=clipgt-01d503d4-449b-46fc-8d78-9085e70d3554 camera=camera_front_tele_30fov: rolling shutter rendered as global shutter
2026-06-10 02:25:07,768 alpasim_carla.world INFO approximation scene=clipgt-01d503d4-449b-46fc-8d78-9085e70d3554 camera=camera_front_wide_120fov: ftheta approximated as pinhole, hfov=118.36 deg from pixeldist_to_angle polynomial at r=950px
2026-06-10 02:25:07,768 alpasim_carla.world INFO approximation scene=clipgt-01d503d4-449b-46fc-8d78-9085e70d3554 camera=camera_front_wide_120fov: rolling shutter rendered as global shutter
2026-06-10 02:25:10,253 alpasim_carla.world INFO approximation scene=clipgt-01d503d4-449b-46fc-8d78-9085e70d3554 camera=camera_front_tele_30fov: ftheta approximated as pinhole, hfov=29.47 deg from pixeldist_to_angle polynomial at r=950px
2026-06-10 02:25:10,253 alpasim_carla.world INFO approximation scene=clipgt-01d503d4-449b-46fc-8d78-9085e70d3554 camera=camera_front_tele_30fov: rolling shutter rendered as global shutter
2026-06-10 02:25:10,527 alpasim_carla.world INFO approximation scene=clipgt-01d503d4-449b-46fc-8d78-9085e70d3554 camera=camera_front_wide_120fov: ftheta approximated as pinhole, hfov=118.36 deg from pixeldist_to_angle polynomial at r=950px
2026-06-10 02:25:10,527 alpasim_carla.world INFO approximation scene=clipgt-01d503d4-449b-46fc-8d78-9085e70d3554 camera=camera_front_wide_120fov: rolling shutter rendered as global shutter
2026-06-10 02:25:10,677 alpasim_carla.world INFO approximation scene=clipgt-01d503d4-449b-46fc-8d78-9085e70d3554 camera=camera_cross_left_120fov: ftheta approximated as pinhole, hfov=118.47 deg from pixeldist_to_angle polynomial at r=950px
2026-06-10 02:25:10,677 alpasim_carla.world INFO approximation scene=clipgt-01d503d4-449b-46fc-8d78-9085e70d3554 camera=camera_cross_left_120fov: rolling shutter rendered as global shutter
2026-06-10 02:25:10,803 alpasim_carla.world INFO approximation scene=clipgt-01d503d4-449b-46fc-8d78-9085e70d3554 camera=camera_cross_right_120fov: ftheta approximated as pinhole, hfov=118.93 deg from pixeldist_to_angle polynomial at r=950px
2026-06-10 02:25:10,803 alpasim_carla.world INFO approximation scene=clipgt-01d503d4-449b-46fc-8d78-9085e70d3554 camera=camera_cross_right_120fov: rolling shutter rendered as global shutter
2026-06-10 02:25:13,360 alpasim_carla.world INFO approximation scene=clipgt-01d503d4-449b-46fc-8d78-9085e70d3554 camera=camera_front_wide_120fov: ftheta approximated as pinhole, hfov=118.36 deg from pixeldist_to_angle polynomial at r=950px
2026-06-10 02:25:13,360 alpasim_carla.world INFO approximation scene=clipgt-01d503d4-449b-46fc-8d78-9085e70d3554 camera=camera_front_wide_120fov: rolling shutter rendered as global shutter
2026-06-10 02:25:13,579 alpasim_carla.world INFO approximation scene=clipgt-01d503d4-449b-46fc-8d78-9085e70d3554 camera=camera_cross_left_120fov: ftheta approximated as pinhole, hfov=118.47 deg from pixeldist_to_angle polynomial at r=950px
2026-06-10 02:25:13,579 alpasim_carla.world INFO approximation scene=clipgt-01d503d4-449b-46fc-8d78-9085e70d3554 camera=camera_cross_left_120fov: rolling shutter rendered as global shutter
2026-06-10 02:25:13,765 alpasim_carla.world INFO approximation scene=clipgt-01d503d4-449b-46fc-8d78-9085e70d3554 camera=camera_front_tele_30fov: ftheta approximated as pinhole, hfov=29.47 deg from pixeldist_to_angle polynomial at r=950px
2026-06-10 02:25:13,765 alpasim_carla.world INFO approximation scene=clipgt-01d503d4-449b-46fc-8d78-9085e70d3554 camera=camera_front_tele_30fov: rolling shutter rendered as global shutter
2026-06-10 02:25:13,981 alpasim_carla.world INFO approximation scene=clipgt-01d503d4-449b-46fc-8d78-9085e70d3554 camera=camera_cross_right_120fov: ftheta approximated as pinhole, hfov=118.93 deg from pixeldist_to_angle polynomial at r=950px
2026-06-10 02:25:13,981 alpasim_carla.world INFO approximation scene=clipgt-01d503d4-449b-46fc-8d78-9085e70d3554 camera=camera_cross_right_120fov: rolling shutter rendered as global shutter
2026-06-10 02:25:16,546 alpasim_carla.world INFO approximation scene=clipgt-01d503d4-449b-46fc-8d78-9085e70d3554 camera=camera_front_tele_30fov: ftheta approximated as pinhole, hfov=29.47 deg from pixeldist_to_angle polynomial at r=950px
2026-06-10 02:25:16,546 alpasim_carla.world INFO approximation scene=clipgt-01d503d4-449b-46fc-8d78-9085e70d3554 camera=camera_front_tele_30fov: rolling shutter rendered as global shutter
2026-06-10 02:25:16,802 alpasim_carla.world INFO approximation scene=clipgt-01d503d4-449b-46fc-8d78-9085e70d3554 camera=camera_cross_right_120fov: ftheta approximated as pinhole, hfov=118.93 deg from pixeldist_to_angle polynomial at r=950px
2026-06-10 02:25:16,802 alpasim_carla.world INFO approximation scene=clipgt-01d503d4-449b-46fc-8d78-9085e70d3554 camera=camera_cross_right_120fov: rolling shutter rendered as global shutter
2026-06-10 02:25:17,051 alpasim_carla.world INFO approximation scene=clipgt-01d503d4-449b-46fc-8d78-9085e70d3554 camera=camera_front_wide_120fov: ftheta approximated as pinhole, hfov=118.36 deg from pixeldist_to_angle polynomial at r=950px
2026-06-10 02:25:17,051 alpasim_carla.world INFO approximation scene=clipgt-01d503d4-449b-46fc-8d78-9085e70d3554 camera=camera_front_wide_120fov: rolling shutter rendered as global shutter
2026-06-10 02:25:17,197 alpasim_carla.world INFO approximation scene=clipgt-01d503d4-449b-46fc-8d78-9085e70d3554 camera=camera_cross_left_120fov: ftheta approximated as pinhole, hfov=118.47 deg from pixeldist_to_angle polynomial at r=950px
2026-06-10 02:25:17,197 alpasim_carla.world INFO approximation scene=clipgt-01d503d4-449b-46fc-8d78-9085e70d3554 camera=camera_cross_left_120fov: rolling shutter rendered as global shutter
2026-06-10 02:25:19,885 alpasim_carla.world INFO approximation scene=clipgt-01d503d4-449b-46fc-8d78-9085e70d3554 camera=camera_front_wide_120fov: ftheta approximated as pinhole, hfov=118.36 deg from pixeldist_to_angle polynomial at r=950px
2026-06-10 02:25:19,886 alpasim_carla.world INFO approximation scene=clipgt-01d503d4-449b-46fc-8d78-9085e70d3554 camera=camera_front_wide_120fov: rolling shutter rendered as global shutter
2026-06-10 02:25:20,111 alpasim_carla.world INFO approximation scene=clipgt-01d503d4-449b-46fc-8d78-9085e70d3554 camera=camera_cross_left_120fov: ftheta approximated as pinhole, hfov=118.47 deg from pixeldist_to_angle polynomial at r=950px
2026-06-10 02:25:20,111 alpasim_carla.world INFO approximation scene=clipgt-01d503d4-449b-46fc-8d78-9085e70d3554 camera=camera_cross_left_120fov: rolling shutter rendered as global shutter
2026-06-10 02:25:20,325 alpasim_carla.world INFO approximation scene=clipgt-01d503d4-449b-46fc-8d78-9085e70d3554 camera=camera_front_tele_30fov: ftheta approximated as pinhole, hfov=29.47 deg from pixeldist_to_angle polynomial at r=950px
2026-06-10 02:25:20,325 alpasim_carla.world INFO approximation scene=clipgt-01d503d4-449b-46fc-8d78-9085e70d3554 camera=camera_front_tele_30fov: rolling shutter rendered as global shutter
2026-06-10 02:25:20,514 alpasim_carla.world INFO approximation scene=clipgt-01d503d4-449b-46fc-8d78-9085e70d3554 camera=camera_cross_right_120fov: ftheta approximated as pinhole, hfov=118.93 deg from pixeldist_to_angle polynomial at r=950px
2026-06-10 02:25:20,514 alpasim_carla.world INFO approximation scene=clipgt-01d503d4-449b-46fc-8d78-9085e70d3554 camera=camera_cross_right_120fov: rolling shutter rendered as global shutter
2026-06-10 02:25:23,015 alpasim_carla.world INFO approximation scene=clipgt-01d503d4-449b-46fc-8d78-9085e70d3554 camera=camera_cross_left_120fov: ftheta approximated as pinhole, hfov=118.47 deg from pixeldist_to_angle polynomial at r=950px
2026-06-10 02:25:23,016 alpasim_carla.world INFO approximation scene=clipgt-01d503d4-449b-46fc-8d78-9085e70d3554 camera=camera_cross_left_120fov: rolling shutter rendered as global shutter
2026-06-10 02:25:23,019 alpasim_carla.registry WARNING blueprint_fallback track_id=103 label='' dims=4.50x1.90x1.60 -> vehicle.tesla.model3 (car-like dims heuristic; add the label to the scene manifest blueprint_overrides to silence)
2026-06-10 02:25:23,023 alpasim_carla.registry INFO spawned track_id=103 blueprint=vehicle.tesla.model3 decision=dims_heuristic[no-label] bbox_offset=(0.029219388961791992, -2.908706733251165e-07, 0.7358733415603638)
2026-06-10 02:25:23,025 alpasim_carla.registry WARNING blueprint_fallback track_id=102 label='' dims=4.50x1.90x1.60 -> vehicle.tesla.model3 (car-like dims heuristic; add the label to the scene manifest blueprint_overrides to silence)
2026-06-10 02:25:23,028 alpasim_carla.registry INFO spawned track_id=102 blueprint=vehicle.tesla.model3 decision=dims_heuristic[no-label] bbox_offset=(0.029217597097158432, 2.482905969714011e-08, 0.7358766794204712)
2026-06-10 02:25:23,180 alpasim_carla.world INFO approximation scene=clipgt-01d503d4-449b-46fc-8d78-9085e70d3554 camera=camera_front_tele_30fov: ftheta approximated as pinhole, hfov=29.47 deg from pixeldist_to_angle polynomial at r=950px
2026-06-10 02:25:23,181 alpasim_carla.world INFO approximation scene=clipgt-01d503d4-449b-46fc-8d78-9085e70d3554 camera=camera_front_tele_30fov: rolling shutter rendered as global shutter
2026-06-10 02:25:23,613 alpasim_carla.world INFO approximation scene=clipgt-01d503d4-449b-46fc-8d78-9085e70d3554 camera=camera_front_wide_120fov: ftheta approximated as pinhole, hfov=118.36 deg from pixeldist_to_angle polynomial at r=950px
2026-06-10 02:25:23,613 alpasim_carla.world INFO approximation scene=clipgt-01d503d4-449b-46fc-8d78-9085e70d3554 camera=camera_front_wide_120fov: rolling shutter rendered as global shutter
2026-06-10 02:25:23,756 alpasim_carla.world INFO approximation scene=clipgt-01d503d4-449b-46fc-8d78-9085e70d3554 camera=camera_cross_right_120fov: ftheta approximated as pinhole, hfov=118.93 deg from pixeldist_to_angle polynomial at r=950px
2026-06-10 02:25:23,757 alpasim_carla.world INFO approximation scene=clipgt-01d503d4-449b-46fc-8d78-9085e70d3554 camera=camera_cross_right_120fov: rolling shutter rendered as global shutter
2026-06-10 02:25:26,334 alpasim_carla.world INFO approximation scene=clipgt-01d503d4-449b-46fc-8d78-9085e70d3554 camera=camera_front_wide_120fov: ftheta approximated as pinhole, hfov=118.36 deg from pixeldist_to_angle polynomial at r=950px
2026-06-10 02:25:26,334 alpasim_carla.world INFO approximation scene=clipgt-01d503d4-449b-46fc-8d78-9085e70d3554 camera=camera_front_wide_120fov: rolling shutter rendered as global shutter
2026-06-10 02:25:26,569 alpasim_carla.world INFO approximation scene=clipgt-01d503d4-449b-46fc-8d78-9085e70d3554 camera=camera_cross_right_120fov: ftheta approximated as pinhole, hfov=118.93 deg from pixeldist_to_angle polynomial at r=950px
2026-06-10 02:25:26,569 alpasim_carla.world INFO approximation scene=clipgt-01d503d4-449b-46fc-8d78-9085e70d3554 camera=camera_cross_right_120fov: rolling shutter rendered as global shutter
2026-06-10 02:25:26,903 alpasim_carla.world INFO approximation scene=clipgt-01d503d4-449b-46fc-8d78-9085e70d3554 camera=camera_cross_left_120fov: ftheta approximated as pinhole, hfov=118.47 deg from pixeldist_to_angle polynomial at r=950px
2026-06-10 02:25:26,903 alpasim_carla.world INFO approximation scene=clipgt-01d503d4-449b-46fc-8d78-9085e70d3554 camera=camera_cross_left_120fov: rolling shutter rendered as global shutter
2026-06-10 02:25:27,038 alpasim_carla.world INFO approximation scene=clipgt-01d503d4-449b-46fc-8d78-9085e70d3554 camera=camera_front_tele_30fov: ftheta approximated as pinhole, hfov=29.47 deg from pixeldist_to_angle polynomial at r=950px
2026-06-10 02:25:27,038 alpasim_carla.world INFO approximation scene=clipgt-01d503d4-449b-46fc-8d78-9085e70d3554 camera=camera_front_tele_30fov: rolling shutter rendered as global shutter
2026-06-10 02:25:29,613 alpasim_carla.world INFO approximation scene=clipgt-01d503d4-449b-46fc-8d78-9085e70d3554 camera=camera_cross_left_120fov: ftheta approximated as pinhole, hfov=118.47 deg from pixeldist_to_angle polynomial at r=950px
2026-06-10 02:25:29,614 alpasim_carla.world INFO approximation scene=clipgt-01d503d4-449b-46fc-8d78-9085e70d3554 camera=camera_cross_left_120fov: rolling shutter rendered as global shutter
2026-06-10 02:25:29,750 alpasim_carla.world INFO approximation scene=clipgt-01d503d4-449b-46fc-8d78-9085e70d3554 camera=camera_front_tele_30fov: ftheta approximated as pinhole, hfov=29.47 deg from pixeldist_to_angle polynomial at r=950px
2026-06-10 02:25:29,751 alpasim_carla.world INFO approximation scene=clipgt-01d503d4-449b-46fc-8d78-9085e70d3554 camera=camera_front_tele_30fov: rolling shutter rendered as global shutter
2026-06-10 02:25:30,061 alpasim_carla.world INFO approximation scene=clipgt-01d503d4-449b-46fc-8d78-9085e70d3554 camera=camera_front_wide_120fov: ftheta approximated as pinhole, hfov=118.36 deg from pixeldist_to_angle polynomial at r=950px
2026-06-10 02:25:30,061 alpasim_carla.world INFO approximation scene=clipgt-01d503d4-449b-46fc-8d78-9085e70d3554 camera=camera_front_wide_120fov: rolling shutter rendered as global shutter
2026-06-10 02:25:30,199 alpasim_carla.world INFO approximation scene=clipgt-01d503d4-449b-46fc-8d78-9085e70d3554 camera=camera_cross_right_120fov: ftheta approximated as pinhole, hfov=118.93 deg from pixeldist_to_angle polynomial at r=950px
2026-06-10 02:25:30,199 alpasim_carla.world INFO approximation scene=clipgt-01d503d4-449b-46fc-8d78-9085e70d3554 camera=camera_cross_right_120fov: rolling shutter rendered as global shutter
2026-06-10 02:25:32,650 alpasim_carla.world INFO approximation scene=clipgt-01d503d4-449b-46fc-8d78-9085e70d3554 camera=camera_front_tele_30fov: ftheta approximated as pinhole, hfov=29.47 deg from pixeldist_to_angle polynomial at r=950px
2026-06-10 02:25:32,650 alpasim_carla.world INFO approximation scene=clipgt-01d503d4-449b-46fc-8d78-9085e70d3554 camera=camera_front_tele_30fov: rolling shutter rendered as global shutter
2026-06-10 02:25:32,936 alpasim_carla.world INFO approximation scene=clipgt-01d503d4-449b-46fc-8d78-9085e70d3554 camera=camera_front_wide_120fov: ftheta approximated as pinhole, hfov=118.36 deg from pixeldist_to_angle polynomial at r=950px
2026-06-10 02:25:32,937 alpasim_carla.world INFO approximation scene=clipgt-01d503d4-449b-46fc-8d78-9085e70d3554 camera=camera_front_wide_120fov: rolling shutter rendered as global shutter
2026-06-10 02:25:33,093 alpasim_carla.world INFO approximation scene=clipgt-01d503d4-449b-46fc-8d78-9085e70d3554 camera=camera_cross_left_120fov: ftheta approximated as pinhole, hfov=118.47 deg from pixeldist_to_angle polynomial at r=950px
2026-06-10 02:25:33,093 alpasim_carla.world INFO approximation scene=clipgt-01d503d4-449b-46fc-8d78-9085e70d3554 camera=camera_cross_left_120fov: rolling shutter rendered as global shutter
2026-06-10 02:25:33,210 alpasim_carla.world INFO approximation scene=clipgt-01d503d4-449b-46fc-8d78-9085e70d3554 camera=camera_cross_right_120fov: ftheta approximated as pinhole, hfov=118.93 deg from pixeldist_to_angle polynomial at r=950px
2026-06-10 02:25:33,210 alpasim_carla.world INFO approximation scene=clipgt-01d503d4-449b-46fc-8d78-9085e70d3554 camera=camera_cross_right_120fov: rolling shutter rendered as global shutter
2026-06-10 02:25:35,708 alpasim_carla.world INFO approximation scene=clipgt-01d503d4-449b-46fc-8d78-9085e70d3554 camera=camera_cross_left_120fov: ftheta approximated as pinhole, hfov=118.47 deg from pixeldist_to_angle polynomial at r=950px
2026-06-10 02:25:35,708 alpasim_carla.world INFO approximation scene=clipgt-01d503d4-449b-46fc-8d78-9085e70d3554 camera=camera_cross_left_120fov: rolling shutter rendered as global shutter
2026-06-10 02:25:35,849 alpasim_carla.world INFO approximation scene=clipgt-01d503d4-449b-46fc-8d78-9085e70d3554 camera=camera_cross_right_120fov: ftheta approximated as pinhole, hfov=118.93 deg from pixeldist_to_angle polynomial at r=950px
2026-06-10 02:25:35,849 alpasim_carla.world INFO approximation scene=clipgt-01d503d4-449b-46fc-8d78-9085e70d3554 camera=camera_cross_right_120fov: rolling shutter rendered as global shutter
2026-06-10 02:25:36,334 alpasim_carla.world INFO approximation scene=clipgt-01d503d4-449b-46fc-8d78-9085e70d3554 camera=camera_front_tele_30fov: ftheta approximated as pinhole, hfov=29.47 deg from pixeldist_to_angle polynomial at r=950px
2026-06-10 02:25:36,334 alpasim_carla.world INFO approximation scene=clipgt-01d503d4-449b-46fc-8d78-9085e70d3554 camera=camera_front_tele_30fov: rolling shutter rendered as global shutter
2026-06-10 02:25:36,498 alpasim_carla.world INFO approximation scene=clipgt-01d503d4-449b-46fc-8d78-9085e70d3554 camera=camera_front_wide_120fov: ftheta approximated as pinhole, hfov=118.36 deg from pixeldist_to_angle polynomial at r=950px
2026-06-10 02:25:36,498 alpasim_carla.world INFO approximation scene=clipgt-01d503d4-449b-46fc-8d78-9085e70d3554 camera=camera_front_wide_120fov: rolling shutter rendered as global shutter
2026-06-10 02:25:39,122 alpasim_carla.world INFO approximation scene=clipgt-01d503d4-449b-46fc-8d78-9085e70d3554 camera=camera_front_tele_30fov: ftheta approximated as pinhole, hfov=29.47 deg from pixeldist_to_angle polynomial at r=950px
2026-06-10 02:25:39,122 alpasim_carla.world INFO approximation scene=clipgt-01d503d4-449b-46fc-8d78-9085e70d3554 camera=camera_front_tele_30fov: rolling shutter rendered as global shutter
2026-06-10 02:25:39,414 alpasim_carla.world INFO approximation scene=clipgt-01d503d4-449b-46fc-8d78-9085e70d3554 camera=camera_front_wide_120fov: ftheta approximated as pinhole, hfov=118.36 deg from pixeldist_to_angle polynomial at r=950px
2026-06-10 02:25:39,415 alpasim_carla.world INFO approximation scene=clipgt-01d503d4-449b-46fc-8d78-9085e70d3554 camera=camera_front_wide_120fov: rolling shutter rendered as global shutter
2026-06-10 02:25:39,558 alpasim_carla.world INFO approximation scene=clipgt-01d503d4-449b-46fc-8d78-9085e70d3554 camera=camera_cross_left_120fov: ftheta approximated as pinhole, hfov=118.47 deg from pixeldist_to_angle polynomial at r=950px
2026-06-10 02:25:39,558 alpasim_carla.world INFO approximation scene=clipgt-01d503d4-449b-46fc-8d78-9085e70d3554 camera=camera_cross_left_120fov: rolling shutter rendered as global shutter
2026-06-10 02:25:39,657 alpasim_carla.world INFO approximation scene=clipgt-01d503d4-449b-46fc-8d78-9085e70d3554 camera=camera_cross_right_120fov: ftheta approximated as pinhole, hfov=118.93 deg from pixeldist_to_angle polynomial at r=950px
2026-06-10 02:25:39,657 alpasim_carla.world INFO approximation scene=clipgt-01d503d4-449b-46fc-8d78-9085e70d3554 camera=camera_cross_right_120fov: rolling shutter rendered as global shutter
2026-06-10 02:25:42,211 alpasim_carla.world INFO approximation scene=clipgt-01d503d4-449b-46fc-8d78-9085e70d3554 camera=camera_front_wide_120fov: ftheta approximated as pinhole, hfov=118.36 deg from pixeldist_to_angle polynomial at r=950px
2026-06-10 02:25:42,211 alpasim_carla.world INFO approximation scene=clipgt-01d503d4-449b-46fc-8d78-9085e70d3554 camera=camera_front_wide_120fov: rolling shutter rendered as global shutter
2026-06-10 02:25:42,457 alpasim_carla.world INFO approximation scene=clipgt-01d503d4-449b-46fc-8d78-9085e70d3554 camera=camera_cross_left_120fov: ftheta approximated as pinhole, hfov=118.47 deg from pixeldist_to_angle polynomial at r=950px
2026-06-10 02:25:42,457 alpasim_carla.world INFO approximation scene=clipgt-01d503d4-449b-46fc-8d78-9085e70d3554 camera=camera_cross_left_120fov: rolling shutter rendered as global shutter
2026-06-10 02:25:42,578 alpasim_carla.world INFO approximation scene=clipgt-01d503d4-449b-46fc-8d78-9085e70d3554 camera=camera_front_tele_30fov: ftheta approximated as pinhole, hfov=29.47 deg from pixeldist_to_angle polynomial at r=950px
2026-06-10 02:25:42,579 alpasim_carla.world INFO approximation scene=clipgt-01d503d4-449b-46fc-8d78-9085e70d3554 camera=camera_front_tele_30fov: rolling shutter rendered as global shutter
2026-06-10 02:25:42,780 alpasim_carla.world INFO approximation scene=clipgt-01d503d4-449b-46fc-8d78-9085e70d3554 camera=camera_cross_right_120fov: ftheta approximated as pinhole, hfov=118.93 deg from pixeldist_to_angle polynomial at r=950px
2026-06-10 02:25:42,780 alpasim_carla.world INFO approximation scene=clipgt-01d503d4-449b-46fc-8d78-9085e70d3554 camera=camera_cross_right_120fov: rolling shutter rendered as global shutter
2026-06-10 02:25:45,299 alpasim_carla.world INFO approximation scene=clipgt-01d503d4-449b-46fc-8d78-9085e70d3554 camera=camera_front_tele_30fov: ftheta approximated as pinhole, hfov=29.47 deg from pixeldist_to_angle polynomial at r=950px
2026-06-10 02:25:45,299 alpasim_carla.world INFO approximation scene=clipgt-01d503d4-449b-46fc-8d78-9085e70d3554 camera=camera_front_tele_30fov: rolling shutter rendered as global shutter
2026-06-10 02:25:45,563 alpasim_carla.world INFO approximation scene=clipgt-01d503d4-449b-46fc-8d78-9085e70d3554 camera=camera_cross_right_120fov: ftheta approximated as pinhole, hfov=118.93 deg from pixeldist_to_angle polynomial at r=950px
2026-06-10 02:25:45,563 alpasim_carla.world INFO approximation scene=clipgt-01d503d4-449b-46fc-8d78-9085e70d3554 camera=camera_cross_right_120fov: rolling shutter rendered as global shutter
2026-06-10 02:25:45,794 alpasim_carla.world INFO approximation scene=clipgt-01d503d4-449b-46fc-8d78-9085e70d3554 camera=camera_front_wide_120fov: ftheta approximated as pinhole, hfov=118.36 deg from pixeldist_to_angle polynomial at r=950px
2026-06-10 02:25:45,794 alpasim_carla.world INFO approximation scene=clipgt-01d503d4-449b-46fc-8d78-9085e70d3554 camera=camera_front_wide_120fov: rolling shutter rendered as global shutter
2026-06-10 02:25:45,942 alpasim_carla.world INFO approximation scene=clipgt-01d503d4-449b-46fc-8d78-9085e70d3554 camera=camera_cross_left_120fov: ftheta approximated as pinhole, hfov=118.47 deg from pixeldist_to_angle polynomial at r=950px
2026-06-10 02:25:45,942 alpasim_carla.world INFO approximation scene=clipgt-01d503d4-449b-46fc-8d78-9085e70d3554 camera=camera_cross_left_120fov: rolling shutter rendered as global shutter
2026-06-10 02:25:49,263 alpasim_carla.world INFO approximation scene=clipgt-01d503d4-449b-46fc-8d78-9085e70d3554 camera=camera_front_wide_120fov: ftheta approximated as pinhole, hfov=118.36 deg from pixeldist_to_angle polynomial at r=950px
2026-06-10 02:25:49,263 alpasim_carla.world INFO approximation scene=clipgt-01d503d4-449b-46fc-8d78-9085e70d3554 camera=camera_front_wide_120fov: rolling shutter rendered as global shutter
2026-06-10 02:25:49,485 alpasim_carla.world INFO approximation scene=clipgt-01d503d4-449b-46fc-8d78-9085e70d3554 camera=camera_cross_left_120fov: ftheta approximated as pinhole, hfov=118.47 deg from pixeldist_to_angle polynomial at r=950px
2026-06-10 02:25:49,485 alpasim_carla.world INFO approximation scene=clipgt-01d503d4-449b-46fc-8d78-9085e70d3554 camera=camera_cross_left_120fov: rolling shutter rendered as global shutter
2026-06-10 02:25:49,645 alpasim_carla.world INFO approximation scene=clipgt-01d503d4-449b-46fc-8d78-9085e70d3554 camera=camera_front_tele_30fov: ftheta approximated as pinhole, hfov=29.47 deg from pixeldist_to_angle polynomial at r=950px
2026-06-10 02:25:49,646 alpasim_carla.world INFO approximation scene=clipgt-01d503d4-449b-46fc-8d78-9085e70d3554 camera=camera_front_tele_30fov: rolling shutter rendered as global shutter
2026-06-10 02:25:49,855 alpasim_carla.world INFO approximation scene=clipgt-01d503d4-449b-46fc-8d78-9085e70d3554 camera=camera_cross_right_120fov: ftheta approximated as pinhole, hfov=118.93 deg from pixeldist_to_angle polynomial at r=950px
2026-06-10 02:25:49,855 alpasim_carla.world INFO approximation scene=clipgt-01d503d4-449b-46fc-8d78-9085e70d3554 camera=camera_cross_right_120fov: rolling shutter rendered as global shutter
2026-06-10 02:25:52,503 alpasim_carla.world INFO approximation scene=clipgt-01d503d4-449b-46fc-8d78-9085e70d3554 camera=camera_cross_left_120fov: ftheta approximated as pinhole, hfov=118.47 deg from pixeldist_to_angle polynomial at r=950px
2026-06-10 02:25:52,503 alpasim_carla.world INFO approximation scene=clipgt-01d503d4-449b-46fc-8d78-9085e70d3554 camera=camera_cross_left_120fov: rolling shutter rendered as global shutter
2026-06-10 02:25:52,670 alpasim_carla.world INFO approximation scene=clipgt-01d503d4-449b-46fc-8d78-9085e70d3554 camera=camera_front_tele_30fov: ftheta approximated as pinhole, hfov=29.47 deg from pixeldist_to_angle polynomial at r=950px
2026-06-10 02:25:52,670 alpasim_carla.world INFO approximation scene=clipgt-01d503d4-449b-46fc-8d78-9085e70d3554 camera=camera_front_tele_30fov: rolling shutter rendered as global shutter
2026-06-10 02:25:52,931 alpasim_carla.world INFO approximation scene=clipgt-01d503d4-449b-46fc-8d78-9085e70d3554 camera=camera_front_wide_120fov: ftheta approximated as pinhole, hfov=118.36 deg from pixeldist_to_angle polynomial at r=950px
2026-06-10 02:25:52,931 alpasim_carla.world INFO approximation scene=clipgt-01d503d4-449b-46fc-8d78-9085e70d3554 camera=camera_front_wide_120fov: rolling shutter rendered as global shutter
2026-06-10 02:25:53,065 alpasim_carla.world INFO approximation scene=clipgt-01d503d4-449b-46fc-8d78-9085e70d3554 camera=camera_cross_right_120fov: ftheta approximated as pinhole, hfov=118.93 deg from pixeldist_to_angle polynomial at r=950px
2026-06-10 02:25:53,066 alpasim_carla.world INFO approximation scene=clipgt-01d503d4-449b-46fc-8d78-9085e70d3554 camera=camera_cross_right_120fov: rolling shutter rendered as global shutter
2026-06-10 02:25:55,719 alpasim_carla.world INFO approximation scene=clipgt-01d503d4-449b-46fc-8d78-9085e70d3554 camera=camera_front_wide_120fov: ftheta approximated as pinhole, hfov=118.36 deg from pixeldist_to_angle polynomial at r=950px
2026-06-10 02:25:55,719 alpasim_carla.world INFO approximation scene=clipgt-01d503d4-449b-46fc-8d78-9085e70d3554 camera=camera_front_wide_120fov: rolling shutter rendered as global shutter
2026-06-10 02:25:55,930 alpasim_carla.world INFO approximation scene=clipgt-01d503d4-449b-46fc-8d78-9085e70d3554 camera=camera_cross_right_120fov: ftheta approximated as pinhole, hfov=118.93 deg from pixeldist_to_angle polynomial at r=950px
2026-06-10 02:25:55,930 alpasim_carla.world INFO approximation scene=clipgt-01d503d4-449b-46fc-8d78-9085e70d3554 camera=camera_cross_right_120fov: rolling shutter rendered as global shutter
2026-06-10 02:25:56,202 alpasim_carla.world INFO approximation scene=clipgt-01d503d4-449b-46fc-8d78-9085e70d3554 camera=camera_cross_left_120fov: ftheta approximated as pinhole, hfov=118.47 deg from pixeldist_to_angle polynomial at r=950px
2026-06-10 02:25:56,202 alpasim_carla.world INFO approximation scene=clipgt-01d503d4-449b-46fc-8d78-9085e70d3554 camera=camera_cross_left_120fov: rolling shutter rendered as global shutter
2026-06-10 02:25:56,315 alpasim_carla.world INFO approximation scene=clipgt-01d503d4-449b-46fc-8d78-9085e70d3554 camera=camera_front_tele_30fov: ftheta approximated as pinhole, hfov=29.47 deg from pixeldist_to_angle polynomial at r=950px
2026-06-10 02:25:56,315 alpasim_carla.world INFO approximation scene=clipgt-01d503d4-449b-46fc-8d78-9085e70d3554 camera=camera_front_tele_30fov: rolling shutter rendered as global shutter
2026-06-10 02:25:58,969 alpasim_carla.world INFO approximation scene=clipgt-01d503d4-449b-46fc-8d78-9085e70d3554 camera=camera_cross_left_120fov: ftheta approximated as pinhole, hfov=118.47 deg from pixeldist_to_angle polynomial at r=950px
2026-06-10 02:25:58,969 alpasim_carla.world INFO approximation scene=clipgt-01d503d4-449b-46fc-8d78-9085e70d3554 camera=camera_cross_left_120fov: rolling shutter rendered as global shutter
2026-06-10 02:25:59,127 alpasim_carla.world INFO approximation scene=clipgt-01d503d4-449b-46fc-8d78-9085e70d3554 camera=camera_front_tele_30fov: ftheta approximated as pinhole, hfov=29.47 deg from pixeldist_to_angle polynomial at r=950px
2026-06-10 02:25:59,128 alpasim_carla.world INFO approximation scene=clipgt-01d503d4-449b-46fc-8d78-9085e70d3554 camera=camera_front_tele_30fov: rolling shutter rendered as global shutter
2026-06-10 02:25:59,424 alpasim_carla.world INFO approximation scene=clipgt-01d503d4-449b-46fc-8d78-9085e70d3554 camera=camera_front_wide_120fov: ftheta approximated as pinhole, hfov=118.36 deg from pixeldist_to_angle polynomial at r=950px
2026-06-10 02:25:59,424 alpasim_carla.world INFO approximation scene=clipgt-01d503d4-449b-46fc-8d78-9085e70d3554 camera=camera_front_wide_120fov: rolling shutter rendered as global shutter
2026-06-10 02:25:59,574 alpasim_carla.world INFO approximation scene=clipgt-01d503d4-449b-46fc-8d78-9085e70d3554 camera=camera_cross_right_120fov: ftheta approximated as pinhole, hfov=118.93 deg from pixeldist_to_angle polynomial at r=950px
2026-06-10 02:25:59,574 alpasim_carla.world INFO approximation scene=clipgt-01d503d4-449b-46fc-8d78-9085e70d3554 camera=camera_cross_right_120fov: rolling shutter rendered as global shutter
2026-06-10 02:26:02,213 alpasim_carla.world INFO approximation scene=clipgt-01d503d4-449b-46fc-8d78-9085e70d3554 camera=camera_front_tele_30fov: ftheta approximated as pinhole, hfov=29.47 deg from pixeldist_to_angle polynomial at r=950px
2026-06-10 02:26:02,213 alpasim_carla.world INFO approximation scene=clipgt-01d503d4-449b-46fc-8d78-9085e70d3554 camera=camera_front_tele_30fov: rolling shutter rendered as global shutter
2026-06-10 02:26:02,215 alpasim_carla.registry WARNING blueprint_fallback track_id=109 label='' dims=4.50x1.90x1.60 -> vehicle.tesla.model3 (car-like dims heuristic; add the label to the scene manifest blueprint_overrides to silence)
2026-06-10 02:26:02,220 alpasim_carla.registry INFO spawned track_id=109 blueprint=vehicle.tesla.model3 decision=dims_heuristic[no-label] bbox_offset=(0.029221052303910255, 3.337860050578456e-07, 0.7358651757240295)
2026-06-10 02:26:02,518 alpasim_carla.world INFO approximation scene=clipgt-01d503d4-449b-46fc-8d78-9085e70d3554 camera=camera_front_wide_120fov: ftheta approximated as pinhole, hfov=118.36 deg from pixeldist_to_angle polynomial at r=950px
2026-06-10 02:26:02,518 alpasim_carla.world INFO approximation scene=clipgt-01d503d4-449b-46fc-8d78-9085e70d3554 camera=camera_front_wide_120fov: rolling shutter rendered as global shutter
2026-06-10 02:26:02,692 alpasim_carla.world INFO approximation scene=clipgt-01d503d4-449b-46fc-8d78-9085e70d3554 camera=camera_cross_left_120fov: ftheta approximated as pinhole, hfov=118.47 deg from pixeldist_to_angle polynomial at r=950px
2026-06-10 02:26:02,692 alpasim_carla.world INFO approximation scene=clipgt-01d503d4-449b-46fc-8d78-9085e70d3554 camera=camera_cross_left_120fov: rolling shutter rendered as global shutter
2026-06-10 02:26:02,818 alpasim_carla.world INFO approximation scene=clipgt-01d503d4-449b-46fc-8d78-9085e70d3554 camera=camera_cross_right_120fov: ftheta approximated as pinhole, hfov=118.93 deg from pixeldist_to_angle polynomial at r=950px
2026-06-10 02:26:02,819 alpasim_carla.world INFO approximation scene=clipgt-01d503d4-449b-46fc-8d78-9085e70d3554 camera=camera_cross_right_120fov: rolling shutter rendered as global shutter
2026-06-10 02:26:06,793 alpasim_carla.world INFO approximation scene=clipgt-01d503d4-449b-46fc-8d78-9085e70d3554 camera=camera_cross_left_120fov: ftheta approximated as pinhole, hfov=118.47 deg from pixeldist_to_angle polynomial at r=950px
2026-06-10 02:26:06,793 alpasim_carla.world INFO approximation scene=clipgt-01d503d4-449b-46fc-8d78-9085e70d3554 camera=camera_cross_left_120fov: rolling shutter rendered as global shutter
2026-06-10 02:26:06,794 alpasim_carla.registry WARNING blueprint_fallback track_id=108 label='' dims=4.50x1.90x1.60 -> vehicle.tesla.model3 (car-like dims heuristic; add the label to the scene manifest blueprint_overrides to silence)
2026-06-10 02:26:06,798 alpasim_carla.registry INFO spawned track_id=108 blueprint=vehicle.tesla.model3 decision=dims_heuristic[no-label] bbox_offset=(0.029229087755084038, -1.3470649662394862e-07, 0.7358701229095459)
2026-06-10 02:26:06,963 alpasim_carla.world INFO approximation scene=clipgt-01d503d4-449b-46fc-8d78-9085e70d3554 camera=camera_cross_right_120fov: ftheta approximated as pinhole, hfov=118.93 deg from pixeldist_to_angle polynomial at r=950px
2026-06-10 02:26:06,963 alpasim_carla.world INFO approximation scene=clipgt-01d503d4-449b-46fc-8d78-9085e70d3554 camera=camera_cross_right_120fov: rolling shutter rendered as global shutter
2026-06-10 02:26:07,296 alpasim_carla.world INFO approximation scene=clipgt-01d503d4-449b-46fc-8d78-9085e70d3554 camera=camera_front_tele_30fov: ftheta approximated as pinhole, hfov=29.47 deg from pixeldist_to_angle polynomial at r=950px
2026-06-10 02:26:07,296 alpasim_carla.world INFO approximation scene=clipgt-01d503d4-449b-46fc-8d78-9085e70d3554 camera=camera_front_tele_30fov: rolling shutter rendered as global shutter
2026-06-10 02:26:07,516 alpasim_carla.world INFO approximation scene=clipgt-01d503d4-449b-46fc-8d78-9085e70d3554 camera=camera_front_wide_120fov: ftheta approximated as pinhole, hfov=118.36 deg from pixeldist_to_angle polynomial at r=950px
2026-06-10 02:26:07,516 alpasim_carla.world INFO approximation scene=clipgt-01d503d4-449b-46fc-8d78-9085e70d3554 camera=camera_front_wide_120fov: rolling shutter rendered as global shutter
2026-06-10 02:26:10,097 alpasim_carla.world INFO approximation scene=clipgt-01d503d4-449b-46fc-8d78-9085e70d3554 camera=camera_front_tele_30fov: ftheta approximated as pinhole, hfov=29.47 deg from pixeldist_to_angle polynomial at r=950px
2026-06-10 02:26:10,097 alpasim_carla.world INFO approximation scene=clipgt-01d503d4-449b-46fc-8d78-9085e70d3554 camera=camera_front_tele_30fov: rolling shutter rendered as global shutter
2026-06-10 02:26:10,362 alpasim_carla.world INFO approximation scene=clipgt-01d503d4-449b-46fc-8d78-9085e70d3554 camera=camera_front_wide_120fov: ftheta approximated as pinhole, hfov=118.36 deg from pixeldist_to_angle polynomial at r=950px
2026-06-10 02:26:10,362 alpasim_carla.world INFO approximation scene=clipgt-01d503d4-449b-46fc-8d78-9085e70d3554 camera=camera_front_wide_120fov: rolling shutter rendered as global shutter
2026-06-10 02:26:10,534 alpasim_carla.world INFO approximation scene=clipgt-01d503d4-449b-46fc-8d78-9085e70d3554 camera=camera_cross_left_120fov: ftheta approximated as pinhole, hfov=118.47 deg from pixeldist_to_angle polynomial at r=950px
2026-06-10 02:26:10,534 alpasim_carla.world INFO approximation scene=clipgt-01d503d4-449b-46fc-8d78-9085e70d3554 camera=camera_cross_left_120fov: rolling shutter rendered as global shutter
2026-06-10 02:26:10,642 alpasim_carla.world INFO approximation scene=clipgt-01d503d4-449b-46fc-8d78-9085e70d3554 camera=camera_cross_right_120fov: ftheta approximated as pinhole, hfov=118.93 deg from pixeldist_to_angle polynomial at r=950px
2026-06-10 02:26:10,643 alpasim_carla.world INFO approximation scene=clipgt-01d503d4-449b-46fc-8d78-9085e70d3554 camera=camera_cross_right_120fov: rolling shutter rendered as global shutter
2026-06-10 02:26:13,258 alpasim_carla.world INFO approximation scene=clipgt-01d503d4-449b-46fc-8d78-9085e70d3554 camera=camera_front_wide_120fov: ftheta approximated as pinhole, hfov=118.36 deg from pixeldist_to_angle polynomial at r=950px
2026-06-10 02:26:13,258 alpasim_carla.world INFO approximation scene=clipgt-01d503d4-449b-46fc-8d78-9085e70d3554 camera=camera_front_wide_120fov: rolling shutter rendered as global shutter
2026-06-10 02:26:13,480 alpasim_carla.world INFO approximation scene=clipgt-01d503d4-449b-46fc-8d78-9085e70d3554 camera=camera_cross_left_120fov: ftheta approximated as pinhole, hfov=118.47 deg from pixeldist_to_angle polynomial at r=950px
2026-06-10 02:26:13,480 alpasim_carla.world INFO approximation scene=clipgt-01d503d4-449b-46fc-8d78-9085e70d3554 camera=camera_cross_left_120fov: rolling shutter rendered as global shutter
2026-06-10 02:26:13,627 alpasim_carla.world INFO approximation scene=clipgt-01d503d4-449b-46fc-8d78-9085e70d3554 camera=camera_front_tele_30fov: ftheta approximated as pinhole, hfov=29.47 deg from pixeldist_to_angle polynomial at r=950px
2026-06-10 02:26:13,627 alpasim_carla.world INFO approximation scene=clipgt-01d503d4-449b-46fc-8d78-9085e70d3554 camera=camera_front_tele_30fov: rolling shutter rendered as global shutter
2026-06-10 02:26:13,819 alpasim_carla.world INFO approximation scene=clipgt-01d503d4-449b-46fc-8d78-9085e70d3554 camera=camera_cross_right_120fov: ftheta approximated as pinhole, hfov=118.93 deg from pixeldist_to_angle polynomial at r=950px
2026-06-10 02:26:13,820 alpasim_carla.world INFO approximation scene=clipgt-01d503d4-449b-46fc-8d78-9085e70d3554 camera=camera_cross_right_120fov: rolling shutter rendered as global shutter
2026-06-10 02:26:16,491 alpasim_carla.world INFO approximation scene=clipgt-01d503d4-449b-46fc-8d78-9085e70d3554 camera=camera_front_tele_30fov: ftheta approximated as pinhole, hfov=29.47 deg from pixeldist_to_angle polynomial at r=950px
2026-06-10 02:26:16,491 alpasim_carla.world INFO approximation scene=clipgt-01d503d4-449b-46fc-8d78-9085e70d3554 camera=camera_front_tele_30fov: rolling shutter rendered as global shutter
2026-06-10 02:26:16,493 alpasim_carla.registry WARNING blueprint_fallback track_id=112 label='' dims=4.50x1.90x1.60 -> vehicle.tesla.model3 (car-like dims heuristic; add the label to the scene manifest blueprint_overrides to silence)
2026-06-10 02:26:16,497 alpasim_carla.registry INFO spawned track_id=112 blueprint=vehicle.tesla.model3 decision=dims_heuristic[no-label] bbox_offset=(0.029220763593912125, -1.7449259814839024e-07, 0.7358561754226685)
2026-06-10 02:26:16,498 alpasim_carla.registry WARNING blueprint_fallback track_id=111 label='' dims=4.50x1.90x1.60 -> vehicle.tesla.model3 (car-like dims heuristic; add the label to the scene manifest blueprint_overrides to silence)
2026-06-10 02:26:16,501 alpasim_carla.registry INFO spawned track_id=111 blueprint=vehicle.tesla.model3 decision=dims_heuristic[no-label] bbox_offset=(0.029212485998868942, 2.5570392381268903e-07, 0.735855221748352)
2026-06-10 02:26:16,770 alpasim_carla.world INFO approximation scene=clipgt-01d503d4-449b-46fc-8d78-9085e70d3554 camera=camera_cross_right_120fov: ftheta approximated as pinhole, hfov=118.93 deg from pixeldist_to_angle polynomial at r=950px
2026-06-10 02:26:16,770 alpasim_carla.world INFO approximation scene=clipgt-01d503d4-449b-46fc-8d78-9085e70d3554 camera=camera_cross_right_120fov: rolling shutter rendered as global shutter
2026-06-10 02:26:17,009 alpasim_carla.world INFO approximation scene=clipgt-01d503d4-449b-46fc-8d78-9085e70d3554 camera=camera_front_wide_120fov: ftheta approximated as pinhole, hfov=118.36 deg from pixeldist_to_angle polynomial at r=950px
2026-06-10 02:26:17,009 alpasim_carla.world INFO approximation scene=clipgt-01d503d4-449b-46fc-8d78-9085e70d3554 camera=camera_front_wide_120fov: rolling shutter rendered as global shutter
2026-06-10 02:26:17,158 alpasim_carla.world INFO approximation scene=clipgt-01d503d4-449b-46fc-8d78-9085e70d3554 camera=camera_cross_left_120fov: ftheta approximated as pinhole, hfov=118.47 deg from pixeldist_to_angle polynomial at r=950px
2026-06-10 02:26:17,158 alpasim_carla.world INFO approximation scene=clipgt-01d503d4-449b-46fc-8d78-9085e70d3554 camera=camera_cross_left_120fov: rolling shutter rendered as global shutter
2026-06-10 02:26:19,713 alpasim_carla.world INFO approximation scene=clipgt-01d503d4-449b-46fc-8d78-9085e70d3554 camera=camera_front_wide_120fov: ftheta approximated as pinhole, hfov=118.36 deg from pixeldist_to_angle polynomial at r=950px
2026-06-10 02:26:19,713 alpasim_carla.world INFO approximation scene=clipgt-01d503d4-449b-46fc-8d78-9085e70d3554 camera=camera_front_wide_120fov: rolling shutter rendered as global shutter
2026-06-10 02:26:19,927 alpasim_carla.world INFO approximation scene=clipgt-01d503d4-449b-46fc-8d78-9085e70d3554 camera=camera_cross_left_120fov: ftheta approximated as pinhole, hfov=118.47 deg from pixeldist_to_angle polynomial at r=950px
2026-06-10 02:26:19,928 alpasim_carla.world INFO approximation scene=clipgt-01d503d4-449b-46fc-8d78-9085e70d3554 camera=camera_cross_left_120fov: rolling shutter rendered as global shutter
2026-06-10 02:26:20,066 alpasim_carla.world INFO approximation scene=clipgt-01d503d4-449b-46fc-8d78-9085e70d3554 camera=camera_front_tele_30fov: ftheta approximated as pinhole, hfov=29.47 deg from pixeldist_to_angle polynomial at r=950px
2026-06-10 02:26:20,066 alpasim_carla.world INFO approximation scene=clipgt-01d503d4-449b-46fc-8d78-9085e70d3554 camera=camera_front_tele_30fov: rolling shutter rendered as global shutter
2026-06-10 02:26:20,272 alpasim_carla.world INFO approximation scene=clipgt-01d503d4-449b-46fc-8d78-9085e70d3554 camera=camera_cross_right_120fov: ftheta approximated as pinhole, hfov=118.93 deg from pixeldist_to_angle polynomial at r=950px
2026-06-10 02:26:20,272 alpasim_carla.world INFO approximation scene=clipgt-01d503d4-449b-46fc-8d78-9085e70d3554 camera=camera_cross_right_120fov: rolling shutter rendered as global shutter
2026-06-10 02:26:22,855 alpasim_carla.world INFO approximation scene=clipgt-01d503d4-449b-46fc-8d78-9085e70d3554 camera=camera_cross_left_120fov: ftheta approximated as pinhole, hfov=118.47 deg from pixeldist_to_angle polynomial at r=950px
2026-06-10 02:26:22,855 alpasim_carla.world INFO approximation scene=clipgt-01d503d4-449b-46fc-8d78-9085e70d3554 camera=camera_cross_left_120fov: rolling shutter rendered as global shutter
2026-06-10 02:26:22,996 alpasim_carla.world INFO approximation scene=clipgt-01d503d4-449b-46fc-8d78-9085e70d3554 camera=camera_front_tele_30fov: ftheta approximated as pinhole, hfov=29.47 deg from pixeldist_to_angle polynomial at r=950px
2026-06-10 02:26:22,996 alpasim_carla.world INFO approximation scene=clipgt-01d503d4-449b-46fc-8d78-9085e70d3554 camera=camera_front_tele_30fov: rolling shutter rendered as global shutter
2026-06-10 02:26:23,303 alpasim_carla.world INFO approximation scene=clipgt-01d503d4-449b-46fc-8d78-9085e70d3554 camera=camera_front_wide_120fov: ftheta approximated as pinhole, hfov=118.36 deg from pixeldist_to_angle polynomial at r=950px
2026-06-10 02:26:23,303 alpasim_carla.world INFO approximation scene=clipgt-01d503d4-449b-46fc-8d78-9085e70d3554 camera=camera_front_wide_120fov: rolling shutter rendered as global shutter
2026-06-10 02:26:23,448 alpasim_carla.world INFO approximation scene=clipgt-01d503d4-449b-46fc-8d78-9085e70d3554 camera=camera_cross_right_120fov: ftheta approximated as pinhole, hfov=118.93 deg from pixeldist_to_angle polynomial at r=950px
2026-06-10 02:26:23,448 alpasim_carla.world INFO approximation scene=clipgt-01d503d4-449b-46fc-8d78-9085e70d3554 camera=camera_cross_right_120fov: rolling shutter rendered as global shutter
2026-06-10 02:26:26,880 alpasim_carla.world INFO approximation scene=clipgt-01d503d4-449b-46fc-8d78-9085e70d3554 camera=camera_front_wide_120fov: ftheta approximated as pinhole, hfov=118.36 deg from pixeldist_to_angle polynomial at r=950px
2026-06-10 02:26:26,880 alpasim_carla.world INFO approximation scene=clipgt-01d503d4-449b-46fc-8d78-9085e70d3554 camera=camera_front_wide_120fov: rolling shutter rendered as global shutter
2026-06-10 02:26:27,078 alpasim_carla.world INFO approximation scene=clipgt-01d503d4-449b-46fc-8d78-9085e70d3554 camera=camera_cross_right_120fov: ftheta approximated as pinhole, hfov=118.93 deg from pixeldist_to_angle polynomial at r=950px
2026-06-10 02:26:27,078 alpasim_carla.world INFO approximation scene=clipgt-01d503d4-449b-46fc-8d78-9085e70d3554 camera=camera_cross_right_120fov: rolling shutter rendered as global shutter
2026-06-10 02:26:27,311 alpasim_carla.world INFO approximation scene=clipgt-01d503d4-449b-46fc-8d78-9085e70d3554 camera=camera_cross_left_120fov: ftheta approximated as pinhole, hfov=118.47 deg from pixeldist_to_angle polynomial at r=950px
2026-06-10 02:26:27,311 alpasim_carla.world INFO approximation scene=clipgt-01d503d4-449b-46fc-8d78-9085e70d3554 camera=camera_cross_left_120fov: rolling shutter rendered as global shutter
2026-06-10 02:26:27,411 alpasim_carla.world INFO approximation scene=clipgt-01d503d4-449b-46fc-8d78-9085e70d3554 camera=camera_front_tele_30fov: ftheta approximated as pinhole, hfov=29.47 deg from pixeldist_to_angle polynomial at r=950px
2026-06-10 02:26:27,411 alpasim_carla.world INFO approximation scene=clipgt-01d503d4-449b-46fc-8d78-9085e70d3554 camera=camera_front_tele_30fov: rolling shutter rendered as global shutter
2026-06-10 02:26:29,971 alpasim_carla.world INFO approximation scene=clipgt-01d503d4-449b-46fc-8d78-9085e70d3554 camera=camera_cross_left_120fov: ftheta approximated as pinhole, hfov=118.47 deg from pixeldist_to_angle polynomial at r=950px
2026-06-10 02:26:29,971 alpasim_carla.world INFO approximation scene=clipgt-01d503d4-449b-46fc-8d78-9085e70d3554 camera=camera_cross_left_120fov: rolling shutter rendered as global shutter
2026-06-10 02:26:30,136 alpasim_carla.world INFO approximation scene=clipgt-01d503d4-449b-46fc-8d78-9085e70d3554 camera=camera_front_tele_30fov: ftheta approximated as pinhole, hfov=29.47 deg from pixeldist_to_angle polynomial at r=950px
2026-06-10 02:26:30,136 alpasim_carla.world INFO approximation scene=clipgt-01d503d4-449b-46fc-8d78-9085e70d3554 camera=camera_front_tele_30fov: rolling shutter rendered as global shutter
2026-06-10 02:26:30,494 alpasim_carla.world INFO approximation scene=clipgt-01d503d4-449b-46fc-8d78-9085e70d3554 camera=camera_front_wide_120fov: ftheta approximated as pinhole, hfov=118.36 deg from pixeldist_to_angle polynomial at r=950px
2026-06-10 02:26:30,494 alpasim_carla.world INFO approximation scene=clipgt-01d503d4-449b-46fc-8d78-9085e70d3554 camera=camera_front_wide_120fov: rolling shutter rendered as global shutter
2026-06-10 02:26:30,635 alpasim_carla.world INFO approximation scene=clipgt-01d503d4-449b-46fc-8d78-9085e70d3554 camera=camera_cross_right_120fov: ftheta approximated as pinhole, hfov=118.93 deg from pixeldist_to_angle polynomial at r=950px
2026-06-10 02:26:30,635 alpasim_carla.world INFO approximation scene=clipgt-01d503d4-449b-46fc-8d78-9085e70d3554 camera=camera_cross_right_120fov: rolling shutter rendered as global shutter
2026-06-10 02:26:33,281 alpasim_carla.world INFO approximation scene=clipgt-01d503d4-449b-46fc-8d78-9085e70d3554 camera=camera_front_tele_30fov: ftheta approximated as pinhole, hfov=29.47 deg from pixeldist_to_angle polynomial at r=950px
2026-06-10 02:26:33,281 alpasim_carla.world INFO approximation scene=clipgt-01d503d4-449b-46fc-8d78-9085e70d3554 camera=camera_front_tele_30fov: rolling shutter rendered as global shutter
2026-06-10 02:26:33,596 alpasim_carla.world INFO approximation scene=clipgt-01d503d4-449b-46fc-8d78-9085e70d3554 camera=camera_front_wide_120fov: ftheta approximated as pinhole, hfov=118.36 deg from pixeldist_to_angle polynomial at r=950px
2026-06-10 02:26:33,596 alpasim_carla.world INFO approximation scene=clipgt-01d503d4-449b-46fc-8d78-9085e70d3554 camera=camera_front_wide_120fov: rolling shutter rendered as global shutter
2026-06-10 02:26:33,746 alpasim_carla.world INFO approximation scene=clipgt-01d503d4-449b-46fc-8d78-9085e70d3554 camera=camera_cross_left_120fov: ftheta approximated as pinhole, hfov=118.47 deg from pixeldist_to_angle polynomial at r=950px
2026-06-10 02:26:33,746 alpasim_carla.world INFO approximation scene=clipgt-01d503d4-449b-46fc-8d78-9085e70d3554 camera=camera_cross_left_120fov: rolling shutter rendered as global shutter
2026-06-10 02:26:33,877 alpasim_carla.world INFO approximation scene=clipgt-01d503d4-449b-46fc-8d78-9085e70d3554 camera=camera_cross_right_120fov: ftheta approximated as pinhole, hfov=118.93 deg from pixeldist_to_angle polynomial at r=950px
2026-06-10 02:26:33,877 alpasim_carla.world INFO approximation scene=clipgt-01d503d4-449b-46fc-8d78-9085e70d3554 camera=camera_cross_right_120fov: rolling shutter rendered as global shutter
2026-06-10 02:26:36,591 alpasim_carla.world INFO approximation scene=clipgt-01d503d4-449b-46fc-8d78-9085e70d3554 camera=camera_cross_left_120fov: ftheta approximated as pinhole, hfov=118.47 deg from pixeldist_to_angle polynomial at r=950px
2026-06-10 02:26:36,591 alpasim_carla.world INFO approximation scene=clipgt-01d503d4-449b-46fc-8d78-9085e70d3554 camera=camera_cross_left_120fov: rolling shutter rendered as global shutter
2026-06-10 02:26:36,736 alpasim_carla.world INFO approximation scene=clipgt-01d503d4-449b-46fc-8d78-9085e70d3554 camera=camera_cross_right_120fov: ftheta approximated as pinhole, hfov=118.93 deg from pixeldist_to_angle polynomial at r=950px
2026-06-10 02:26:36,737 alpasim_carla.world INFO approximation scene=clipgt-01d503d4-449b-46fc-8d78-9085e70d3554 camera=camera_cross_right_120fov: rolling shutter rendered as global shutter
2026-06-10 02:26:37,052 alpasim_carla.world INFO approximation scene=clipgt-01d503d4-449b-46fc-8d78-9085e70d3554 camera=camera_front_tele_30fov: ftheta approximated as pinhole, hfov=29.47 deg from pixeldist_to_angle polynomial at r=950px
2026-06-10 02:26:37,052 alpasim_carla.world INFO approximation scene=clipgt-01d503d4-449b-46fc-8d78-9085e70d3554 camera=camera_front_tele_30fov: rolling shutter rendered as global shutter
2026-06-10 02:26:37,226 alpasim_carla.world INFO approximation scene=clipgt-01d503d4-449b-46fc-8d78-9085e70d3554 camera=camera_front_wide_120fov: ftheta approximated as pinhole, hfov=118.36 deg from pixeldist_to_angle polynomial at r=950px
2026-06-10 02:26:37,226 alpasim_carla.world INFO approximation scene=clipgt-01d503d4-449b-46fc-8d78-9085e70d3554 camera=camera_front_wide_120fov: rolling shutter rendered as global shutter
2026-06-10 02:26:41,019 alpasim_carla.world INFO approximation scene=clipgt-01d503d4-449b-46fc-8d78-9085e70d3554 camera=camera_front_tele_30fov: ftheta approximated as pinhole, hfov=29.47 deg from pixeldist_to_angle polynomial at r=950px
2026-06-10 02:26:41,019 alpasim_carla.world INFO approximation scene=clipgt-01d503d4-449b-46fc-8d78-9085e70d3554 camera=camera_front_tele_30fov: rolling shutter rendered as global shutter
2026-06-10 02:26:41,022 alpasim_carla.registry WARNING blueprint_fallback track_id=116 label='' dims=4.50x1.90x1.60 -> vehicle.tesla.model3 (car-like dims heuristic; add the label to the scene manifest blueprint_overrides to silence)
2026-06-10 02:26:41,025 alpasim_carla.registry INFO spawned track_id=116 blueprint=vehicle.tesla.model3 decision=dims_heuristic[no-label] bbox_offset=(0.02921491302549839, 7.152557373046875e-07, 0.7358739376068115)
2026-06-10 02:26:41,342 alpasim_carla.world INFO approximation scene=clipgt-01d503d4-449b-46fc-8d78-9085e70d3554 camera=camera_front_wide_120fov: ftheta approximated as pinhole, hfov=118.36 deg from pixeldist_to_angle polynomial at r=950px
2026-06-10 02:26:41,342 alpasim_carla.world INFO approximation scene=clipgt-01d503d4-449b-46fc-8d78-9085e70d3554 camera=camera_front_wide_120fov: rolling shutter rendered as global shutter
2026-06-10 02:26:41,495 alpasim_carla.world INFO approximation scene=clipgt-01d503d4-449b-46fc-8d78-9085e70d3554 camera=camera_cross_left_120fov: ftheta approximated as pinhole, hfov=118.47 deg from pixeldist_to_angle polynomial at r=950px
2026-06-10 02:26:41,495 alpasim_carla.world INFO approximation scene=clipgt-01d503d4-449b-46fc-8d78-9085e70d3554 camera=camera_cross_left_120fov: rolling shutter rendered as global shutter
2026-06-10 02:26:41,616 alpasim_carla.world INFO approximation scene=clipgt-01d503d4-449b-46fc-8d78-9085e70d3554 camera=camera_cross_right_120fov: ftheta approximated as pinhole, hfov=118.93 deg from pixeldist_to_angle polynomial at r=950px
2026-06-10 02:26:41,616 alpasim_carla.world INFO approximation scene=clipgt-01d503d4-449b-46fc-8d78-9085e70d3554 camera=camera_cross_right_120fov: rolling shutter rendered as global shutter
2026-06-10 02:26:44,138 alpasim_carla.world INFO approximation scene=clipgt-01d503d4-449b-46fc-8d78-9085e70d3554 camera=camera_front_wide_120fov: ftheta approximated as pinhole, hfov=118.36 deg from pixeldist_to_angle polynomial at r=950px
2026-06-10 02:26:44,138 alpasim_carla.world INFO approximation scene=clipgt-01d503d4-449b-46fc-8d78-9085e70d3554 camera=camera_front_wide_120fov: rolling shutter rendered as global shutter
2026-06-10 02:26:44,372 alpasim_carla.world INFO approximation scene=clipgt-01d503d4-449b-46fc-8d78-9085e70d3554 camera=camera_cross_left_120fov: ftheta approximated as pinhole, hfov=118.47 deg from pixeldist_to_angle polynomial at r=950px
2026-06-10 02:26:44,373 alpasim_carla.world INFO approximation scene=clipgt-01d503d4-449b-46fc-8d78-9085e70d3554 camera=camera_cross_left_120fov: rolling shutter rendered as global shutter
2026-06-10 02:26:44,557 alpasim_carla.world INFO approximation scene=clipgt-01d503d4-449b-46fc-8d78-9085e70d3554 camera=camera_front_tele_30fov: ftheta approximated as pinhole, hfov=29.47 deg from pixeldist_to_angle polynomial at r=950px
2026-06-10 02:26:44,557 alpasim_carla.world INFO approximation scene=clipgt-01d503d4-449b-46fc-8d78-9085e70d3554 camera=camera_front_tele_30fov: rolling shutter rendered as global shutter
2026-06-10 02:26:44,742 alpasim_carla.world INFO approximation scene=clipgt-01d503d4-449b-46fc-8d78-9085e70d3554 camera=camera_cross_right_120fov: ftheta approximated as pinhole, hfov=118.93 deg from pixeldist_to_angle polynomial at r=950px
2026-06-10 02:26:44,742 alpasim_carla.world INFO approximation scene=clipgt-01d503d4-449b-46fc-8d78-9085e70d3554 camera=camera_cross_right_120fov: rolling shutter rendered as global shutter
2026-06-10 02:26:47,340 alpasim_carla.world INFO approximation scene=clipgt-01d503d4-449b-46fc-8d78-9085e70d3554 camera=camera_front_tele_30fov: ftheta approximated as pinhole, hfov=29.47 deg from pixeldist_to_angle polynomial at r=950px
2026-06-10 02:26:47,340 alpasim_carla.world INFO approximation scene=clipgt-01d503d4-449b-46fc-8d78-9085e70d3554 camera=camera_front_tele_30fov: rolling shutter rendered as global shutter
2026-06-10 02:26:47,342 alpasim_carla.registry WARNING blueprint_fallback track_id=119 label='' dims=4.50x1.90x1.60 -> vehicle.tesla.model3 (car-like dims heuristic; add the label to the scene manifest blueprint_overrides to silence)
2026-06-10 02:26:47,346 alpasim_carla.registry INFO spawned track_id=119 blueprint=vehicle.tesla.model3 decision=dims_heuristic[no-label] bbox_offset=(0.029227685183286667, 4.410743486005231e-07, 0.7358748316764832)
2026-06-10 02:26:47,613 alpasim_carla.world INFO approximation scene=clipgt-01d503d4-449b-46fc-8d78-9085e70d3554 camera=camera_cross_right_120fov: ftheta approximated as pinhole, hfov=118.93 deg from pixeldist_to_angle polynomial at r=950px
2026-06-10 02:26:47,613 alpasim_carla.world INFO approximation scene=clipgt-01d503d4-449b-46fc-8d78-9085e70d3554 camera=camera_cross_right_120fov: rolling shutter rendered as global shutter
2026-06-10 02:26:47,844 alpasim_carla.world INFO approximation scene=clipgt-01d503d4-449b-46fc-8d78-9085e70d3554 camera=camera_front_wide_120fov: ftheta approximated as pinhole, hfov=118.36 deg from pixeldist_to_angle polynomial at r=950px
2026-06-10 02:26:47,845 alpasim_carla.world INFO approximation scene=clipgt-01d503d4-449b-46fc-8d78-9085e70d3554 camera=camera_front_wide_120fov: rolling shutter rendered as global shutter
2026-06-10 02:26:47,989 alpasim_carla.world INFO approximation scene=clipgt-01d503d4-449b-46fc-8d78-9085e70d3554 camera=camera_cross_left_120fov: ftheta approximated as pinhole, hfov=118.47 deg from pixeldist_to_angle polynomial at r=950px
2026-06-10 02:26:47,989 alpasim_carla.world INFO approximation scene=clipgt-01d503d4-449b-46fc-8d78-9085e70d3554 camera=camera_cross_left_120fov: rolling shutter rendered as global shutter
2026-06-10 02:26:50,534 alpasim_carla.world INFO approximation scene=clipgt-01d503d4-449b-46fc-8d78-9085e70d3554 camera=camera_front_wide_120fov: ftheta approximated as pinhole, hfov=118.36 deg from pixeldist_to_angle polynomial at r=950px
2026-06-10 02:26:50,534 alpasim_carla.world INFO approximation scene=clipgt-01d503d4-449b-46fc-8d78-9085e70d3554 camera=camera_front_wide_120fov: rolling shutter rendered as global shutter
2026-06-10 02:26:50,757 alpasim_carla.world INFO approximation scene=clipgt-01d503d4-449b-46fc-8d78-9085e70d3554 camera=camera_cross_left_120fov: ftheta approximated as pinhole, hfov=118.47 deg from pixeldist_to_angle polynomial at r=950px
2026-06-10 02:26:50,758 alpasim_carla.world INFO approximation scene=clipgt-01d503d4-449b-46fc-8d78-9085e70d3554 camera=camera_cross_left_120fov: rolling shutter rendered as global shutter
2026-06-10 02:26:50,904 alpasim_carla.world INFO approximation scene=clipgt-01d503d4-449b-46fc-8d78-9085e70d3554 camera=camera_front_tele_30fov: ftheta approximated as pinhole, hfov=29.47 deg from pixeldist_to_angle polynomial at r=950px
2026-06-10 02:26:50,904 alpasim_carla.world INFO approximation scene=clipgt-01d503d4-449b-46fc-8d78-9085e70d3554 camera=camera_front_tele_30fov: rolling shutter rendered as global shutter
2026-06-10 02:26:51,158 alpasim_carla.world INFO approximation scene=clipgt-01d503d4-449b-46fc-8d78-9085e70d3554 camera=camera_cross_right_120fov: ftheta approximated as pinhole, hfov=118.93 deg from pixeldist_to_angle polynomial at r=950px
2026-06-10 02:26:51,158 alpasim_carla.world INFO approximation scene=clipgt-01d503d4-449b-46fc-8d78-9085e70d3554 camera=camera_cross_right_120fov: rolling shutter rendered as global shutter
2026-06-10 02:26:55,286 alpasim_carla.world INFO approximation scene=clipgt-01d503d4-449b-46fc-8d78-9085e70d3554 camera=camera_cross_left_120fov: ftheta approximated as pinhole, hfov=118.47 deg from pixeldist_to_angle polynomial at r=950px
2026-06-10 02:26:55,287 alpasim_carla.world INFO approximation scene=clipgt-01d503d4-449b-46fc-8d78-9085e70d3554 camera=camera_cross_left_120fov: rolling shutter rendered as global shutter
2026-06-10 02:26:55,444 alpasim_carla.world INFO approximation scene=clipgt-01d503d4-449b-46fc-8d78-9085e70d3554 camera=camera_front_tele_30fov: ftheta approximated as pinhole, hfov=29.47 deg from pixeldist_to_angle polynomial at r=950px
2026-06-10 02:26:55,445 alpasim_carla.world INFO approximation scene=clipgt-01d503d4-449b-46fc-8d78-9085e70d3554 camera=camera_front_tele_30fov: rolling shutter rendered as global shutter
2026-06-10 02:26:55,754 alpasim_carla.world INFO approximation scene=clipgt-01d503d4-449b-46fc-8d78-9085e70d3554 camera=camera_front_wide_120fov: ftheta approximated as pinhole, hfov=118.36 deg from pixeldist_to_angle polynomial at r=950px
2026-06-10 02:26:55,755 alpasim_carla.world INFO approximation scene=clipgt-01d503d4-449b-46fc-8d78-9085e70d3554 camera=camera_front_wide_120fov: rolling shutter rendered as global shutter
2026-06-10 02:26:55,974 alpasim_carla.world INFO approximation scene=clipgt-01d503d4-449b-46fc-8d78-9085e70d3554 camera=camera_cross_right_120fov: ftheta approximated as pinhole, hfov=118.93 deg from pixeldist_to_angle polynomial at r=950px
2026-06-10 02:26:55,974 alpasim_carla.world INFO approximation scene=clipgt-01d503d4-449b-46fc-8d78-9085e70d3554 camera=camera_cross_right_120fov: rolling shutter rendered as global shutter
2026-06-10 02:26:58,582 alpasim_carla.world INFO approximation scene=clipgt-01d503d4-449b-46fc-8d78-9085e70d3554 camera=camera_front_wide_120fov: ftheta approximated as pinhole, hfov=118.36 deg from pixeldist_to_angle polynomial at r=950px
2026-06-10 02:26:58,583 alpasim_carla.world INFO approximation scene=clipgt-01d503d4-449b-46fc-8d78-9085e70d3554 camera=camera_front_wide_120fov: rolling shutter rendered as global shutter
2026-06-10 02:26:58,834 alpasim_carla.world INFO approximation scene=clipgt-01d503d4-449b-46fc-8d78-9085e70d3554 camera=camera_cross_right_120fov: ftheta approximated as pinhole, hfov=118.93 deg from pixeldist_to_angle polynomial at r=950px
2026-06-10 02:26:58,834 alpasim_carla.world INFO approximation scene=clipgt-01d503d4-449b-46fc-8d78-9085e70d3554 camera=camera_cross_right_120fov: rolling shutter rendered as global shutter
2026-06-10 02:26:59,134 alpasim_carla.world INFO approximation scene=clipgt-01d503d4-449b-46fc-8d78-9085e70d3554 camera=camera_cross_left_120fov: ftheta approximated as pinhole, hfov=118.47 deg from pixeldist_to_angle polynomial at r=950px
2026-06-10 02:26:59,134 alpasim_carla.world INFO approximation scene=clipgt-01d503d4-449b-46fc-8d78-9085e70d3554 camera=camera_cross_left_120fov: rolling shutter rendered as global shutter
2026-06-10 02:26:59,260 alpasim_carla.world INFO approximation scene=clipgt-01d503d4-449b-46fc-8d78-9085e70d3554 camera=camera_front_tele_30fov: ftheta approximated as pinhole, hfov=29.47 deg from pixeldist_to_angle polynomial at r=950px
2026-06-10 02:26:59,260 alpasim_carla.world INFO approximation scene=clipgt-01d503d4-449b-46fc-8d78-9085e70d3554 camera=camera_front_tele_30fov: rolling shutter rendered as global shutter
2026-06-10 02:27:04,545 alpasim_carla.world INFO approximation scene=clipgt-01d503d4-449b-46fc-8d78-9085e70d3554 camera=camera_cross_left_120fov: ftheta approximated as pinhole, hfov=118.47 deg from pixeldist_to_angle polynomial at r=950px
2026-06-10 02:27:04,546 alpasim_carla.world INFO approximation scene=clipgt-01d503d4-449b-46fc-8d78-9085e70d3554 camera=camera_cross_left_120fov: rolling shutter rendered as global shutter
2026-06-10 02:27:04,710 alpasim_carla.world INFO approximation scene=clipgt-01d503d4-449b-46fc-8d78-9085e70d3554 camera=camera_front_tele_30fov: ftheta approximated as pinhole, hfov=29.47 deg from pixeldist_to_angle polynomial at r=950px
2026-06-10 02:27:04,710 alpasim_carla.world INFO approximation scene=clipgt-01d503d4-449b-46fc-8d78-9085e70d3554 camera=camera_front_tele_30fov: rolling shutter rendered as global shutter
2026-06-10 02:27:05,015 alpasim_carla.world INFO approximation scene=clipgt-01d503d4-449b-46fc-8d78-9085e70d3554 camera=camera_front_wide_120fov: ftheta approximated as pinhole, hfov=118.36 deg from pixeldist_to_angle polynomial at r=950px
2026-06-10 02:27:05,015 alpasim_carla.world INFO approximation scene=clipgt-01d503d4-449b-46fc-8d78-9085e70d3554 camera=camera_front_wide_120fov: rolling shutter rendered as global shutter
2026-06-10 02:27:05,150 alpasim_carla.world INFO approximation scene=clipgt-01d503d4-449b-46fc-8d78-9085e70d3554 camera=camera_cross_right_120fov: ftheta approximated as pinhole, hfov=118.93 deg from pixeldist_to_angle polynomial at r=950px
2026-06-10 02:27:05,150 alpasim_carla.world INFO approximation scene=clipgt-01d503d4-449b-46fc-8d78-9085e70d3554 camera=camera_cross_right_120fov: rolling shutter rendered as global shutter
2026-06-10 02:27:07,688 alpasim_carla.world INFO approximation scene=clipgt-01d503d4-449b-46fc-8d78-9085e70d3554 camera=camera_front_tele_30fov: ftheta approximated as pinhole, hfov=29.47 deg from pixeldist_to_angle polynomial at r=950px
2026-06-10 02:27:07,688 alpasim_carla.world INFO approximation scene=clipgt-01d503d4-449b-46fc-8d78-9085e70d3554 camera=camera_front_tele_30fov: rolling shutter rendered as global shutter
2026-06-10 02:27:07,689 alpasim_carla.registry WARNING blueprint_fallback track_id=121 label='' dims=4.50x1.90x1.60 -> vehicle.tesla.model3 (car-like dims heuristic; add the label to the scene manifest blueprint_overrides to silence)
2026-06-10 02:27:07,695 alpasim_carla.registry INFO spawned track_id=121 blueprint=vehicle.tesla.model3 decision=dims_heuristic[no-label] bbox_offset=(0.029226677492260933, -3.623962356869015e-07, 0.7358453273773193)
2026-06-10 02:27:07,986 alpasim_carla.world INFO approximation scene=clipgt-01d503d4-449b-46fc-8d78-9085e70d3554 camera=camera_front_wide_120fov: ftheta approximated as pinhole, hfov=118.36 deg from pixeldist_to_angle polynomial at r=950px
2026-06-10 02:27:07,986 alpasim_carla.world INFO approximation scene=clipgt-01d503d4-449b-46fc-8d78-9085e70d3554 camera=camera_front_wide_120fov: rolling shutter rendered as global shutter
2026-06-10 02:27:08,154 alpasim_carla.world INFO approximation scene=clipgt-01d503d4-449b-46fc-8d78-9085e70d3554 camera=camera_cross_left_120fov: ftheta approximated as pinhole, hfov=118.47 deg from pixeldist_to_angle polynomial at r=950px
2026-06-10 02:27:08,154 alpasim_carla.world INFO approximation scene=clipgt-01d503d4-449b-46fc-8d78-9085e70d3554 camera=camera_cross_left_120fov: rolling shutter rendered as global shutter
2026-06-10 02:27:08,267 alpasim_carla.world INFO approximation scene=clipgt-01d503d4-449b-46fc-8d78-9085e70d3554 camera=camera_cross_right_120fov: ftheta approximated as pinhole, hfov=118.93 deg from pixeldist_to_angle polynomial at r=950px
2026-06-10 02:27:08,267 alpasim_carla.world INFO approximation scene=clipgt-01d503d4-449b-46fc-8d78-9085e70d3554 camera=camera_cross_right_120fov: rolling shutter rendered as global shutter
2026-06-10 02:27:10,866 alpasim_carla.world INFO approximation scene=clipgt-01d503d4-449b-46fc-8d78-9085e70d3554 camera=camera_cross_left_120fov: ftheta approximated as pinhole, hfov=118.47 deg from pixeldist_to_angle polynomial at r=950px
2026-06-10 02:27:10,866 alpasim_carla.world INFO approximation scene=clipgt-01d503d4-449b-46fc-8d78-9085e70d3554 camera=camera_cross_left_120fov: rolling shutter rendered as global shutter
2026-06-10 02:27:11,033 alpasim_carla.world INFO approximation scene=clipgt-01d503d4-449b-46fc-8d78-9085e70d3554 camera=camera_cross_right_120fov: ftheta approximated as pinhole, hfov=118.93 deg from pixeldist_to_angle polynomial at r=950px
2026-06-10 02:27:11,033 alpasim_carla.world INFO approximation scene=clipgt-01d503d4-449b-46fc-8d78-9085e70d3554 camera=camera_cross_right_120fov: rolling shutter rendered as global shutter
2026-06-10 02:27:11,426 alpasim_carla.world INFO approximation scene=clipgt-01d503d4-449b-46fc-8d78-9085e70d3554 camera=camera_front_tele_30fov: ftheta approximated as pinhole, hfov=29.47 deg from pixeldist_to_angle polynomial at r=950px
2026-06-10 02:27:11,426 alpasim_carla.world INFO approximation scene=clipgt-01d503d4-449b-46fc-8d78-9085e70d3554 camera=camera_front_tele_30fov: rolling shutter rendered as global shutter
2026-06-10 02:27:11,612 alpasim_carla.world INFO approximation scene=clipgt-01d503d4-449b-46fc-8d78-9085e70d3554 camera=camera_front_wide_120fov: ftheta approximated as pinhole, hfov=118.36 deg from pixeldist_to_angle polynomial at r=950px
2026-06-10 02:27:11,612 alpasim_carla.world INFO approximation scene=clipgt-01d503d4-449b-46fc-8d78-9085e70d3554 camera=camera_front_wide_120fov: rolling shutter rendered as global shutter
2026-06-10 02:27:14,114 alpasim_carla.world INFO approximation scene=clipgt-01d503d4-449b-46fc-8d78-9085e70d3554 camera=camera_front_tele_30fov: ftheta approximated as pinhole, hfov=29.47 deg from pixeldist_to_angle polynomial at r=950px
2026-06-10 02:27:14,114 alpasim_carla.world INFO approximation scene=clipgt-01d503d4-449b-46fc-8d78-9085e70d3554 camera=camera_front_tele_30fov: rolling shutter rendered as global shutter
2026-06-10 02:27:14,114 alpasim_carla.registry WARNING blueprint_fallback track_id=125 label='' dims=4.50x1.90x1.60 -> vehicle.tesla.model3 (car-like dims heuristic; add the label to the scene manifest blueprint_overrides to silence)
2026-06-10 02:27:14,119 alpasim_carla.registry INFO spawned track_id=125 blueprint=vehicle.tesla.model3 decision=dims_heuristic[no-label] bbox_offset=(0.0292238499969244, -4.887580757895194e-07, 0.735858142375946)
2026-06-10 02:27:14,520 alpasim_carla.world INFO approximation scene=clipgt-01d503d4-449b-46fc-8d78-9085e70d3554 camera=camera_front_wide_120fov: ftheta approximated as pinhole, hfov=118.36 deg from pixeldist_to_angle polynomial at r=950px
2026-06-10 02:27:14,520 alpasim_carla.world INFO approximation scene=clipgt-01d503d4-449b-46fc-8d78-9085e70d3554 camera=camera_front_wide_120fov: rolling shutter rendered as global shutter
2026-06-10 02:27:14,710 alpasim_carla.world INFO approximation scene=clipgt-01d503d4-449b-46fc-8d78-9085e70d3554 camera=camera_cross_left_120fov: ftheta approximated as pinhole, hfov=118.47 deg from pixeldist_to_angle polynomial at r=950px
2026-06-10 02:27:14,711 alpasim_carla.world INFO approximation scene=clipgt-01d503d4-449b-46fc-8d78-9085e70d3554 camera=camera_cross_left_120fov: rolling shutter rendered as global shutter
2026-06-10 02:27:14,825 alpasim_carla.world INFO approximation scene=clipgt-01d503d4-449b-46fc-8d78-9085e70d3554 camera=camera_cross_right_120fov: ftheta approximated as pinhole, hfov=118.93 deg from pixeldist_to_angle polynomial at r=950px
2026-06-10 02:27:14,826 alpasim_carla.world INFO approximation scene=clipgt-01d503d4-449b-46fc-8d78-9085e70d3554 camera=camera_cross_right_120fov: rolling shutter rendered as global shutter
2026-06-10 02:27:18,883 alpasim_carla.world INFO approximation scene=clipgt-01d503d4-449b-46fc-8d78-9085e70d3554 camera=camera_front_wide_120fov: ftheta approximated as pinhole, hfov=118.36 deg from pixeldist_to_angle polynomial at r=950px
2026-06-10 02:27:18,883 alpasim_carla.world INFO approximation scene=clipgt-01d503d4-449b-46fc-8d78-9085e70d3554 camera=camera_front_wide_120fov: rolling shutter rendered as global shutter
2026-06-10 02:27:19,121 alpasim_carla.world INFO approximation scene=clipgt-01d503d4-449b-46fc-8d78-9085e70d3554 camera=camera_cross_left_120fov: ftheta approximated as pinhole, hfov=118.47 deg from pixeldist_to_angle polynomial at r=950px
2026-06-10 02:27:19,121 alpasim_carla.world INFO approximation scene=clipgt-01d503d4-449b-46fc-8d78-9085e70d3554 camera=camera_cross_left_120fov: rolling shutter rendered as global shutter
2026-06-10 02:27:19,256 alpasim_carla.world INFO approximation scene=clipgt-01d503d4-449b-46fc-8d78-9085e70d3554 camera=camera_front_tele_30fov: ftheta approximated as pinhole, hfov=29.47 deg from pixeldist_to_angle polynomial at r=950px
2026-06-10 02:27:19,256 alpasim_carla.world INFO approximation scene=clipgt-01d503d4-449b-46fc-8d78-9085e70d3554 camera=camera_front_tele_30fov: rolling shutter rendered as global shutter
2026-06-10 02:27:19,465 alpasim_carla.world INFO approximation scene=clipgt-01d503d4-449b-46fc-8d78-9085e70d3554 camera=camera_cross_right_120fov: ftheta approximated as pinhole, hfov=118.93 deg from pixeldist_to_angle polynomial at r=950px
2026-06-10 02:27:19,466 alpasim_carla.world INFO approximation scene=clipgt-01d503d4-449b-46fc-8d78-9085e70d3554 camera=camera_cross_right_120fov: rolling shutter rendered as global shutter
2026-06-10 02:27:21,949 alpasim_carla.world INFO approximation scene=clipgt-01d503d4-449b-46fc-8d78-9085e70d3554 camera=camera_front_tele_30fov: ftheta approximated as pinhole, hfov=29.47 deg from pixeldist_to_angle polynomial at r=950px
2026-06-10 02:27:21,949 alpasim_carla.world INFO approximation scene=clipgt-01d503d4-449b-46fc-8d78-9085e70d3554 camera=camera_front_tele_30fov: rolling shutter rendered as global shutter
2026-06-10 02:27:22,231 alpasim_carla.world INFO approximation scene=clipgt-01d503d4-449b-46fc-8d78-9085e70d3554 camera=camera_cross_right_120fov: ftheta approximated as pinhole, hfov=118.93 deg from pixeldist_to_angle polynomial at r=950px
2026-06-10 02:27:22,232 alpasim_carla.world INFO approximation scene=clipgt-01d503d4-449b-46fc-8d78-9085e70d3554 camera=camera_cross_right_120fov: rolling shutter rendered as global shutter
2026-06-10 02:27:22,466 alpasim_carla.world INFO approximation scene=clipgt-01d503d4-449b-46fc-8d78-9085e70d3554 camera=camera_front_wide_120fov: ftheta approximated as pinhole, hfov=118.36 deg from pixeldist_to_angle polynomial at r=950px
2026-06-10 02:27:22,466 alpasim_carla.world INFO approximation scene=clipgt-01d503d4-449b-46fc-8d78-9085e70d3554 camera=camera_front_wide_120fov: rolling shutter rendered as global shutter
2026-06-10 02:27:22,610 alpasim_carla.world INFO approximation scene=clipgt-01d503d4-449b-46fc-8d78-9085e70d3554 camera=camera_cross_left_120fov: ftheta approximated as pinhole, hfov=118.47 deg from pixeldist_to_angle polynomial at r=950px
2026-06-10 02:27:22,610 alpasim_carla.world INFO approximation scene=clipgt-01d503d4-449b-46fc-8d78-9085e70d3554 camera=camera_cross_left_120fov: rolling shutter rendered as global shutter
2026-06-10 02:27:25,207 alpasim_carla.world INFO approximation scene=clipgt-01d503d4-449b-46fc-8d78-9085e70d3554 camera=camera_front_wide_120fov: ftheta approximated as pinhole, hfov=118.36 deg from pixeldist_to_angle polynomial at r=950px
2026-06-10 02:27:25,207 alpasim_carla.world INFO approximation scene=clipgt-01d503d4-449b-46fc-8d78-9085e70d3554 camera=camera_front_wide_120fov: rolling shutter rendered as global shutter
2026-06-10 02:27:25,209 alpasim_carla.registry WARNING blueprint_fallback track_id=126 label='' dims=4.50x1.90x1.60 -> vehicle.tesla.model3 (car-like dims heuristic; add the label to the scene manifest blueprint_overrides to silence)
2026-06-10 02:27:25,213 alpasim_carla.registry INFO spawned track_id=126 blueprint=vehicle.tesla.model3 decision=dims_heuristic[no-label] bbox_offset=(0.029227862134575844, -6.663798899353424e-07, 0.7358514070510864)
2026-06-10 02:27:25,420 alpasim_carla.world INFO approximation scene=clipgt-01d503d4-449b-46fc-8d78-9085e70d3554 camera=camera_cross_left_120fov: ftheta approximated as pinhole, hfov=118.47 deg from pixeldist_to_angle polynomial at r=950px
2026-06-10 02:27:25,420 alpasim_carla.world INFO approximation scene=clipgt-01d503d4-449b-46fc-8d78-9085e70d3554 camera=camera_cross_left_120fov: rolling shutter rendered as global shutter
2026-06-10 02:27:25,612 alpasim_carla.world INFO approximation scene=clipgt-01d503d4-449b-46fc-8d78-9085e70d3554 camera=camera_front_tele_30fov: ftheta approximated as pinhole, hfov=29.47 deg from pixeldist_to_angle polynomial at r=950px
2026-06-10 02:27:25,612 alpasim_carla.world INFO approximation scene=clipgt-01d503d4-449b-46fc-8d78-9085e70d3554 camera=camera_front_tele_30fov: rolling shutter rendered as global shutter
2026-06-10 02:27:25,819 alpasim_carla.world INFO approximation scene=clipgt-01d503d4-449b-46fc-8d78-9085e70d3554 camera=camera_cross_right_120fov: ftheta approximated as pinhole, hfov=118.93 deg from pixeldist_to_angle polynomial at r=950px
2026-06-10 02:27:25,819 alpasim_carla.world INFO approximation scene=clipgt-01d503d4-449b-46fc-8d78-9085e70d3554 camera=camera_cross_right_120fov: rolling shutter rendered as global shutter
2026-06-10 02:27:28,289 alpasim_carla.world INFO approximation scene=clipgt-01d503d4-449b-46fc-8d78-9085e70d3554 camera=camera_cross_left_120fov: ftheta approximated as pinhole, hfov=118.47 deg from pixeldist_to_angle polynomial at r=950px
2026-06-10 02:27:28,290 alpasim_carla.world INFO approximation scene=clipgt-01d503d4-449b-46fc-8d78-9085e70d3554 camera=camera_cross_left_120fov: rolling shutter rendered as global shutter
2026-06-10 02:27:28,295 alpasim_carla.registry WARNING blueprint_fallback track_id=127 label='' dims=4.50x1.90x1.60 -> vehicle.tesla.model3 (car-like dims heuristic; add the label to the scene manifest blueprint_overrides to silence)
2026-06-10 02:27:28,298 alpasim_carla.registry INFO spawned track_id=127 blueprint=vehicle.tesla.model3 decision=dims_heuristic[no-label] bbox_offset=(0.029235459864139557, 3.0808148920868916e-08, 0.7358418107032776)
2026-06-10 02:27:28,448 alpasim_carla.world INFO approximation scene=clipgt-01d503d4-449b-46fc-8d78-9085e70d3554 camera=camera_front_tele_30fov: ftheta approximated as pinhole, hfov=29.47 deg from pixeldist_to_angle polynomial at r=950px
2026-06-10 02:27:28,448 alpasim_carla.world INFO approximation scene=clipgt-01d503d4-449b-46fc-8d78-9085e70d3554 camera=camera_front_tele_30fov: rolling shutter rendered as global shutter
2026-06-10 02:27:28,749 alpasim_carla.world INFO approximation scene=clipgt-01d503d4-449b-46fc-8d78-9085e70d3554 camera=camera_front_wide_120fov: ftheta approximated as pinhole, hfov=118.36 deg from pixeldist_to_angle polynomial at r=950px
2026-06-10 02:27:28,750 alpasim_carla.world INFO approximation scene=clipgt-01d503d4-449b-46fc-8d78-9085e70d3554 camera=camera_front_wide_120fov: rolling shutter rendered as global shutter
2026-06-10 02:27:28,885 alpasim_carla.world INFO approximation scene=clipgt-01d503d4-449b-46fc-8d78-9085e70d3554 camera=camera_cross_right_120fov: ftheta approximated as pinhole, hfov=118.93 deg from pixeldist_to_angle polynomial at r=950px
2026-06-10 02:27:28,885 alpasim_carla.world INFO approximation scene=clipgt-01d503d4-449b-46fc-8d78-9085e70d3554 camera=camera_cross_right_120fov: rolling shutter rendered as global shutter
2026-06-10 02:27:32,852 alpasim_carla.world INFO approximation scene=clipgt-01d503d4-449b-46fc-8d78-9085e70d3554 camera=camera_front_wide_120fov: ftheta approximated as pinhole, hfov=118.36 deg from pixeldist_to_angle polynomial at r=950px
2026-06-10 02:27:32,853 alpasim_carla.world INFO approximation scene=clipgt-01d503d4-449b-46fc-8d78-9085e70d3554 camera=camera_front_wide_120fov: rolling shutter rendered as global shutter
2026-06-10 02:27:32,854 alpasim_carla.registry WARNING blueprint_fallback track_id=130 label='' dims=4.50x1.90x1.60 -> vehicle.tesla.model3 (car-like dims heuristic; add the label to the scene manifest blueprint_overrides to silence)
2026-06-10 02:27:32,860 alpasim_carla.registry INFO spawned track_id=130 blueprint=vehicle.tesla.model3 decision=dims_heuristic[no-label] bbox_offset=(0.029214689508080482, 3.457069297496673e-08, 0.7358627319335938)
2026-06-10 02:27:32,860 alpasim_carla.registry WARNING blueprint_fallback track_id=129 label='' dims=4.50x1.90x1.60 -> vehicle.tesla.model3 (car-like dims heuristic; add the label to the scene manifest blueprint_overrides to silence)
2026-06-10 02:27:32,863 alpasim_carla.registry INFO spawned track_id=129 blueprint=vehicle.tesla.model3 decision=dims_heuristic[no-label] bbox_offset=(0.029208695515990257, 1.4340877214635839e-06, 0.7358654737472534)
2026-06-10 02:27:33,087 alpasim_carla.world INFO approximation scene=clipgt-01d503d4-449b-46fc-8d78-9085e70d3554 camera=camera_cross_right_120fov: ftheta approximated as pinhole, hfov=118.93 deg from pixeldist_to_angle polynomial at r=950px
2026-06-10 02:27:33,087 alpasim_carla.world INFO approximation scene=clipgt-01d503d4-449b-46fc-8d78-9085e70d3554 camera=camera_cross_right_120fov: rolling shutter rendered as global shutter
2026-06-10 02:27:33,381 alpasim_carla.world INFO approximation scene=clipgt-01d503d4-449b-46fc-8d78-9085e70d3554 camera=camera_cross_left_120fov: ftheta approximated as pinhole, hfov=118.47 deg from pixeldist_to_angle polynomial at r=950px
2026-06-10 02:27:33,382 alpasim_carla.world INFO approximation scene=clipgt-01d503d4-449b-46fc-8d78-9085e70d3554 camera=camera_cross_left_120fov: rolling shutter rendered as global shutter
2026-06-10 02:27:33,497 alpasim_carla.world INFO approximation scene=clipgt-01d503d4-449b-46fc-8d78-9085e70d3554 camera=camera_front_tele_30fov: ftheta approximated as pinhole, hfov=29.47 deg from pixeldist_to_angle polynomial at r=950px
2026-06-10 02:27:33,497 alpasim_carla.world INFO approximation scene=clipgt-01d503d4-449b-46fc-8d78-9085e70d3554 camera=camera_front_tele_30fov: rolling shutter rendered as global shutter
2026-06-10 02:27:36,099 alpasim_carla.world INFO approximation scene=clipgt-01d503d4-449b-46fc-8d78-9085e70d3554 camera=camera_cross_left_120fov: ftheta approximated as pinhole, hfov=118.47 deg from pixeldist_to_angle polynomial at r=950px
2026-06-10 02:27:36,099 alpasim_carla.world INFO approximation scene=clipgt-01d503d4-449b-46fc-8d78-9085e70d3554 camera=camera_cross_left_120fov: rolling shutter rendered as global shutter
2026-06-10 02:27:36,241 alpasim_carla.world INFO approximation scene=clipgt-01d503d4-449b-46fc-8d78-9085e70d3554 camera=camera_front_tele_30fov: ftheta approximated as pinhole, hfov=29.47 deg from pixeldist_to_angle polynomial at r=950px
2026-06-10 02:27:36,241 alpasim_carla.world INFO approximation scene=clipgt-01d503d4-449b-46fc-8d78-9085e70d3554 camera=camera_front_tele_30fov: rolling shutter rendered as global shutter
2026-06-10 02:27:36,547 alpasim_carla.world INFO approximation scene=clipgt-01d503d4-449b-46fc-8d78-9085e70d3554 camera=camera_front_wide_120fov: ftheta approximated as pinhole, hfov=118.36 deg from pixeldist_to_angle polynomial at r=950px
2026-06-10 02:27:36,547 alpasim_carla.world INFO approximation scene=clipgt-01d503d4-449b-46fc-8d78-9085e70d3554 camera=camera_front_wide_120fov: rolling shutter rendered as global shutter
2026-06-10 02:27:36,705 alpasim_carla.world INFO approximation scene=clipgt-01d503d4-449b-46fc-8d78-9085e70d3554 camera=camera_cross_right_120fov: ftheta approximated as pinhole, hfov=118.93 deg from pixeldist_to_angle polynomial at r=950px
2026-06-10 02:27:36,705 alpasim_carla.world INFO approximation scene=clipgt-01d503d4-449b-46fc-8d78-9085e70d3554 camera=camera_cross_right_120fov: rolling shutter rendered as global shutter
2026-06-10 02:27:40,441 alpasim_carla.world INFO approximation scene=clipgt-01d503d4-449b-46fc-8d78-9085e70d3554 camera=camera_front_tele_30fov: ftheta approximated as pinhole, hfov=29.47 deg from pixeldist_to_angle polynomial at r=950px
2026-06-10 02:27:40,441 alpasim_carla.world INFO approximation scene=clipgt-01d503d4-449b-46fc-8d78-9085e70d3554 camera=camera_front_tele_30fov: rolling shutter rendered as global shutter
2026-06-10 02:27:40,444 alpasim_carla.registry WARNING blueprint_fallback track_id=133 label='' dims=4.50x1.90x1.60 -> vehicle.tesla.model3 (car-like dims heuristic; add the label to the scene manifest blueprint_overrides to silence)
2026-06-10 02:27:40,448 alpasim_carla.registry INFO spawned track_id=133 blueprint=vehicle.tesla.model3 decision=dims_heuristic[no-label] bbox_offset=(0.029220446944236755, 5.960464122267695e-09, 0.7358686923980713)
2026-06-10 02:27:40,448 alpasim_carla.registry WARNING blueprint_fallback track_id=132 label='' dims=4.50x1.90x1.60 -> vehicle.tesla.model3 (car-like dims heuristic; add the label to the scene manifest blueprint_overrides to silence)
2026-06-10 02:27:40,451 alpasim_carla.registry INFO spawned track_id=132 blueprint=vehicle.tesla.model3 decision=dims_heuristic[no-label] bbox_offset=(0.02920333482325077, 3.2864511467778357e-07, 0.7358415722846985)
2026-06-10 02:27:40,451 alpasim_carla.registry WARNING blueprint_fallback track_id=131 label='' dims=4.50x1.90x1.60 -> vehicle.tesla.model3 (car-like dims heuristic; add the label to the scene manifest blueprint_overrides to silence)
2026-06-10 02:27:40,453 alpasim_carla.registry INFO spawned track_id=131 blueprint=vehicle.tesla.model3 decision=dims_heuristic[no-label] bbox_offset=(0.029222337529063225, 4.4941901933270856e-07, 0.7358797788619995)
2026-06-10 02:27:40,756 alpasim_carla.world INFO approximation scene=clipgt-01d503d4-449b-46fc-8d78-9085e70d3554 camera=camera_front_wide_120fov: ftheta approximated as pinhole, hfov=118.36 deg from pixeldist_to_angle polynomial at r=950px
2026-06-10 02:27:40,757 alpasim_carla.world INFO approximation scene=clipgt-01d503d4-449b-46fc-8d78-9085e70d3554 camera=camera_front_wide_120fov: rolling shutter rendered as global shutter
2026-06-10 02:27:40,892 alpasim_carla.world INFO approximation scene=clipgt-01d503d4-449b-46fc-8d78-9085e70d3554 camera=camera_cross_left_120fov: ftheta approximated as pinhole, hfov=118.47 deg from pixeldist_to_angle polynomial at r=950px
2026-06-10 02:27:40,892 alpasim_carla.world INFO approximation scene=clipgt-01d503d4-449b-46fc-8d78-9085e70d3554 camera=camera_cross_left_120fov: rolling shutter rendered as global shutter
2026-06-10 02:27:40,995 alpasim_carla.world INFO approximation scene=clipgt-01d503d4-449b-46fc-8d78-9085e70d3554 camera=camera_cross_right_120fov: ftheta approximated as pinhole, hfov=118.93 deg from pixeldist_to_angle polynomial at r=950px
2026-06-10 02:27:40,995 alpasim_carla.world INFO approximation scene=clipgt-01d503d4-449b-46fc-8d78-9085e70d3554 camera=camera_cross_right_120fov: rolling shutter rendered as global shutter
2026-06-10 02:27:43,690 alpasim_carla.world INFO approximation scene=clipgt-01d503d4-449b-46fc-8d78-9085e70d3554 camera=camera_cross_left_120fov: ftheta approximated as pinhole, hfov=118.47 deg from pixeldist_to_angle polynomial at r=950px
2026-06-10 02:27:43,691 alpasim_carla.world INFO approximation scene=clipgt-01d503d4-449b-46fc-8d78-9085e70d3554 camera=camera_cross_left_120fov: rolling shutter rendered as global shutter
2026-06-10 02:27:43,869 alpasim_carla.world INFO approximation scene=clipgt-01d503d4-449b-46fc-8d78-9085e70d3554 camera=camera_cross_right_120fov: ftheta approximated as pinhole, hfov=118.93 deg from pixeldist_to_angle polynomial at r=950px
2026-06-10 02:27:43,869 alpasim_carla.world INFO approximation scene=clipgt-01d503d4-449b-46fc-8d78-9085e70d3554 camera=camera_cross_right_120fov: rolling shutter rendered as global shutter
2026-06-10 02:27:44,230 alpasim_carla.world INFO approximation scene=clipgt-01d503d4-449b-46fc-8d78-9085e70d3554 camera=camera_front_tele_30fov: ftheta approximated as pinhole, hfov=29.47 deg from pixeldist_to_angle polynomial at r=950px
2026-06-10 02:27:44,230 alpasim_carla.world INFO approximation scene=clipgt-01d503d4-449b-46fc-8d78-9085e70d3554 camera=camera_front_tele_30fov: rolling shutter rendered as global shutter
2026-06-10 02:27:44,427 alpasim_carla.world INFO approximation scene=clipgt-01d503d4-449b-46fc-8d78-9085e70d3554 camera=camera_front_wide_120fov: ftheta approximated as pinhole, hfov=118.36 deg from pixeldist_to_angle polynomial at r=950px
2026-06-10 02:27:44,427 alpasim_carla.world INFO approximation scene=clipgt-01d503d4-449b-46fc-8d78-9085e70d3554 camera=camera_front_wide_120fov: rolling shutter rendered as global shutter
2026-06-10 02:27:46,972 alpasim_carla.world INFO approximation scene=clipgt-01d503d4-449b-46fc-8d78-9085e70d3554 camera=camera_front_tele_30fov: ftheta approximated as pinhole, hfov=29.47 deg from pixeldist_to_angle polynomial at r=950px
2026-06-10 02:27:46,972 alpasim_carla.world INFO approximation scene=clipgt-01d503d4-449b-46fc-8d78-9085e70d3554 camera=camera_front_tele_30fov: rolling shutter rendered as global shutter
2026-06-10 02:27:47,215 alpasim_carla.world INFO approximation scene=clipgt-01d503d4-449b-46fc-8d78-9085e70d3554 camera=camera_front_wide_120fov: ftheta approximated as pinhole, hfov=118.36 deg from pixeldist_to_angle polynomial at r=950px
2026-06-10 02:27:47,215 alpasim_carla.world INFO approximation scene=clipgt-01d503d4-449b-46fc-8d78-9085e70d3554 camera=camera_front_wide_120fov: rolling shutter rendered as global shutter
2026-06-10 02:27:47,389 alpasim_carla.world INFO approximation scene=clipgt-01d503d4-449b-46fc-8d78-9085e70d3554 camera=camera_cross_left_120fov: ftheta approximated as pinhole, hfov=118.47 deg from pixeldist_to_angle polynomial at r=950px
2026-06-10 02:27:47,389 alpasim_carla.world INFO approximation scene=clipgt-01d503d4-449b-46fc-8d78-9085e70d3554 camera=camera_cross_left_120fov: rolling shutter rendered as global shutter
2026-06-10 02:27:47,566 alpasim_carla.world INFO approximation scene=clipgt-01d503d4-449b-46fc-8d78-9085e70d3554 camera=camera_cross_right_120fov: ftheta approximated as pinhole, hfov=118.93 deg from pixeldist_to_angle polynomial at r=950px
2026-06-10 02:27:47,566 alpasim_carla.world INFO approximation scene=clipgt-01d503d4-449b-46fc-8d78-9085e70d3554 camera=camera_cross_right_120fov: rolling shutter rendered as global shutter
2026-06-10 02:27:51,155 alpasim_carla.world INFO approximation scene=clipgt-01d503d4-449b-46fc-8d78-9085e70d3554 camera=camera_front_wide_120fov: ftheta approximated as pinhole, hfov=118.36 deg from pixeldist_to_angle polynomial at r=950px
2026-06-10 02:27:51,155 alpasim_carla.world INFO approximation scene=clipgt-01d503d4-449b-46fc-8d78-9085e70d3554 camera=camera_front_wide_120fov: rolling shutter rendered as global shutter
2026-06-10 02:27:51,401 alpasim_carla.world INFO approximation scene=clipgt-01d503d4-449b-46fc-8d78-9085e70d3554 camera=camera_cross_left_120fov: ftheta approximated as pinhole, hfov=118.47 deg from pixeldist_to_angle polynomial at r=950px
2026-06-10 02:27:51,401 alpasim_carla.world INFO approximation scene=clipgt-01d503d4-449b-46fc-8d78-9085e70d3554 camera=camera_cross_left_120fov: rolling shutter rendered as global shutter
2026-06-10 02:27:51,577 alpasim_carla.world INFO approximation scene=clipgt-01d503d4-449b-46fc-8d78-9085e70d3554 camera=camera_front_tele_30fov: ftheta approximated as pinhole, hfov=29.47 deg from pixeldist_to_angle polynomial at r=950px
2026-06-10 02:27:51,577 alpasim_carla.world INFO approximation scene=clipgt-01d503d4-449b-46fc-8d78-9085e70d3554 camera=camera_front_tele_30fov: rolling shutter rendered as global shutter
2026-06-10 02:27:52,030 alpasim_carla.world INFO approximation scene=clipgt-01d503d4-449b-46fc-8d78-9085e70d3554 camera=camera_cross_right_120fov: ftheta approximated as pinhole, hfov=118.93 deg from pixeldist_to_angle polynomial at r=950px
2026-06-10 02:27:52,030 alpasim_carla.world INFO approximation scene=clipgt-01d503d4-449b-46fc-8d78-9085e70d3554 camera=camera_cross_right_120fov: rolling shutter rendered as global shutter
2026-06-10 02:27:55,940 alpasim_carla.world INFO approximation scene=clipgt-01d503d4-449b-46fc-8d78-9085e70d3554 camera=camera_front_tele_30fov: ftheta approximated as pinhole, hfov=29.47 deg from pixeldist_to_angle polynomial at r=950px
2026-06-10 02:27:55,940 alpasim_carla.world INFO approximation scene=clipgt-01d503d4-449b-46fc-8d78-9085e70d3554 camera=camera_front_tele_30fov: rolling shutter rendered as global shutter
2026-06-10 02:27:55,941 alpasim_carla.registry WARNING blueprint_fallback track_id=136 label='' dims=4.50x1.90x1.60 -> vehicle.tesla.model3 (car-like dims heuristic; add the label to the scene manifest blueprint_overrides to silence)
2026-06-10 02:27:55,946 alpasim_carla.registry INFO spawned track_id=136 blueprint=vehicle.tesla.model3 decision=dims_heuristic[no-label] bbox_offset=(0.029232535511255264, 1.236796407511065e-07, 0.7358747720718384)
2026-06-10 02:27:55,947 alpasim_carla.registry WARNING blueprint_fallback track_id=137 label='' dims=4.50x1.90x1.60 -> vehicle.tesla.model3 (car-like dims heuristic; add the label to the scene manifest blueprint_overrides to silence)
2026-06-10 02:27:55,951 alpasim_carla.registry INFO spawned track_id=137 blueprint=vehicle.tesla.model3 decision=dims_heuristic[no-label] bbox_offset=(0.02921631559729576, -3.4678726024139905e-07, 0.7358434200286865)
2026-06-10 02:27:56,305 alpasim_carla.world INFO approximation scene=clipgt-01d503d4-449b-46fc-8d78-9085e70d3554 camera=camera_cross_right_120fov: ftheta approximated as pinhole, hfov=118.93 deg from pixeldist_to_angle polynomial at r=950px
2026-06-10 02:27:56,305 alpasim_carla.world INFO approximation scene=clipgt-01d503d4-449b-46fc-8d78-9085e70d3554 camera=camera_cross_right_120fov: rolling shutter rendered as global shutter
2026-06-10 02:27:56,534 alpasim_carla.world INFO approximation scene=clipgt-01d503d4-449b-46fc-8d78-9085e70d3554 camera=camera_front_wide_120fov: ftheta approximated as pinhole, hfov=118.36 deg from pixeldist_to_angle polynomial at r=950px
2026-06-10 02:27:56,535 alpasim_carla.world INFO approximation scene=clipgt-01d503d4-449b-46fc-8d78-9085e70d3554 camera=camera_front_wide_120fov: rolling shutter rendered as global shutter
2026-06-10 02:27:56,696 alpasim_carla.world INFO approximation scene=clipgt-01d503d4-449b-46fc-8d78-9085e70d3554 camera=camera_cross_left_120fov: ftheta approximated as pinhole, hfov=118.47 deg from pixeldist_to_angle polynomial at r=950px
2026-06-10 02:27:56,696 alpasim_carla.world INFO approximation scene=clipgt-01d503d4-449b-46fc-8d78-9085e70d3554 camera=camera_cross_left_120fov: rolling shutter rendered as global shutter
2026-06-10 02:27:59,573 alpasim_carla.world INFO approximation scene=clipgt-01d503d4-449b-46fc-8d78-9085e70d3554 camera=camera_front_wide_120fov: ftheta approximated as pinhole, hfov=118.36 deg from pixeldist_to_angle polynomial at r=950px
2026-06-10 02:27:59,573 alpasim_carla.world INFO approximation scene=clipgt-01d503d4-449b-46fc-8d78-9085e70d3554 camera=camera_front_wide_120fov: rolling shutter rendered as global shutter
2026-06-10 02:27:59,777 alpasim_carla.world INFO approximation scene=clipgt-01d503d4-449b-46fc-8d78-9085e70d3554 camera=camera_cross_left_120fov: ftheta approximated as pinhole, hfov=118.47 deg from pixeldist_to_angle polynomial at r=950px
2026-06-10 02:27:59,778 alpasim_carla.world INFO approximation scene=clipgt-01d503d4-449b-46fc-8d78-9085e70d3554 camera=camera_cross_left_120fov: rolling shutter rendered as global shutter
2026-06-10 02:27:59,919 alpasim_carla.world INFO approximation scene=clipgt-01d503d4-449b-46fc-8d78-9085e70d3554 camera=camera_front_tele_30fov: ftheta approximated as pinhole, hfov=29.47 deg from pixeldist_to_angle polynomial at r=950px
2026-06-10 02:27:59,919 alpasim_carla.world INFO approximation scene=clipgt-01d503d4-449b-46fc-8d78-9085e70d3554 camera=camera_front_tele_30fov: rolling shutter rendered as global shutter
2026-06-10 02:28:00,099 alpasim_carla.world INFO approximation scene=clipgt-01d503d4-449b-46fc-8d78-9085e70d3554 camera=camera_cross_right_120fov: ftheta approximated as pinhole, hfov=118.93 deg from pixeldist_to_angle polynomial at r=950px
2026-06-10 02:28:00,099 alpasim_carla.world INFO approximation scene=clipgt-01d503d4-449b-46fc-8d78-9085e70d3554 camera=camera_cross_right_120fov: rolling shutter rendered as global shutter
2026-06-10 02:28:03,737 alpasim_carla.world INFO approximation scene=clipgt-01d503d4-449b-46fc-8d78-9085e70d3554 camera=camera_cross_left_120fov: ftheta approximated as pinhole, hfov=118.47 deg from pixeldist_to_angle polynomial at r=950px
2026-06-10 02:28:03,737 alpasim_carla.world INFO approximation scene=clipgt-01d503d4-449b-46fc-8d78-9085e70d3554 camera=camera_cross_left_120fov: rolling shutter rendered as global shutter
2026-06-10 02:28:03,919 alpasim_carla.world INFO approximation scene=clipgt-01d503d4-449b-46fc-8d78-9085e70d3554 camera=camera_front_tele_30fov: ftheta approximated as pinhole, hfov=29.47 deg from pixeldist_to_angle polynomial at r=950px
2026-06-10 02:28:03,919 alpasim_carla.world INFO approximation scene=clipgt-01d503d4-449b-46fc-8d78-9085e70d3554 camera=camera_front_tele_30fov: rolling shutter rendered as global shutter
2026-06-10 02:28:04,228 alpasim_carla.world INFO approximation scene=clipgt-01d503d4-449b-46fc-8d78-9085e70d3554 camera=camera_front_wide_120fov: ftheta approximated as pinhole, hfov=118.36 deg from pixeldist_to_angle polynomial at r=950px
2026-06-10 02:28:04,228 alpasim_carla.world INFO approximation scene=clipgt-01d503d4-449b-46fc-8d78-9085e70d3554 camera=camera_front_wide_120fov: rolling shutter rendered as global shutter
2026-06-10 02:28:04,369 alpasim_carla.world INFO approximation scene=clipgt-01d503d4-449b-46fc-8d78-9085e70d3554 camera=camera_cross_right_120fov: ftheta approximated as pinhole, hfov=118.93 deg from pixeldist_to_angle polynomial at r=950px
2026-06-10 02:28:04,369 alpasim_carla.world INFO approximation scene=clipgt-01d503d4-449b-46fc-8d78-9085e70d3554 camera=camera_cross_right_120fov: rolling shutter rendered as global shutter
2026-06-10 02:28:06,934 alpasim_carla.world INFO approximation scene=clipgt-01d503d4-449b-46fc-8d78-9085e70d3554 camera=camera_front_wide_120fov: ftheta approximated as pinhole, hfov=118.36 deg from pixeldist_to_angle polynomial at r=950px
2026-06-10 02:28:06,934 alpasim_carla.world INFO approximation scene=clipgt-01d503d4-449b-46fc-8d78-9085e70d3554 camera=camera_front_wide_120fov: rolling shutter rendered as global shutter
2026-06-10 02:28:07,184 alpasim_carla.world INFO approximation scene=clipgt-01d503d4-449b-46fc-8d78-9085e70d3554 camera=camera_cross_right_120fov: ftheta approximated as pinhole, hfov=118.93 deg from pixeldist_to_angle polynomial at r=950px
2026-06-10 02:28:07,184 alpasim_carla.world INFO approximation scene=clipgt-01d503d4-449b-46fc-8d78-9085e70d3554 camera=camera_cross_right_120fov: rolling shutter rendered as global shutter
2026-06-10 02:28:07,452 alpasim_carla.world INFO approximation scene=clipgt-01d503d4-449b-46fc-8d78-9085e70d3554 camera=camera_cross_left_120fov: ftheta approximated as pinhole, hfov=118.47 deg from pixeldist_to_angle polynomial at r=950px
2026-06-10 02:28:07,453 alpasim_carla.world INFO approximation scene=clipgt-01d503d4-449b-46fc-8d78-9085e70d3554 camera=camera_cross_left_120fov: rolling shutter rendered as global shutter
2026-06-10 02:28:07,567 alpasim_carla.world INFO approximation scene=clipgt-01d503d4-449b-46fc-8d78-9085e70d3554 camera=camera_front_tele_30fov: ftheta approximated as pinhole, hfov=29.47 deg from pixeldist_to_angle polynomial at r=950px
2026-06-10 02:28:07,567 alpasim_carla.world INFO approximation scene=clipgt-01d503d4-449b-46fc-8d78-9085e70d3554 camera=camera_front_tele_30fov: rolling shutter rendered as global shutter
2026-06-10 02:28:10,457 alpasim_carla.world INFO approximation scene=clipgt-01d503d4-449b-46fc-8d78-9085e70d3554 camera=camera_cross_left_120fov: ftheta approximated as pinhole, hfov=118.47 deg from pixeldist_to_angle polynomial at r=950px
2026-06-10 02:28:10,457 alpasim_carla.world INFO approximation scene=clipgt-01d503d4-449b-46fc-8d78-9085e70d3554 camera=camera_cross_left_120fov: rolling shutter rendered as global shutter
2026-06-10 02:28:10,602 alpasim_carla.world INFO approximation scene=clipgt-01d503d4-449b-46fc-8d78-9085e70d3554 camera=camera_front_tele_30fov: ftheta approximated as pinhole, hfov=29.47 deg from pixeldist_to_angle polynomial at r=950px
2026-06-10 02:28:10,602 alpasim_carla.world INFO approximation scene=clipgt-01d503d4-449b-46fc-8d78-9085e70d3554 camera=camera_front_tele_30fov: rolling shutter rendered as global shutter
2026-06-10 02:28:10,863 alpasim_carla.world INFO approximation scene=clipgt-01d503d4-449b-46fc-8d78-9085e70d3554 camera=camera_front_wide_120fov: ftheta approximated as pinhole, hfov=118.36 deg from pixeldist_to_angle polynomial at r=950px
2026-06-10 02:28:10,863 alpasim_carla.world INFO approximation scene=clipgt-01d503d4-449b-46fc-8d78-9085e70d3554 camera=camera_front_wide_120fov: rolling shutter rendered as global shutter
2026-06-10 02:28:11,006 alpasim_carla.world INFO approximation scene=clipgt-01d503d4-449b-46fc-8d78-9085e70d3554 camera=camera_cross_right_120fov: ftheta approximated as pinhole, hfov=118.93 deg from pixeldist_to_angle polynomial at r=950px
2026-06-10 02:28:11,006 alpasim_carla.world INFO approximation scene=clipgt-01d503d4-449b-46fc-8d78-9085e70d3554 camera=camera_cross_right_120fov: rolling shutter rendered as global shutter
2026-06-10 02:28:15,006 alpasim_carla.world INFO approximation scene=clipgt-01d503d4-449b-46fc-8d78-9085e70d3554 camera=camera_front_tele_30fov: ftheta approximated as pinhole, hfov=29.47 deg from pixeldist_to_angle polynomial at r=950px
2026-06-10 02:28:15,006 alpasim_carla.world INFO approximation scene=clipgt-01d503d4-449b-46fc-8d78-9085e70d3554 camera=camera_front_tele_30fov: rolling shutter rendered as global shutter
2026-06-10 02:28:15,008 alpasim_carla.registry WARNING blueprint_fallback track_id=138 label='' dims=4.50x1.90x1.60 -> vehicle.tesla.model3 (car-like dims heuristic; add the label to the scene manifest blueprint_overrides to silence)
2026-06-10 02:28:15,012 alpasim_carla.registry INFO spawned track_id=138 blueprint=vehicle.tesla.model3 decision=dims_heuristic[no-label] bbox_offset=(0.02921641431748867, 4.6253202867774235e-07, 0.7358616590499878)
2026-06-10 02:28:15,013 alpasim_carla.registry WARNING blueprint_fallback track_id=139 label='' dims=4.50x1.90x1.60 -> vehicle.tesla.model3 (car-like dims heuristic; add the label to the scene manifest blueprint_overrides to silence)
2026-06-10 02:28:15,016 alpasim_carla.registry INFO spawned track_id=139 blueprint=vehicle.tesla.model3 decision=dims_heuristic[no-label] bbox_offset=(0.029220275580883026, -5.660578494826041e-07, 0.7358757853507996)
2026-06-10 02:28:15,306 alpasim_carla.world INFO approximation scene=clipgt-01d503d4-449b-46fc-8d78-9085e70d3554 camera=camera_front_wide_120fov: ftheta approximated as pinhole, hfov=118.36 deg from pixeldist_to_angle polynomial at r=950px
2026-06-10 02:28:15,306 alpasim_carla.world INFO approximation scene=clipgt-01d503d4-449b-46fc-8d78-9085e70d3554 camera=camera_front_wide_120fov: rolling shutter rendered as global shutter
2026-06-10 02:28:15,452 alpasim_carla.world INFO approximation scene=clipgt-01d503d4-449b-46fc-8d78-9085e70d3554 camera=camera_cross_left_120fov: ftheta approximated as pinhole, hfov=118.47 deg from pixeldist_to_angle polynomial at r=950px
2026-06-10 02:28:15,452 alpasim_carla.world INFO approximation scene=clipgt-01d503d4-449b-46fc-8d78-9085e70d3554 camera=camera_cross_left_120fov: rolling shutter rendered as global shutter
2026-06-10 02:28:15,568 alpasim_carla.world INFO approximation scene=clipgt-01d503d4-449b-46fc-8d78-9085e70d3554 camera=camera_cross_right_120fov: ftheta approximated as pinhole, hfov=118.93 deg from pixeldist_to_angle polynomial at r=950px
2026-06-10 02:28:15,568 alpasim_carla.world INFO approximation scene=clipgt-01d503d4-449b-46fc-8d78-9085e70d3554 camera=camera_cross_right_120fov: rolling shutter rendered as global shutter
2026-06-10 02:28:19,383 alpasim_carla.world INFO approximation scene=clipgt-01d503d4-449b-46fc-8d78-9085e70d3554 camera=camera_cross_left_120fov: ftheta approximated as pinhole, hfov=118.47 deg from pixeldist_to_angle polynomial at r=950px
2026-06-10 02:28:19,384 alpasim_carla.world INFO approximation scene=clipgt-01d503d4-449b-46fc-8d78-9085e70d3554 camera=camera_cross_left_120fov: rolling shutter rendered as global shutter
2026-06-10 02:28:19,543 alpasim_carla.world INFO approximation scene=clipgt-01d503d4-449b-46fc-8d78-9085e70d3554 camera=camera_cross_right_120fov: ftheta approximated as pinhole, hfov=118.93 deg from pixeldist_to_angle polynomial at r=950px
2026-06-10 02:28:19,543 alpasim_carla.world INFO approximation scene=clipgt-01d503d4-449b-46fc-8d78-9085e70d3554 camera=camera_cross_right_120fov: rolling shutter rendered as global shutter
2026-06-10 02:28:19,900 alpasim_carla.world INFO approximation scene=clipgt-01d503d4-449b-46fc-8d78-9085e70d3554 camera=camera_front_tele_30fov: ftheta approximated as pinhole, hfov=29.47 deg from pixeldist_to_angle polynomial at r=950px
2026-06-10 02:28:19,900 alpasim_carla.world INFO approximation scene=clipgt-01d503d4-449b-46fc-8d78-9085e70d3554 camera=camera_front_tele_30fov: rolling shutter rendered as global shutter
2026-06-10 02:28:20,072 alpasim_carla.world INFO approximation scene=clipgt-01d503d4-449b-46fc-8d78-9085e70d3554 camera=camera_front_wide_120fov: ftheta approximated as pinhole, hfov=118.36 deg from pixeldist_to_angle polynomial at r=950px
2026-06-10 02:28:20,072 alpasim_carla.world INFO approximation scene=clipgt-01d503d4-449b-46fc-8d78-9085e70d3554 camera=camera_front_wide_120fov: rolling shutter rendered as global shutter
2026-06-10 02:28:24,215 alpasim_carla.world INFO approximation scene=clipgt-01d503d4-449b-46fc-8d78-9085e70d3554 camera=camera_front_tele_30fov: ftheta approximated as pinhole, hfov=29.47 deg from pixeldist_to_angle polynomial at r=950px
2026-06-10 02:28:24,215 alpasim_carla.world INFO approximation scene=clipgt-01d503d4-449b-46fc-8d78-9085e70d3554 camera=camera_front_tele_30fov: rolling shutter rendered as global shutter
2026-06-10 02:28:24,499 alpasim_carla.world INFO approximation scene=clipgt-01d503d4-449b-46fc-8d78-9085e70d3554 camera=camera_front_wide_120fov: ftheta approximated as pinhole, hfov=118.36 deg from pixeldist_to_angle polynomial at r=950px
2026-06-10 02:28:24,500 alpasim_carla.world INFO approximation scene=clipgt-01d503d4-449b-46fc-8d78-9085e70d3554 camera=camera_front_wide_120fov: rolling shutter rendered as global shutter
2026-06-10 02:28:24,699 alpasim_carla.world INFO approximation scene=clipgt-01d503d4-449b-46fc-8d78-9085e70d3554 camera=camera_cross_left_120fov: ftheta approximated as pinhole, hfov=118.47 deg from pixeldist_to_angle polynomial at r=950px
2026-06-10 02:28:24,699 alpasim_carla.world INFO approximation scene=clipgt-01d503d4-449b-46fc-8d78-9085e70d3554 camera=camera_cross_left_120fov: rolling shutter rendered as global shutter
2026-06-10 02:28:24,807 alpasim_carla.world INFO approximation scene=clipgt-01d503d4-449b-46fc-8d78-9085e70d3554 camera=camera_cross_right_120fov: ftheta approximated as pinhole, hfov=118.93 deg from pixeldist_to_angle polynomial at r=950px
2026-06-10 02:28:24,807 alpasim_carla.world INFO approximation scene=clipgt-01d503d4-449b-46fc-8d78-9085e70d3554 camera=camera_cross_right_120fov: rolling shutter rendered as global shutter
2026-06-10 02:28:27,774 alpasim_carla.world INFO approximation scene=clipgt-01d503d4-449b-46fc-8d78-9085e70d3554 camera=camera_front_wide_120fov: ftheta approximated as pinhole, hfov=118.36 deg from pixeldist_to_angle polynomial at r=950px
2026-06-10 02:28:27,774 alpasim_carla.world INFO approximation scene=clipgt-01d503d4-449b-46fc-8d78-9085e70d3554 camera=camera_front_wide_120fov: rolling shutter rendered as global shutter
2026-06-10 02:28:27,999 alpasim_carla.world INFO approximation scene=clipgt-01d503d4-449b-46fc-8d78-9085e70d3554 camera=camera_cross_left_120fov: ftheta approximated as pinhole, hfov=118.47 deg from pixeldist_to_angle polynomial at r=950px
2026-06-10 02:28:27,999 alpasim_carla.world INFO approximation scene=clipgt-01d503d4-449b-46fc-8d78-9085e70d3554 camera=camera_cross_left_120fov: rolling shutter rendered as global shutter
2026-06-10 02:28:28,160 alpasim_carla.world INFO approximation scene=clipgt-01d503d4-449b-46fc-8d78-9085e70d3554 camera=camera_front_tele_30fov: ftheta approximated as pinhole, hfov=29.47 deg from pixeldist_to_angle polynomial at r=950px
2026-06-10 02:28:28,160 alpasim_carla.world INFO approximation scene=clipgt-01d503d4-449b-46fc-8d78-9085e70d3554 camera=camera_front_tele_30fov: rolling shutter rendered as global shutter
2026-06-10 02:28:28,398 alpasim_carla.world INFO approximation scene=clipgt-01d503d4-449b-46fc-8d78-9085e70d3554 camera=camera_cross_right_120fov: ftheta approximated as pinhole, hfov=118.93 deg from pixeldist_to_angle polynomial at r=950px
2026-06-10 02:28:28,398 alpasim_carla.world INFO approximation scene=clipgt-01d503d4-449b-46fc-8d78-9085e70d3554 camera=camera_cross_right_120fov: rolling shutter rendered as global shutter
2026-06-10 02:28:32,140 alpasim_carla.world INFO approximation scene=clipgt-01d503d4-449b-46fc-8d78-9085e70d3554 camera=camera_front_tele_30fov: ftheta approximated as pinhole, hfov=29.47 deg from pixeldist_to_angle polynomial at r=950px
2026-06-10 02:28:32,140 alpasim_carla.world INFO approximation scene=clipgt-01d503d4-449b-46fc-8d78-9085e70d3554 camera=camera_front_tele_30fov: rolling shutter rendered as global shutter
2026-06-10 02:28:32,451 alpasim_carla.world INFO approximation scene=clipgt-01d503d4-449b-46fc-8d78-9085e70d3554 camera=camera_cross_right_120fov: ftheta approximated as pinhole, hfov=118.93 deg from pixeldist_to_angle polynomial at r=950px
2026-06-10 02:28:32,451 alpasim_carla.world INFO approximation scene=clipgt-01d503d4-449b-46fc-8d78-9085e70d3554 camera=camera_cross_right_120fov: rolling shutter rendered as global shutter
2026-06-10 02:28:32,705 alpasim_carla.world INFO approximation scene=clipgt-01d503d4-449b-46fc-8d78-9085e70d3554 camera=camera_front_wide_120fov: ftheta approximated as pinhole, hfov=118.36 deg from pixeldist_to_angle polynomial at r=950px
2026-06-10 02:28:32,705 alpasim_carla.world INFO approximation scene=clipgt-01d503d4-449b-46fc-8d78-9085e70d3554 camera=camera_front_wide_120fov: rolling shutter rendered as global shutter
2026-06-10 02:28:32,854 alpasim_carla.world INFO approximation scene=clipgt-01d503d4-449b-46fc-8d78-9085e70d3554 camera=camera_cross_left_120fov: ftheta approximated as pinhole, hfov=118.47 deg from pixeldist_to_angle polynomial at r=950px
2026-06-10 02:28:32,854 alpasim_carla.world INFO approximation scene=clipgt-01d503d4-449b-46fc-8d78-9085e70d3554 camera=camera_cross_left_120fov: rolling shutter rendered as global shutter
2026-06-10 02:28:35,617 alpasim_carla.world INFO approximation scene=clipgt-01d503d4-449b-46fc-8d78-9085e70d3554 camera=camera_front_wide_120fov: ftheta approximated as pinhole, hfov=118.36 deg from pixeldist_to_angle polynomial at r=950px
2026-06-10 02:28:35,617 alpasim_carla.world INFO approximation scene=clipgt-01d503d4-449b-46fc-8d78-9085e70d3554 camera=camera_front_wide_120fov: rolling shutter rendered as global shutter
2026-06-10 02:28:35,833 alpasim_carla.world INFO approximation scene=clipgt-01d503d4-449b-46fc-8d78-9085e70d3554 camera=camera_cross_left_120fov: ftheta approximated as pinhole, hfov=118.47 deg from pixeldist_to_angle polynomial at r=950px
2026-06-10 02:28:35,833 alpasim_carla.world INFO approximation scene=clipgt-01d503d4-449b-46fc-8d78-9085e70d3554 camera=camera_cross_left_120fov: rolling shutter rendered as global shutter
2026-06-10 02:28:35,984 alpasim_carla.world INFO approximation scene=clipgt-01d503d4-449b-46fc-8d78-9085e70d3554 camera=camera_front_tele_30fov: ftheta approximated as pinhole, hfov=29.47 deg from pixeldist_to_angle polynomial at r=950px
2026-06-10 02:28:35,984 alpasim_carla.world INFO approximation scene=clipgt-01d503d4-449b-46fc-8d78-9085e70d3554 camera=camera_front_tele_30fov: rolling shutter rendered as global shutter
2026-06-10 02:28:36,195 alpasim_carla.world INFO approximation scene=clipgt-01d503d4-449b-46fc-8d78-9085e70d3554 camera=camera_cross_right_120fov: ftheta approximated as pinhole, hfov=118.93 deg from pixeldist_to_angle polynomial at r=950px
2026-06-10 02:28:36,195 alpasim_carla.world INFO approximation scene=clipgt-01d503d4-449b-46fc-8d78-9085e70d3554 camera=camera_cross_right_120fov: rolling shutter rendered as global shutter
2026-06-10 02:28:39,819 alpasim_carla.world INFO approximation scene=clipgt-01d503d4-449b-46fc-8d78-9085e70d3554 camera=camera_cross_left_120fov: ftheta approximated as pinhole, hfov=118.47 deg from pixeldist_to_angle polynomial at r=950px
2026-06-10 02:28:39,819 alpasim_carla.world INFO approximation scene=clipgt-01d503d4-449b-46fc-8d78-9085e70d3554 camera=camera_cross_left_120fov: rolling shutter rendered as global shutter
2026-06-10 02:28:39,981 alpasim_carla.world INFO approximation scene=clipgt-01d503d4-449b-46fc-8d78-9085e70d3554 camera=camera_front_tele_30fov: ftheta approximated as pinhole, hfov=29.47 deg from pixeldist_to_angle polynomial at r=950px
2026-06-10 02:28:39,981 alpasim_carla.world INFO approximation scene=clipgt-01d503d4-449b-46fc-8d78-9085e70d3554 camera=camera_front_tele_30fov: rolling shutter rendered as global shutter
2026-06-10 02:28:40,341 alpasim_carla.world INFO approximation scene=clipgt-01d503d4-449b-46fc-8d78-9085e70d3554 camera=camera_front_wide_120fov: ftheta approximated as pinhole, hfov=118.36 deg from pixeldist_to_angle polynomial at r=950px
2026-06-10 02:28:40,342 alpasim_carla.world INFO approximation scene=clipgt-01d503d4-449b-46fc-8d78-9085e70d3554 camera=camera_front_wide_120fov: rolling shutter rendered as global shutter
2026-06-10 02:28:40,481 alpasim_carla.world INFO approximation scene=clipgt-01d503d4-449b-46fc-8d78-9085e70d3554 camera=camera_cross_right_120fov: ftheta approximated as pinhole, hfov=118.93 deg from pixeldist_to_angle polynomial at r=950px
2026-06-10 02:28:40,481 alpasim_carla.world INFO approximation scene=clipgt-01d503d4-449b-46fc-8d78-9085e70d3554 camera=camera_cross_right_120fov: rolling shutter rendered as global shutter
2026-06-10 02:28:43,339 alpasim_carla.world INFO approximation scene=clipgt-01d503d4-449b-46fc-8d78-9085e70d3554 camera=camera_front_wide_120fov: ftheta approximated as pinhole, hfov=118.36 deg from pixeldist_to_angle polynomial at r=950px
2026-06-10 02:28:43,339 alpasim_carla.world INFO approximation scene=clipgt-01d503d4-449b-46fc-8d78-9085e70d3554 camera=camera_front_wide_120fov: rolling shutter rendered as global shutter
2026-06-10 02:28:43,607 alpasim_carla.world INFO approximation scene=clipgt-01d503d4-449b-46fc-8d78-9085e70d3554 camera=camera_cross_right_120fov: ftheta approximated as pinhole, hfov=118.93 deg from pixeldist_to_angle polynomial at r=950px
2026-06-10 02:28:43,607 alpasim_carla.world INFO approximation scene=clipgt-01d503d4-449b-46fc-8d78-9085e70d3554 camera=camera_cross_right_120fov: rolling shutter rendered as global shutter
2026-06-10 02:28:43,892 alpasim_carla.world INFO approximation scene=clipgt-01d503d4-449b-46fc-8d78-9085e70d3554 camera=camera_cross_left_120fov: ftheta approximated as pinhole, hfov=118.47 deg from pixeldist_to_angle polynomial at r=950px
2026-06-10 02:28:43,892 alpasim_carla.world INFO approximation scene=clipgt-01d503d4-449b-46fc-8d78-9085e70d3554 camera=camera_cross_left_120fov: rolling shutter rendered as global shutter
2026-06-10 02:28:44,004 alpasim_carla.world INFO approximation scene=clipgt-01d503d4-449b-46fc-8d78-9085e70d3554 camera=camera_front_tele_30fov: ftheta approximated as pinhole, hfov=29.47 deg from pixeldist_to_angle polynomial at r=950px
2026-06-10 02:28:44,004 alpasim_carla.world INFO approximation scene=clipgt-01d503d4-449b-46fc-8d78-9085e70d3554 camera=camera_front_tele_30fov: rolling shutter rendered as global shutter
2026-06-10 02:28:46,717 alpasim_carla.world INFO approximation scene=clipgt-01d503d4-449b-46fc-8d78-9085e70d3554 camera=camera_cross_left_120fov: ftheta approximated as pinhole, hfov=118.47 deg from pixeldist_to_angle polynomial at r=950px
2026-06-10 02:28:46,717 alpasim_carla.world INFO approximation scene=clipgt-01d503d4-449b-46fc-8d78-9085e70d3554 camera=camera_cross_left_120fov: rolling shutter rendered as global shutter
2026-06-10 02:28:46,893 alpasim_carla.world INFO approximation scene=clipgt-01d503d4-449b-46fc-8d78-9085e70d3554 camera=camera_front_tele_30fov: ftheta approximated as pinhole, hfov=29.47 deg from pixeldist_to_angle polynomial at r=950px
2026-06-10 02:28:46,893 alpasim_carla.world INFO approximation scene=clipgt-01d503d4-449b-46fc-8d78-9085e70d3554 camera=camera_front_tele_30fov: rolling shutter rendered as global shutter
2026-06-10 02:28:47,167 alpasim_carla.world INFO approximation scene=clipgt-01d503d4-449b-46fc-8d78-9085e70d3554 camera=camera_front_wide_120fov: ftheta approximated as pinhole, hfov=118.36 deg from pixeldist_to_angle polynomial at r=950px
2026-06-10 02:28:47,167 alpasim_carla.world INFO approximation scene=clipgt-01d503d4-449b-46fc-8d78-9085e70d3554 camera=camera_front_wide_120fov: rolling shutter rendered as global shutter
2026-06-10 02:28:47,313 alpasim_carla.world INFO approximation scene=clipgt-01d503d4-449b-46fc-8d78-9085e70d3554 camera=camera_cross_right_120fov: ftheta approximated as pinhole, hfov=118.93 deg from pixeldist_to_angle polynomial at r=950px
2026-06-10 02:28:47,313 alpasim_carla.world INFO approximation scene=clipgt-01d503d4-449b-46fc-8d78-9085e70d3554 camera=camera_cross_right_120fov: rolling shutter rendered as global shutter
2026-06-10 02:28:51,768 alpasim_carla.world INFO approximation scene=clipgt-01d503d4-449b-46fc-8d78-9085e70d3554 camera=camera_front_tele_30fov: ftheta approximated as pinhole, hfov=29.47 deg from pixeldist_to_angle polynomial at r=950px
2026-06-10 02:28:51,768 alpasim_carla.world INFO approximation scene=clipgt-01d503d4-449b-46fc-8d78-9085e70d3554 camera=camera_front_tele_30fov: rolling shutter rendered as global shutter
2026-06-10 02:28:52,067 alpasim_carla.world INFO approximation scene=clipgt-01d503d4-449b-46fc-8d78-9085e70d3554 camera=camera_front_wide_120fov: ftheta approximated as pinhole, hfov=118.36 deg from pixeldist_to_angle polynomial at r=950px
2026-06-10 02:28:52,067 alpasim_carla.world INFO approximation scene=clipgt-01d503d4-449b-46fc-8d78-9085e70d3554 camera=camera_front_wide_120fov: rolling shutter rendered as global shutter
2026-06-10 02:28:52,333 alpasim_carla.world INFO approximation scene=clipgt-01d503d4-449b-46fc-8d78-9085e70d3554 camera=camera_cross_left_120fov: ftheta approximated as pinhole, hfov=118.47 deg from pixeldist_to_angle polynomial at r=950px
2026-06-10 02:28:52,333 alpasim_carla.world INFO approximation scene=clipgt-01d503d4-449b-46fc-8d78-9085e70d3554 camera=camera_cross_left_120fov: rolling shutter rendered as global shutter
2026-06-10 02:28:52,456 alpasim_carla.world INFO approximation scene=clipgt-01d503d4-449b-46fc-8d78-9085e70d3554 camera=camera_cross_right_120fov: ftheta approximated as pinhole, hfov=118.93 deg from pixeldist_to_angle polynomial at r=950px
2026-06-10 02:28:52,456 alpasim_carla.world INFO approximation scene=clipgt-01d503d4-449b-46fc-8d78-9085e70d3554 camera=camera_cross_right_120fov: rolling shutter rendered as global shutter
2026-06-10 02:28:56,206 alpasim_carla.world INFO approximation scene=clipgt-01d503d4-449b-46fc-8d78-9085e70d3554 camera=camera_cross_left_120fov: ftheta approximated as pinhole, hfov=118.47 deg from pixeldist_to_angle polynomial at r=950px
2026-06-10 02:28:56,207 alpasim_carla.world INFO approximation scene=clipgt-01d503d4-449b-46fc-8d78-9085e70d3554 camera=camera_cross_left_120fov: rolling shutter rendered as global shutter
2026-06-10 02:28:56,382 alpasim_carla.world INFO approximation scene=clipgt-01d503d4-449b-46fc-8d78-9085e70d3554 camera=camera_cross_right_120fov: ftheta approximated as pinhole, hfov=118.93 deg from pixeldist_to_angle polynomial at r=950px
2026-06-10 02:28:56,382 alpasim_carla.world INFO approximation scene=clipgt-01d503d4-449b-46fc-8d78-9085e70d3554 camera=camera_cross_right_120fov: rolling shutter rendered as global shutter
2026-06-10 02:28:57,218 alpasim_carla.world INFO approximation scene=clipgt-01d503d4-449b-46fc-8d78-9085e70d3554 camera=camera_front_tele_30fov: ftheta approximated as pinhole, hfov=29.47 deg from pixeldist_to_angle polynomial at r=950px
2026-06-10 02:28:57,218 alpasim_carla.world INFO approximation scene=clipgt-01d503d4-449b-46fc-8d78-9085e70d3554 camera=camera_front_tele_30fov: rolling shutter rendered as global shutter
2026-06-10 02:28:57,440 alpasim_carla.world INFO approximation scene=clipgt-01d503d4-449b-46fc-8d78-9085e70d3554 camera=camera_front_wide_120fov: ftheta approximated as pinhole, hfov=118.36 deg from pixeldist_to_angle polynomial at r=950px
2026-06-10 02:28:57,440 alpasim_carla.world INFO approximation scene=clipgt-01d503d4-449b-46fc-8d78-9085e70d3554 camera=camera_front_wide_120fov: rolling shutter rendered as global shutter
2026-06-10 02:29:01,151 alpasim_carla.world INFO approximation scene=clipgt-01d503d4-449b-46fc-8d78-9085e70d3554 camera=camera_front_tele_30fov: ftheta approximated as pinhole, hfov=29.47 deg from pixeldist_to_angle polynomial at r=950px
2026-06-10 02:29:01,151 alpasim_carla.world INFO approximation scene=clipgt-01d503d4-449b-46fc-8d78-9085e70d3554 camera=camera_front_tele_30fov: rolling shutter rendered as global shutter
2026-06-10 02:29:01,470 alpasim_carla.world INFO approximation scene=clipgt-01d503d4-449b-46fc-8d78-9085e70d3554 camera=camera_front_wide_120fov: ftheta approximated as pinhole, hfov=118.36 deg from pixeldist_to_angle polynomial at r=950px
2026-06-10 02:29:01,470 alpasim_carla.world INFO approximation scene=clipgt-01d503d4-449b-46fc-8d78-9085e70d3554 camera=camera_front_wide_120fov: rolling shutter rendered as global shutter
2026-06-10 02:29:01,603 alpasim_carla.world INFO approximation scene=clipgt-01d503d4-449b-46fc-8d78-9085e70d3554 camera=camera_cross_left_120fov: ftheta approximated as pinhole, hfov=118.47 deg from pixeldist_to_angle polynomial at r=950px
2026-06-10 02:29:01,604 alpasim_carla.world INFO approximation scene=clipgt-01d503d4-449b-46fc-8d78-9085e70d3554 camera=camera_cross_left_120fov: rolling shutter rendered as global shutter
2026-06-10 02:29:01,708 alpasim_carla.world INFO approximation scene=clipgt-01d503d4-449b-46fc-8d78-9085e70d3554 camera=camera_cross_right_120fov: ftheta approximated as pinhole, hfov=118.93 deg from pixeldist_to_angle polynomial at r=950px
2026-06-10 02:29:01,708 alpasim_carla.world INFO approximation scene=clipgt-01d503d4-449b-46fc-8d78-9085e70d3554 camera=camera_cross_right_120fov: rolling shutter rendered as global shutter
2026-06-10 02:29:05,480 alpasim_carla.world INFO approximation scene=clipgt-01d503d4-449b-46fc-8d78-9085e70d3554 camera=camera_front_wide_120fov: ftheta approximated as pinhole, hfov=118.36 deg from pixeldist_to_angle polynomial at r=950px
2026-06-10 02:29:05,480 alpasim_carla.world INFO approximation scene=clipgt-01d503d4-449b-46fc-8d78-9085e70d3554 camera=camera_front_wide_120fov: rolling shutter rendered as global shutter
2026-06-10 02:29:05,482 alpasim_carla.registry WARNING blueprint_fallback track_id=142 label='' dims=4.50x1.90x1.60 -> vehicle.tesla.model3 (car-like dims heuristic; add the label to the scene manifest blueprint_overrides to silence)
2026-06-10 02:29:05,489 alpasim_carla.registry INFO spawned track_id=142 blueprint=vehicle.tesla.model3 decision=dims_heuristic[no-label] bbox_offset=(0.029201969504356384, 2.6825068744074088e-06, 0.7358468174934387)
2026-06-10 02:29:05,723 alpasim_carla.world INFO approximation scene=clipgt-01d503d4-449b-46fc-8d78-9085e70d3554 camera=camera_cross_left_120fov: ftheta approximated as pinhole, hfov=118.47 deg from pixeldist_to_angle polynomial at r=950px
2026-06-10 02:29:05,723 alpasim_carla.world INFO approximation scene=clipgt-01d503d4-449b-46fc-8d78-9085e70d3554 camera=camera_cross_left_120fov: rolling shutter rendered as global shutter
2026-06-10 02:29:05,921 alpasim_carla.world INFO approximation scene=clipgt-01d503d4-449b-46fc-8d78-9085e70d3554 camera=camera_front_tele_30fov: ftheta approximated as pinhole, hfov=29.47 deg from pixeldist_to_angle polynomial at r=950px
2026-06-10 02:29:05,921 alpasim_carla.world INFO approximation scene=clipgt-01d503d4-449b-46fc-8d78-9085e70d3554 camera=camera_front_tele_30fov: rolling shutter rendered as global shutter
2026-06-10 02:29:06,120 alpasim_carla.world INFO approximation scene=clipgt-01d503d4-449b-46fc-8d78-9085e70d3554 camera=camera_cross_right_120fov: ftheta approximated as pinhole, hfov=118.93 deg from pixeldist_to_angle polynomial at r=950px
2026-06-10 02:29:06,120 alpasim_carla.world INFO approximation scene=clipgt-01d503d4-449b-46fc-8d78-9085e70d3554 camera=camera_cross_right_120fov: rolling shutter rendered as global shutter
2026-06-10 02:29:09,472 alpasim_carla.world INFO approximation scene=clipgt-01d503d4-449b-46fc-8d78-9085e70d3554 camera=camera_front_tele_30fov: ftheta approximated as pinhole, hfov=29.47 deg from pixeldist_to_angle polynomial at r=950px
2026-06-10 02:29:09,472 alpasim_carla.world INFO approximation scene=clipgt-01d503d4-449b-46fc-8d78-9085e70d3554 camera=camera_front_tele_30fov: rolling shutter rendered as global shutter
2026-06-10 02:29:09,794 alpasim_carla.world INFO approximation scene=clipgt-01d503d4-449b-46fc-8d78-9085e70d3554 camera=camera_cross_right_120fov: ftheta approximated as pinhole, hfov=118.93 deg from pixeldist_to_angle polynomial at r=950px
2026-06-10 02:29:09,794 alpasim_carla.world INFO approximation scene=clipgt-01d503d4-449b-46fc-8d78-9085e70d3554 camera=camera_cross_right_120fov: rolling shutter rendered as global shutter
2026-06-10 02:29:10,047 alpasim_carla.world INFO approximation scene=clipgt-01d503d4-449b-46fc-8d78-9085e70d3554 camera=camera_front_wide_120fov: ftheta approximated as pinhole, hfov=118.36 deg from pixeldist_to_angle polynomial at r=950px
2026-06-10 02:29:10,047 alpasim_carla.world INFO approximation scene=clipgt-01d503d4-449b-46fc-8d78-9085e70d3554 camera=camera_front_wide_120fov: rolling shutter rendered as global shutter
2026-06-10 02:29:10,208 alpasim_carla.world INFO approximation scene=clipgt-01d503d4-449b-46fc-8d78-9085e70d3554 camera=camera_cross_left_120fov: ftheta approximated as pinhole, hfov=118.47 deg from pixeldist_to_angle polynomial at r=950px
2026-06-10 02:29:10,208 alpasim_carla.world INFO approximation scene=clipgt-01d503d4-449b-46fc-8d78-9085e70d3554 camera=camera_cross_left_120fov: rolling shutter rendered as global shutter
2026-06-10 02:29:13,068 alpasim_carla.world INFO approximation scene=clipgt-01d503d4-449b-46fc-8d78-9085e70d3554 camera=camera_front_wide_120fov: ftheta approximated as pinhole, hfov=118.36 deg from pixeldist_to_angle polynomial at r=950px
2026-06-10 02:29:13,069 alpasim_carla.world INFO approximation scene=clipgt-01d503d4-449b-46fc-8d78-9085e70d3554 camera=camera_front_wide_120fov: rolling shutter rendered as global shutter
2026-06-10 02:29:13,279 alpasim_carla.world INFO approximation scene=clipgt-01d503d4-449b-46fc-8d78-9085e70d3554 camera=camera_cross_left_120fov: ftheta approximated as pinhole, hfov=118.47 deg from pixeldist_to_angle polynomial at r=950px
2026-06-10 02:29:13,279 alpasim_carla.world INFO approximation scene=clipgt-01d503d4-449b-46fc-8d78-9085e70d3554 camera=camera_cross_left_120fov: rolling shutter rendered as global shutter
2026-06-10 02:29:13,440 alpasim_carla.world INFO approximation scene=clipgt-01d503d4-449b-46fc-8d78-9085e70d3554 camera=camera_front_tele_30fov: ftheta approximated as pinhole, hfov=29.47 deg from pixeldist_to_angle polynomial at r=950px
2026-06-10 02:29:13,440 alpasim_carla.world INFO approximation scene=clipgt-01d503d4-449b-46fc-8d78-9085e70d3554 camera=camera_front_tele_30fov: rolling shutter rendered as global shutter
2026-06-10 02:29:13,760 alpasim_carla.world INFO approximation scene=clipgt-01d503d4-449b-46fc-8d78-9085e70d3554 camera=camera_cross_right_120fov: ftheta approximated as pinhole, hfov=118.93 deg from pixeldist_to_angle polynomial at r=950px
2026-06-10 02:29:13,760 alpasim_carla.world INFO approximation scene=clipgt-01d503d4-449b-46fc-8d78-9085e70d3554 camera=camera_cross_right_120fov: rolling shutter rendered as global shutter
2026-06-10 02:29:16,628 alpasim_carla.world INFO approximation scene=clipgt-01d503d4-449b-46fc-8d78-9085e70d3554 camera=camera_cross_left_120fov: ftheta approximated as pinhole, hfov=118.47 deg from pixeldist_to_angle polynomial at r=950px
2026-06-10 02:29:16,629 alpasim_carla.world INFO approximation scene=clipgt-01d503d4-449b-46fc-8d78-9085e70d3554 camera=camera_cross_left_120fov: rolling shutter rendered as global shutter
2026-06-10 02:29:16,790 alpasim_carla.world INFO approximation scene=clipgt-01d503d4-449b-46fc-8d78-9085e70d3554 camera=camera_front_tele_30fov: ftheta approximated as pinhole, hfov=29.47 deg from pixeldist_to_angle polynomial at r=950px
2026-06-10 02:29:16,791 alpasim_carla.world INFO approximation scene=clipgt-01d503d4-449b-46fc-8d78-9085e70d3554 camera=camera_front_tele_30fov: rolling shutter rendered as global shutter
2026-06-10 02:29:17,091 alpasim_carla.world INFO approximation scene=clipgt-01d503d4-449b-46fc-8d78-9085e70d3554 camera=camera_front_wide_120fov: ftheta approximated as pinhole, hfov=118.36 deg from pixeldist_to_angle polynomial at r=950px
2026-06-10 02:29:17,091 alpasim_carla.world INFO approximation scene=clipgt-01d503d4-449b-46fc-8d78-9085e70d3554 camera=camera_front_wide_120fov: rolling shutter rendered as global shutter
2026-06-10 02:29:17,232 alpasim_carla.world INFO approximation scene=clipgt-01d503d4-449b-46fc-8d78-9085e70d3554 camera=camera_cross_right_120fov: ftheta approximated as pinhole, hfov=118.93 deg from pixeldist_to_angle polynomial at r=950px
2026-06-10 02:29:17,232 alpasim_carla.world INFO approximation scene=clipgt-01d503d4-449b-46fc-8d78-9085e70d3554 camera=camera_cross_right_120fov: rolling shutter rendered as global shutter
2026-06-10 02:29:21,146 alpasim_carla.world INFO approximation scene=clipgt-01d503d4-449b-46fc-8d78-9085e70d3554 camera=camera_front_wide_120fov: ftheta approximated as pinhole, hfov=118.36 deg from pixeldist_to_angle polynomial at r=950px
2026-06-10 02:29:21,146 alpasim_carla.world INFO approximation scene=clipgt-01d503d4-449b-46fc-8d78-9085e70d3554 camera=camera_front_wide_120fov: rolling shutter rendered as global shutter
2026-06-10 02:29:21,151 alpasim_carla.registry WARNING blueprint_fallback track_id=144 label='' dims=4.50x1.90x1.60 -> vehicle.tesla.model3 (car-like dims heuristic; add the label to the scene manifest blueprint_overrides to silence)
2026-06-10 02:29:21,156 alpasim_carla.registry INFO spawned track_id=144 blueprint=vehicle.tesla.model3 decision=dims_heuristic[no-label] bbox_offset=(0.029224514961242676, 2.610683509374212e-07, 0.7358646988868713)
2026-06-10 02:29:21,407 alpasim_carla.world INFO approximation scene=clipgt-01d503d4-449b-46fc-8d78-9085e70d3554 camera=camera_cross_right_120fov: ftheta approximated as pinhole, hfov=118.93 deg from pixeldist_to_angle polynomial at r=950px
2026-06-10 02:29:21,407 alpasim_carla.world INFO approximation scene=clipgt-01d503d4-449b-46fc-8d78-9085e70d3554 camera=camera_cross_right_120fov: rolling shutter rendered as global shutter
2026-06-10 02:29:21,622 alpasim_carla.world INFO approximation scene=clipgt-01d503d4-449b-46fc-8d78-9085e70d3554 camera=camera_cross_left_120fov: ftheta approximated as pinhole, hfov=118.47 deg from pixeldist_to_angle polynomial at r=950px
2026-06-10 02:29:21,622 alpasim_carla.world INFO approximation scene=clipgt-01d503d4-449b-46fc-8d78-9085e70d3554 camera=camera_cross_left_120fov: rolling shutter rendered as global shutter
2026-06-10 02:29:21,731 alpasim_carla.world INFO approximation scene=clipgt-01d503d4-449b-46fc-8d78-9085e70d3554 camera=camera_front_tele_30fov: ftheta approximated as pinhole, hfov=29.47 deg from pixeldist_to_angle polynomial at r=950px
2026-06-10 02:29:21,731 alpasim_carla.world INFO approximation scene=clipgt-01d503d4-449b-46fc-8d78-9085e70d3554 camera=camera_front_tele_30fov: rolling shutter rendered as global shutter
2026-06-10 02:29:26,082 alpasim_carla.world INFO approximation scene=clipgt-01d503d4-449b-46fc-8d78-9085e70d3554 camera=camera_cross_left_120fov: ftheta approximated as pinhole, hfov=118.47 deg from pixeldist_to_angle polynomial at r=950px
2026-06-10 02:29:26,083 alpasim_carla.world INFO approximation scene=clipgt-01d503d4-449b-46fc-8d78-9085e70d3554 camera=camera_cross_left_120fov: rolling shutter rendered as global shutter
2026-06-10 02:29:26,262 alpasim_carla.world INFO approximation scene=clipgt-01d503d4-449b-46fc-8d78-9085e70d3554 camera=camera_front_tele_30fov: ftheta approximated as pinhole, hfov=29.47 deg from pixeldist_to_angle polynomial at r=950px
2026-06-10 02:29:26,262 alpasim_carla.world INFO approximation scene=clipgt-01d503d4-449b-46fc-8d78-9085e70d3554 camera=camera_front_tele_30fov: rolling shutter rendered as global shutter
2026-06-10 02:29:26,626 alpasim_carla.world INFO approximation scene=clipgt-01d503d4-449b-46fc-8d78-9085e70d3554 camera=camera_front_wide_120fov: ftheta approximated as pinhole, hfov=118.36 deg from pixeldist_to_angle polynomial at r=950px
2026-06-10 02:29:26,627 alpasim_carla.world INFO approximation scene=clipgt-01d503d4-449b-46fc-8d78-9085e70d3554 camera=camera_front_wide_120fov: rolling shutter rendered as global shutter
2026-06-10 02:29:26,873 alpasim_carla.world INFO approximation scene=clipgt-01d503d4-449b-46fc-8d78-9085e70d3554 camera=camera_cross_right_120fov: ftheta approximated as pinhole, hfov=118.93 deg from pixeldist_to_angle polynomial at r=950px
2026-06-10 02:29:26,873 alpasim_carla.world INFO approximation scene=clipgt-01d503d4-449b-46fc-8d78-9085e70d3554 camera=camera_cross_right_120fov: rolling shutter rendered as global shutter
2026-06-10 02:29:29,755 alpasim_carla.world INFO approximation scene=clipgt-01d503d4-449b-46fc-8d78-9085e70d3554 camera=camera_front_tele_30fov: ftheta approximated as pinhole, hfov=29.47 deg from pixeldist_to_angle polynomial at r=950px
2026-06-10 02:29:29,755 alpasim_carla.world INFO approximation scene=clipgt-01d503d4-449b-46fc-8d78-9085e70d3554 camera=camera_front_tele_30fov: rolling shutter rendered as global shutter
2026-06-10 02:29:30,056 alpasim_carla.world INFO approximation scene=clipgt-01d503d4-449b-46fc-8d78-9085e70d3554 camera=camera_front_wide_120fov: ftheta approximated as pinhole, hfov=118.36 deg from pixeldist_to_angle polynomial at r=950px
2026-06-10 02:29:30,056 alpasim_carla.world INFO approximation scene=clipgt-01d503d4-449b-46fc-8d78-9085e70d3554 camera=camera_front_wide_120fov: rolling shutter rendered as global shutter
2026-06-10 02:29:30,199 alpasim_carla.world INFO approximation scene=clipgt-01d503d4-449b-46fc-8d78-9085e70d3554 camera=camera_cross_left_120fov: ftheta approximated as pinhole, hfov=118.47 deg from pixeldist_to_angle polynomial at r=950px
2026-06-10 02:29:30,200 alpasim_carla.world INFO approximation scene=clipgt-01d503d4-449b-46fc-8d78-9085e70d3554 camera=camera_cross_left_120fov: rolling shutter rendered as global shutter
2026-06-10 02:29:30,328 alpasim_carla.world INFO approximation scene=clipgt-01d503d4-449b-46fc-8d78-9085e70d3554 camera=camera_cross_right_120fov: ftheta approximated as pinhole, hfov=118.93 deg from pixeldist_to_angle polynomial at r=950px
2026-06-10 02:29:30,328 alpasim_carla.world INFO approximation scene=clipgt-01d503d4-449b-46fc-8d78-9085e70d3554 camera=camera_cross_right_120fov: rolling shutter rendered as global shutter
2026-06-10 02:29:34,295 alpasim_carla.world INFO approximation scene=clipgt-01d503d4-449b-46fc-8d78-9085e70d3554 camera=camera_cross_left_120fov: ftheta approximated as pinhole, hfov=118.47 deg from pixeldist_to_angle polynomial at r=950px
2026-06-10 02:29:34,295 alpasim_carla.world INFO approximation scene=clipgt-01d503d4-449b-46fc-8d78-9085e70d3554 camera=camera_cross_left_120fov: rolling shutter rendered as global shutter
2026-06-10 02:29:34,561 alpasim_carla.world INFO approximation scene=clipgt-01d503d4-449b-46fc-8d78-9085e70d3554 camera=camera_cross_right_120fov: ftheta approximated as pinhole, hfov=118.93 deg from pixeldist_to_angle polynomial at r=950px
2026-06-10 02:29:34,561 alpasim_carla.world INFO approximation scene=clipgt-01d503d4-449b-46fc-8d78-9085e70d3554 camera=camera_cross_right_120fov: rolling shutter rendered as global shutter
2026-06-10 02:29:34,851 alpasim_carla.world INFO approximation scene=clipgt-01d503d4-449b-46fc-8d78-9085e70d3554 camera=camera_front_tele_30fov: ftheta approximated as pinhole, hfov=29.47 deg from pixeldist_to_angle polynomial at r=950px
2026-06-10 02:29:34,851 alpasim_carla.world INFO approximation scene=clipgt-01d503d4-449b-46fc-8d78-9085e70d3554 camera=camera_front_tele_30fov: rolling shutter rendered as global shutter
2026-06-10 02:29:35,086 alpasim_carla.world INFO approximation scene=clipgt-01d503d4-449b-46fc-8d78-9085e70d3554 camera=camera_front_wide_120fov: ftheta approximated as pinhole, hfov=118.36 deg from pixeldist_to_angle polynomial at r=950px
2026-06-10 02:29:35,086 alpasim_carla.world INFO approximation scene=clipgt-01d503d4-449b-46fc-8d78-9085e70d3554 camera=camera_front_wide_120fov: rolling shutter rendered as global shutter
2026-06-10 02:29:38,308 alpasim_carla.world INFO approximation scene=clipgt-01d503d4-449b-46fc-8d78-9085e70d3554 camera=camera_front_tele_30fov: ftheta approximated as pinhole, hfov=29.47 deg from pixeldist_to_angle polynomial at r=950px
2026-06-10 02:29:38,308 alpasim_carla.world INFO approximation scene=clipgt-01d503d4-449b-46fc-8d78-9085e70d3554 camera=camera_front_tele_30fov: rolling shutter rendered as global shutter
2026-06-10 02:29:38,312 alpasim_carla.registry WARNING blueprint_fallback track_id=145 label='' dims=4.50x1.90x1.60 -> vehicle.tesla.model3 (car-like dims heuristic; add the label to the scene manifest blueprint_overrides to silence)
2026-06-10 02:29:38,315 alpasim_carla.registry INFO spawned track_id=145 blueprint=vehicle.tesla.model3 decision=dims_heuristic[no-label] bbox_offset=(0.029201306402683258, -8.046300763453473e-07, 0.7358712553977966)
2026-06-10 02:29:38,590 alpasim_carla.world INFO approximation scene=clipgt-01d503d4-449b-46fc-8d78-9085e70d3554 camera=camera_front_wide_120fov: ftheta approximated as pinhole, hfov=118.36 deg from pixeldist_to_angle polynomial at r=950px
2026-06-10 02:29:38,590 alpasim_carla.world INFO approximation scene=clipgt-01d503d4-449b-46fc-8d78-9085e70d3554 camera=camera_front_wide_120fov: rolling shutter rendered as global shutter
2026-06-10 02:29:38,765 alpasim_carla.world INFO approximation scene=clipgt-01d503d4-449b-46fc-8d78-9085e70d3554 camera=camera_cross_left_120fov: ftheta approximated as pinhole, hfov=118.47 deg from pixeldist_to_angle polynomial at r=950px
2026-06-10 02:29:38,765 alpasim_carla.world INFO approximation scene=clipgt-01d503d4-449b-46fc-8d78-9085e70d3554 camera=camera_cross_left_120fov: rolling shutter rendered as global shutter
2026-06-10 02:29:38,931 alpasim_carla.world INFO approximation scene=clipgt-01d503d4-449b-46fc-8d78-9085e70d3554 camera=camera_cross_right_120fov: ftheta approximated as pinhole, hfov=118.93 deg from pixeldist_to_angle polynomial at r=950px
2026-06-10 02:29:38,932 alpasim_carla.world INFO approximation scene=clipgt-01d503d4-449b-46fc-8d78-9085e70d3554 camera=camera_cross_right_120fov: rolling shutter rendered as global shutter
2026-06-10 02:29:41,826 alpasim_carla.world INFO approximation scene=clipgt-01d503d4-449b-46fc-8d78-9085e70d3554 camera=camera_front_wide_120fov: ftheta approximated as pinhole, hfov=118.36 deg from pixeldist_to_angle polynomial at r=950px
2026-06-10 02:29:41,827 alpasim_carla.world INFO approximation scene=clipgt-01d503d4-449b-46fc-8d78-9085e70d3554 camera=camera_front_wide_120fov: rolling shutter rendered as global shutter
2026-06-10 02:29:41,831 alpasim_carla.registry WARNING blueprint_fallback track_id=148 label='' dims=4.50x1.90x1.60 -> vehicle.tesla.model3 (car-like dims heuristic; add the label to the scene manifest blueprint_overrides to silence)
2026-06-10 02:29:41,835 alpasim_carla.registry INFO spawned track_id=148 blueprint=vehicle.tesla.model3 decision=dims_heuristic[no-label] bbox_offset=(0.029238326475024223, 9.275972701061619e-08, 0.7358757853507996)
2026-06-10 02:29:42,060 alpasim_carla.world INFO approximation scene=clipgt-01d503d4-449b-46fc-8d78-9085e70d3554 camera=camera_cross_left_120fov: ftheta approximated as pinhole, hfov=118.47 deg from pixeldist_to_angle polynomial at r=950px
2026-06-10 02:29:42,060 alpasim_carla.world INFO approximation scene=clipgt-01d503d4-449b-46fc-8d78-9085e70d3554 camera=camera_cross_left_120fov: rolling shutter rendered as global shutter
2026-06-10 02:29:42,211 alpasim_carla.world INFO approximation scene=clipgt-01d503d4-449b-46fc-8d78-9085e70d3554 camera=camera_front_tele_30fov: ftheta approximated as pinhole, hfov=29.47 deg from pixeldist_to_angle polynomial at r=950px
2026-06-10 02:29:42,211 alpasim_carla.world INFO approximation scene=clipgt-01d503d4-449b-46fc-8d78-9085e70d3554 camera=camera_front_tele_30fov: rolling shutter rendered as global shutter
2026-06-10 02:29:42,401 alpasim_carla.world INFO approximation scene=clipgt-01d503d4-449b-46fc-8d78-9085e70d3554 camera=camera_cross_right_120fov: ftheta approximated as pinhole, hfov=118.93 deg from pixeldist_to_angle polynomial at r=950px
2026-06-10 02:29:42,402 alpasim_carla.world INFO approximation scene=clipgt-01d503d4-449b-46fc-8d78-9085e70d3554 camera=camera_cross_right_120fov: rolling shutter rendered as global shutter
2026-06-10 02:29:45,179 alpasim_carla.world INFO approximation scene=clipgt-01d503d4-449b-46fc-8d78-9085e70d3554 camera=camera_front_tele_30fov: ftheta approximated as pinhole, hfov=29.47 deg from pixeldist_to_angle polynomial at r=950px
2026-06-10 02:29:45,179 alpasim_carla.world INFO approximation scene=clipgt-01d503d4-449b-46fc-8d78-9085e70d3554 camera=camera_front_tele_30fov: rolling shutter rendered as global shutter
2026-06-10 02:29:45,514 alpasim_carla.world INFO approximation scene=clipgt-01d503d4-449b-46fc-8d78-9085e70d3554 camera=camera_cross_right_120fov: ftheta approximated as pinhole, hfov=118.93 deg from pixeldist_to_angle polynomial at r=950px
2026-06-10 02:29:45,514 alpasim_carla.world INFO approximation scene=clipgt-01d503d4-449b-46fc-8d78-9085e70d3554 camera=camera_cross_right_120fov: rolling shutter rendered as global shutter
2026-06-10 02:29:45,773 alpasim_carla.world INFO approximation scene=clipgt-01d503d4-449b-46fc-8d78-9085e70d3554 camera=camera_front_wide_120fov: ftheta approximated as pinhole, hfov=118.36 deg from pixeldist_to_angle polynomial at r=950px
2026-06-10 02:29:45,773 alpasim_carla.world INFO approximation scene=clipgt-01d503d4-449b-46fc-8d78-9085e70d3554 camera=camera_front_wide_120fov: rolling shutter rendered as global shutter
2026-06-10 02:29:45,915 alpasim_carla.world INFO approximation scene=clipgt-01d503d4-449b-46fc-8d78-9085e70d3554 camera=camera_cross_left_120fov: ftheta approximated as pinhole, hfov=118.47 deg from pixeldist_to_angle polynomial at r=950px
2026-06-10 02:29:45,915 alpasim_carla.world INFO approximation scene=clipgt-01d503d4-449b-46fc-8d78-9085e70d3554 camera=camera_cross_left_120fov: rolling shutter rendered as global shutter
2026-06-10 02:29:48,303 alpasim_carla.world INFO approximation scene=clipgt-01d503d4-449b-46fc-8d78-9085e70d3554 camera=camera_front_wide_120fov: ftheta approximated as pinhole, hfov=118.36 deg from pixeldist_to_angle polynomial at r=950px
2026-06-10 02:29:48,303 alpasim_carla.world INFO approximation scene=clipgt-01d503d4-449b-46fc-8d78-9085e70d3554 camera=camera_front_wide_120fov: rolling shutter rendered as global shutter
2026-06-10 02:29:48,542 alpasim_carla.world INFO approximation scene=clipgt-01d503d4-449b-46fc-8d78-9085e70d3554 camera=camera_cross_left_120fov: ftheta approximated as pinhole, hfov=118.47 deg from pixeldist_to_angle polynomial at r=950px
2026-06-10 02:29:48,542 alpasim_carla.world INFO approximation scene=clipgt-01d503d4-449b-46fc-8d78-9085e70d3554 camera=camera_cross_left_120fov: rolling shutter rendered as global shutter
2026-06-10 02:29:48,808 alpasim_carla.world INFO approximation scene=clipgt-01d503d4-449b-46fc-8d78-9085e70d3554 camera=camera_front_tele_30fov: ftheta approximated as pinhole, hfov=29.47 deg from pixeldist_to_angle polynomial at r=950px
2026-06-10 02:29:48,808 alpasim_carla.world INFO approximation scene=clipgt-01d503d4-449b-46fc-8d78-9085e70d3554 camera=camera_front_tele_30fov: rolling shutter rendered as global shutter
2026-06-10 02:29:48,985 alpasim_carla.world INFO approximation scene=clipgt-01d503d4-449b-46fc-8d78-9085e70d3554 camera=camera_cross_right_120fov: ftheta approximated as pinhole, hfov=118.93 deg from pixeldist_to_angle polynomial at r=950px
2026-06-10 02:29:48,985 alpasim_carla.world INFO approximation scene=clipgt-01d503d4-449b-46fc-8d78-9085e70d3554 camera=camera_cross_right_120fov: rolling shutter rendered as global shutter
2026-06-10 02:29:52,479 alpasim_carla.world INFO approximation scene=clipgt-01d503d4-449b-46fc-8d78-9085e70d3554 camera=camera_cross_left_120fov: ftheta approximated as pinhole, hfov=118.47 deg from pixeldist_to_angle polynomial at r=950px
2026-06-10 02:29:52,479 alpasim_carla.world INFO approximation scene=clipgt-01d503d4-449b-46fc-8d78-9085e70d3554 camera=camera_cross_left_120fov: rolling shutter rendered as global shutter
2026-06-10 02:29:52,482 alpasim_carla.registry WARNING blueprint_fallback track_id=151 label='' dims=4.50x1.90x1.60 -> vehicle.tesla.model3 (car-like dims heuristic; add the label to the scene manifest blueprint_overrides to silence)
2026-06-10 02:29:52,485 alpasim_carla.registry INFO spawned track_id=151 blueprint=vehicle.tesla.model3 decision=dims_heuristic[no-label] bbox_offset=(0.02922387607395649, -1.9133091200274066e-07, 0.7358676791191101)
2026-06-10 02:29:52,487 alpasim_carla.registry WARNING blueprint_fallback track_id=153 label='' dims=4.50x1.90x1.60 -> vehicle.tesla.model3 (car-like dims heuristic; add the label to the scene manifest blueprint_overrides to silence)
2026-06-10 02:29:52,490 alpasim_carla.registry INFO spawned track_id=153 blueprint=vehicle.tesla.model3 decision=dims_heuristic[no-label] bbox_offset=(0.029209068045020103, -6.587803227375844e-07, 0.735861599445343)
2026-06-10 02:29:52,631 alpasim_carla.world INFO approximation scene=clipgt-01d503d4-449b-46fc-8d78-9085e70d3554 camera=camera_front_tele_30fov: ftheta approximated as pinhole, hfov=29.47 deg from pixeldist_to_angle polynomial at r=950px
2026-06-10 02:29:52,631 alpasim_carla.world INFO approximation scene=clipgt-01d503d4-449b-46fc-8d78-9085e70d3554 camera=camera_front_tele_30fov: rolling shutter rendered as global shutter
2026-06-10 02:29:52,936 alpasim_carla.world INFO approximation scene=clipgt-01d503d4-449b-46fc-8d78-9085e70d3554 camera=camera_front_wide_120fov: ftheta approximated as pinhole, hfov=118.36 deg from pixeldist_to_angle polynomial at r=950px
2026-06-10 02:29:52,937 alpasim_carla.world INFO approximation scene=clipgt-01d503d4-449b-46fc-8d78-9085e70d3554 camera=camera_front_wide_120fov: rolling shutter rendered as global shutter
2026-06-10 02:29:53,165 alpasim_carla.world INFO approximation scene=clipgt-01d503d4-449b-46fc-8d78-9085e70d3554 camera=camera_cross_right_120fov: ftheta approximated as pinhole, hfov=118.93 deg from pixeldist_to_angle polynomial at r=950px
2026-06-10 02:29:53,165 alpasim_carla.world INFO approximation scene=clipgt-01d503d4-449b-46fc-8d78-9085e70d3554 camera=camera_cross_right_120fov: rolling shutter rendered as global shutter
2026-06-10 02:29:56,089 alpasim_carla.world INFO approximation scene=clipgt-01d503d4-449b-46fc-8d78-9085e70d3554 camera=camera_front_wide_120fov: ftheta approximated as pinhole, hfov=118.36 deg from pixeldist_to_angle polynomial at r=950px
2026-06-10 02:29:56,089 alpasim_carla.world INFO approximation scene=clipgt-01d503d4-449b-46fc-8d78-9085e70d3554 camera=camera_front_wide_120fov: rolling shutter rendered as global shutter
2026-06-10 02:29:56,092 alpasim_carla.registry WARNING blueprint_fallback track_id=154 label='' dims=4.50x1.90x1.60 -> vehicle.tesla.model3 (car-like dims heuristic; add the label to the scene manifest blueprint_overrides to silence)
2026-06-10 02:29:56,096 alpasim_carla.registry INFO spawned track_id=154 blueprint=vehicle.tesla.model3 decision=dims_heuristic[no-label] bbox_offset=(0.029202792793512344, 4.0397046063844755e-07, 0.7358636856079102)
2026-06-10 02:29:56,330 alpasim_carla.world INFO approximation scene=clipgt-01d503d4-449b-46fc-8d78-9085e70d3554 camera=camera_cross_right_120fov: ftheta approximated as pinhole, hfov=118.93 deg from pixeldist_to_angle polynomial at r=950px
2026-06-10 02:29:56,330 alpasim_carla.world INFO approximation scene=clipgt-01d503d4-449b-46fc-8d78-9085e70d3554 camera=camera_cross_right_120fov: rolling shutter rendered as global shutter
2026-06-10 02:29:56,588 alpasim_carla.world INFO approximation scene=clipgt-01d503d4-449b-46fc-8d78-9085e70d3554 camera=camera_cross_left_120fov: ftheta approximated as pinhole, hfov=118.47 deg from pixeldist_to_angle polynomial at r=950px
2026-06-10 02:29:56,588 alpasim_carla.world INFO approximation scene=clipgt-01d503d4-449b-46fc-8d78-9085e70d3554 camera=camera_cross_left_120fov: rolling shutter rendered as global shutter
2026-06-10 02:29:56,697 alpasim_carla.world INFO approximation scene=clipgt-01d503d4-449b-46fc-8d78-9085e70d3554 camera=camera_front_tele_30fov: ftheta approximated as pinhole, hfov=29.47 deg from pixeldist_to_angle polynomial at r=950px
2026-06-10 02:29:56,697 alpasim_carla.world INFO approximation scene=clipgt-01d503d4-449b-46fc-8d78-9085e70d3554 camera=camera_front_tele_30fov: rolling shutter rendered as global shutter
2026-06-10 02:30:00,310 alpasim_carla.world INFO approximation scene=clipgt-01d503d4-449b-46fc-8d78-9085e70d3554 camera=camera_cross_left_120fov: ftheta approximated as pinhole, hfov=118.47 deg from pixeldist_to_angle polynomial at r=950px
2026-06-10 02:30:00,310 alpasim_carla.world INFO approximation scene=clipgt-01d503d4-449b-46fc-8d78-9085e70d3554 camera=camera_cross_left_120fov: rolling shutter rendered as global shutter
2026-06-10 02:30:00,469 alpasim_carla.world INFO approximation scene=clipgt-01d503d4-449b-46fc-8d78-9085e70d3554 camera=camera_front_tele_30fov: ftheta approximated as pinhole, hfov=29.47 deg from pixeldist_to_angle polynomial at r=950px
2026-06-10 02:30:00,469 alpasim_carla.world INFO approximation scene=clipgt-01d503d4-449b-46fc-8d78-9085e70d3554 camera=camera_front_tele_30fov: rolling shutter rendered as global shutter
2026-06-10 02:30:00,796 alpasim_carla.world INFO approximation scene=clipgt-01d503d4-449b-46fc-8d78-9085e70d3554 camera=camera_front_wide_120fov: ftheta approximated as pinhole, hfov=118.36 deg from pixeldist_to_angle polynomial at r=950px
2026-06-10 02:30:00,796 alpasim_carla.world INFO approximation scene=clipgt-01d503d4-449b-46fc-8d78-9085e70d3554 camera=camera_front_wide_120fov: rolling shutter rendered as global shutter
2026-06-10 02:30:00,943 alpasim_carla.world INFO approximation scene=clipgt-01d503d4-449b-46fc-8d78-9085e70d3554 camera=camera_cross_right_120fov: ftheta approximated as pinhole, hfov=118.93 deg from pixeldist_to_angle polynomial at r=950px
2026-06-10 02:30:00,943 alpasim_carla.world INFO approximation scene=clipgt-01d503d4-449b-46fc-8d78-9085e70d3554 camera=camera_cross_right_120fov: rolling shutter rendered as global shutter
2026-06-10 02:30:04,490 alpasim_carla.world INFO approximation scene=clipgt-01d503d4-449b-46fc-8d78-9085e70d3554 camera=camera_front_tele_30fov: ftheta approximated as pinhole, hfov=29.47 deg from pixeldist_to_angle polynomial at r=950px
2026-06-10 02:30:04,490 alpasim_carla.world INFO approximation scene=clipgt-01d503d4-449b-46fc-8d78-9085e70d3554 camera=camera_front_tele_30fov: rolling shutter rendered as global shutter
2026-06-10 02:30:04,802 alpasim_carla.world INFO approximation scene=clipgt-01d503d4-449b-46fc-8d78-9085e70d3554 camera=camera_front_wide_120fov: ftheta approximated as pinhole, hfov=118.36 deg from pixeldist_to_angle polynomial at r=950px
2026-06-10 02:30:04,802 alpasim_carla.world INFO approximation scene=clipgt-01d503d4-449b-46fc-8d78-9085e70d3554 camera=camera_front_wide_120fov: rolling shutter rendered as global shutter
2026-06-10 02:30:04,973 alpasim_carla.world INFO approximation scene=clipgt-01d503d4-449b-46fc-8d78-9085e70d3554 camera=camera_cross_left_120fov: ftheta approximated as pinhole, hfov=118.47 deg from pixeldist_to_angle polynomial at r=950px
2026-06-10 02:30:04,973 alpasim_carla.world INFO approximation scene=clipgt-01d503d4-449b-46fc-8d78-9085e70d3554 camera=camera_cross_left_120fov: rolling shutter rendered as global shutter
2026-06-10 02:30:05,184 alpasim_carla.world INFO approximation scene=clipgt-01d503d4-449b-46fc-8d78-9085e70d3554 camera=camera_cross_right_120fov: ftheta approximated as pinhole, hfov=118.93 deg from pixeldist_to_angle polynomial at r=950px
2026-06-10 02:30:05,184 alpasim_carla.world INFO approximation scene=clipgt-01d503d4-449b-46fc-8d78-9085e70d3554 camera=camera_cross_right_120fov: rolling shutter rendered as global shutter
2026-06-10 02:30:08,779 alpasim_carla.world INFO approximation scene=clipgt-01d503d4-449b-46fc-8d78-9085e70d3554 camera=camera_cross_left_120fov: ftheta approximated as pinhole, hfov=118.47 deg from pixeldist_to_angle polynomial at r=950px
2026-06-10 02:30:08,779 alpasim_carla.world INFO approximation scene=clipgt-01d503d4-449b-46fc-8d78-9085e70d3554 camera=camera_cross_left_120fov: rolling shutter rendered as global shutter
2026-06-10 02:30:08,935 alpasim_carla.world INFO approximation scene=clipgt-01d503d4-449b-46fc-8d78-9085e70d3554 camera=camera_cross_right_120fov: ftheta approximated as pinhole, hfov=118.93 deg from pixeldist_to_angle polynomial at r=950px
2026-06-10 02:30:08,935 alpasim_carla.world INFO approximation scene=clipgt-01d503d4-449b-46fc-8d78-9085e70d3554 camera=camera_cross_right_120fov: rolling shutter rendered as global shutter
2026-06-10 02:30:09,298 alpasim_carla.world INFO approximation scene=clipgt-01d503d4-449b-46fc-8d78-9085e70d3554 camera=camera_front_tele_30fov: ftheta approximated as pinhole, hfov=29.47 deg from pixeldist_to_angle polynomial at r=950px
2026-06-10 02:30:09,298 alpasim_carla.world INFO approximation scene=clipgt-01d503d4-449b-46fc-8d78-9085e70d3554 camera=camera_front_tele_30fov: rolling shutter rendered as global shutter
2026-06-10 02:30:09,531 alpasim_carla.world INFO approximation scene=clipgt-01d503d4-449b-46fc-8d78-9085e70d3554 camera=camera_front_wide_120fov: ftheta approximated as pinhole, hfov=118.36 deg from pixeldist_to_angle polynomial at r=950px
2026-06-10 02:30:09,531 alpasim_carla.world INFO approximation scene=clipgt-01d503d4-449b-46fc-8d78-9085e70d3554 camera=camera_front_wide_120fov: rolling shutter rendered as global shutter
2026-06-10 02:30:12,954 alpasim_carla.world INFO approximation scene=clipgt-01d503d4-449b-46fc-8d78-9085e70d3554 camera=camera_front_tele_30fov: ftheta approximated as pinhole, hfov=29.47 deg from pixeldist_to_angle polynomial at r=950px
2026-06-10 02:30:12,954 alpasim_carla.world INFO approximation scene=clipgt-01d503d4-449b-46fc-8d78-9085e70d3554 camera=camera_front_tele_30fov: rolling shutter rendered as global shutter
2026-06-10 02:30:13,231 alpasim_carla.world INFO approximation scene=clipgt-01d503d4-449b-46fc-8d78-9085e70d3554 camera=camera_front_wide_120fov: ftheta approximated as pinhole, hfov=118.36 deg from pixeldist_to_angle polynomial at r=950px
2026-06-10 02:30:13,232 alpasim_carla.world INFO approximation scene=clipgt-01d503d4-449b-46fc-8d78-9085e70d3554 camera=camera_front_wide_120fov: rolling shutter rendered as global shutter
2026-06-10 02:30:13,392 alpasim_carla.world INFO approximation scene=clipgt-01d503d4-449b-46fc-8d78-9085e70d3554 camera=camera_cross_left_120fov: ftheta approximated as pinhole, hfov=118.47 deg from pixeldist_to_angle polynomial at r=950px
2026-06-10 02:30:13,392 alpasim_carla.world INFO approximation scene=clipgt-01d503d4-449b-46fc-8d78-9085e70d3554 camera=camera_cross_left_120fov: rolling shutter rendered as global shutter
2026-06-10 02:30:13,506 alpasim_carla.world INFO approximation scene=clipgt-01d503d4-449b-46fc-8d78-9085e70d3554 camera=camera_cross_right_120fov: ftheta approximated as pinhole, hfov=118.93 deg from pixeldist_to_angle polynomial at r=950px
2026-06-10 02:30:13,507 alpasim_carla.world INFO approximation scene=clipgt-01d503d4-449b-46fc-8d78-9085e70d3554 camera=camera_cross_right_120fov: rolling shutter rendered as global shutter
2026-06-10 02:30:17,529 alpasim_carla.world INFO approximation scene=clipgt-01d503d4-449b-46fc-8d78-9085e70d3554 camera=camera_front_wide_120fov: ftheta approximated as pinhole, hfov=118.36 deg from pixeldist_to_angle polynomial at r=950px
2026-06-10 02:30:17,530 alpasim_carla.world INFO approximation scene=clipgt-01d503d4-449b-46fc-8d78-9085e70d3554 camera=camera_front_wide_120fov: rolling shutter rendered as global shutter
2026-06-10 02:30:17,531 alpasim_carla.registry WARNING blueprint_fallback track_id=156 label='' dims=4.50x1.90x1.60 -> vehicle.tesla.model3 (car-like dims heuristic; add the label to the scene manifest blueprint_overrides to silence)
2026-06-10 02:30:17,535 alpasim_carla.registry INFO spawned track_id=156 blueprint=vehicle.tesla.model3 decision=dims_heuristic[no-label] bbox_offset=(0.02923286333680153, -2.479739293903549e-07, 0.7358705997467041)
2026-06-10 02:30:17,754 alpasim_carla.world INFO approximation scene=clipgt-01d503d4-449b-46fc-8d78-9085e70d3554 camera=camera_cross_left_120fov: ftheta approximated as pinhole, hfov=118.47 deg from pixeldist_to_angle polynomial at r=950px
2026-06-10 02:30:17,754 alpasim_carla.world INFO approximation scene=clipgt-01d503d4-449b-46fc-8d78-9085e70d3554 camera=camera_cross_left_120fov: rolling shutter rendered as global shutter
2026-06-10 02:30:17,882 alpasim_carla.world INFO approximation scene=clipgt-01d503d4-449b-46fc-8d78-9085e70d3554 camera=camera_front_tele_30fov: ftheta approximated as pinhole, hfov=29.47 deg from pixeldist_to_angle polynomial at r=950px
2026-06-10 02:30:17,882 alpasim_carla.world INFO approximation scene=clipgt-01d503d4-449b-46fc-8d78-9085e70d3554 camera=camera_front_tele_30fov: rolling shutter rendered as global shutter
2026-06-10 02:30:18,073 alpasim_carla.world INFO approximation scene=clipgt-01d503d4-449b-46fc-8d78-9085e70d3554 camera=camera_cross_right_120fov: ftheta approximated as pinhole, hfov=118.93 deg from pixeldist_to_angle polynomial at r=950px
2026-06-10 02:30:18,073 alpasim_carla.world INFO approximation scene=clipgt-01d503d4-449b-46fc-8d78-9085e70d3554 camera=camera_cross_right_120fov: rolling shutter rendered as global shutter
2026-06-10 02:30:21,252 alpasim_carla.world INFO approximation scene=clipgt-01d503d4-449b-46fc-8d78-9085e70d3554 camera=camera_front_tele_30fov: ftheta approximated as pinhole, hfov=29.47 deg from pixeldist_to_angle polynomial at r=950px
2026-06-10 02:30:21,252 alpasim_carla.world INFO approximation scene=clipgt-01d503d4-449b-46fc-8d78-9085e70d3554 camera=camera_front_tele_30fov: rolling shutter rendered as global shutter
2026-06-10 02:30:21,254 alpasim_carla.registry WARNING blueprint_fallback track_id=158 label='' dims=4.50x1.90x1.60 -> vehicle.tesla.model3 (car-like dims heuristic; add the label to the scene manifest blueprint_overrides to silence)
2026-06-10 02:30:21,258 alpasim_carla.registry INFO spawned track_id=158 blueprint=vehicle.tesla.model3 decision=dims_heuristic[no-label] bbox_offset=(0.02921956032514572, 7.319636665670259e-07, 0.7358558773994446)
2026-06-10 02:30:21,577 alpasim_carla.world INFO approximation scene=clipgt-01d503d4-449b-46fc-8d78-9085e70d3554 camera=camera_cross_right_120fov: ftheta approximated as pinhole, hfov=118.93 deg from pixeldist_to_angle polynomial at r=950px
2026-06-10 02:30:21,577 alpasim_carla.world INFO approximation scene=clipgt-01d503d4-449b-46fc-8d78-9085e70d3554 camera=camera_cross_right_120fov: rolling shutter rendered as global shutter
2026-06-10 02:30:21,785 alpasim_carla.world INFO approximation scene=clipgt-01d503d4-449b-46fc-8d78-9085e70d3554 camera=camera_front_wide_120fov: ftheta approximated as pinhole, hfov=118.36 deg from pixeldist_to_angle polynomial at r=950px
2026-06-10 02:30:21,785 alpasim_carla.world INFO approximation scene=clipgt-01d503d4-449b-46fc-8d78-9085e70d3554 camera=camera_front_wide_120fov: rolling shutter rendered as global shutter
2026-06-10 02:30:21,925 alpasim_carla.world INFO approximation scene=clipgt-01d503d4-449b-46fc-8d78-9085e70d3554 camera=camera_cross_left_120fov: ftheta approximated as pinhole, hfov=118.47 deg from pixeldist_to_angle polynomial at r=950px
2026-06-10 02:30:21,926 alpasim_carla.world INFO approximation scene=clipgt-01d503d4-449b-46fc-8d78-9085e70d3554 camera=camera_cross_left_120fov: rolling shutter rendered as global shutter
2026-06-10 02:30:25,248 alpasim_carla.world INFO approximation scene=clipgt-01d503d4-449b-46fc-8d78-9085e70d3554 camera=camera_front_wide_120fov: ftheta approximated as pinhole, hfov=118.36 deg from pixeldist_to_angle polynomial at r=950px
2026-06-10 02:30:25,249 alpasim_carla.world INFO approximation scene=clipgt-01d503d4-449b-46fc-8d78-9085e70d3554 camera=camera_front_wide_120fov: rolling shutter rendered as global shutter
2026-06-10 02:30:25,251 alpasim_carla.registry WARNING blueprint_fallback track_id=157 label='' dims=4.50x1.90x1.60 -> vehicle.tesla.model3 (car-like dims heuristic; add the label to the scene manifest blueprint_overrides to silence)
2026-06-10 02:30:25,255 alpasim_carla.registry INFO spawned track_id=157 blueprint=vehicle.tesla.model3 decision=dims_heuristic[no-label] bbox_offset=(0.029220065101981163, 1.1295079502815497e-06, 0.7358530163764954)
2026-06-10 02:30:25,496 alpasim_carla.world INFO approximation scene=clipgt-01d503d4-449b-46fc-8d78-9085e70d3554 camera=camera_cross_left_120fov: ftheta approximated as pinhole, hfov=118.47 deg from pixeldist_to_angle polynomial at r=950px
2026-06-10 02:30:25,496 alpasim_carla.world INFO approximation scene=clipgt-01d503d4-449b-46fc-8d78-9085e70d3554 camera=camera_cross_left_120fov: rolling shutter rendered as global shutter
2026-06-10 02:30:25,674 alpasim_carla.world INFO approximation scene=clipgt-01d503d4-449b-46fc-8d78-9085e70d3554 camera=camera_front_tele_30fov: ftheta approximated as pinhole, hfov=29.47 deg from pixeldist_to_angle polynomial at r=950px
2026-06-10 02:30:25,674 alpasim_carla.world INFO approximation scene=clipgt-01d503d4-449b-46fc-8d78-9085e70d3554 camera=camera_front_tele_30fov: rolling shutter rendered as global shutter
2026-06-10 02:30:25,845 alpasim_carla.world INFO approximation scene=clipgt-01d503d4-449b-46fc-8d78-9085e70d3554 camera=camera_cross_right_120fov: ftheta approximated as pinhole, hfov=118.93 deg from pixeldist_to_angle polynomial at r=950px
2026-06-10 02:30:25,845 alpasim_carla.world INFO approximation scene=clipgt-01d503d4-449b-46fc-8d78-9085e70d3554 camera=camera_cross_right_120fov: rolling shutter rendered as global shutter
2026-06-10 02:30:29,274 alpasim_carla.world INFO approximation scene=clipgt-01d503d4-449b-46fc-8d78-9085e70d3554 camera=camera_cross_left_120fov: ftheta approximated as pinhole, hfov=118.47 deg from pixeldist_to_angle polynomial at r=950px
2026-06-10 02:30:29,274 alpasim_carla.world INFO approximation scene=clipgt-01d503d4-449b-46fc-8d78-9085e70d3554 camera=camera_cross_left_120fov: rolling shutter rendered as global shutter
2026-06-10 02:30:29,431 alpasim_carla.world INFO approximation scene=clipgt-01d503d4-449b-46fc-8d78-9085e70d3554 camera=camera_front_tele_30fov: ftheta approximated as pinhole, hfov=29.47 deg from pixeldist_to_angle polynomial at r=950px
2026-06-10 02:30:29,431 alpasim_carla.world INFO approximation scene=clipgt-01d503d4-449b-46fc-8d78-9085e70d3554 camera=camera_front_tele_30fov: rolling shutter rendered as global shutter
2026-06-10 02:30:29,806 alpasim_carla.world INFO approximation scene=clipgt-01d503d4-449b-46fc-8d78-9085e70d3554 camera=camera_front_wide_120fov: ftheta approximated as pinhole, hfov=118.36 deg from pixeldist_to_angle polynomial at r=950px
2026-06-10 02:30:29,806 alpasim_carla.world INFO approximation scene=clipgt-01d503d4-449b-46fc-8d78-9085e70d3554 camera=camera_front_wide_120fov: rolling shutter rendered as global shutter
2026-06-10 02:30:29,964 alpasim_carla.world INFO approximation scene=clipgt-01d503d4-449b-46fc-8d78-9085e70d3554 camera=camera_cross_right_120fov: ftheta approximated as pinhole, hfov=118.93 deg from pixeldist_to_angle polynomial at r=950px
2026-06-10 02:30:29,964 alpasim_carla.world INFO approximation scene=clipgt-01d503d4-449b-46fc-8d78-9085e70d3554 camera=camera_cross_right_120fov: rolling shutter rendered as global shutter
2026-06-10 02:30:33,420 alpasim_carla.world INFO approximation scene=clipgt-01d503d4-449b-46fc-8d78-9085e70d3554 camera=camera_front_wide_120fov: ftheta approximated as pinhole, hfov=118.36 deg from pixeldist_to_angle polynomial at r=950px
2026-06-10 02:30:33,420 alpasim_carla.world INFO approximation scene=clipgt-01d503d4-449b-46fc-8d78-9085e70d3554 camera=camera_front_wide_120fov: rolling shutter rendered as global shutter
2026-06-10 02:30:33,639 alpasim_carla.world INFO approximation scene=clipgt-01d503d4-449b-46fc-8d78-9085e70d3554 camera=camera_cross_right_120fov: ftheta approximated as pinhole, hfov=118.93 deg from pixeldist_to_angle polynomial at r=950px
2026-06-10 02:30:33,639 alpasim_carla.world INFO approximation scene=clipgt-01d503d4-449b-46fc-8d78-9085e70d3554 camera=camera_cross_right_120fov: rolling shutter rendered as global shutter
2026-06-10 02:30:33,900 alpasim_carla.world INFO approximation scene=clipgt-01d503d4-449b-46fc-8d78-9085e70d3554 camera=camera_cross_left_120fov: ftheta approximated as pinhole, hfov=118.47 deg from pixeldist_to_angle polynomial at r=950px
2026-06-10 02:30:33,900 alpasim_carla.world INFO approximation scene=clipgt-01d503d4-449b-46fc-8d78-9085e70d3554 camera=camera_cross_left_120fov: rolling shutter rendered as global shutter
2026-06-10 02:30:34,021 alpasim_carla.world INFO approximation scene=clipgt-01d503d4-449b-46fc-8d78-9085e70d3554 camera=camera_front_tele_30fov: ftheta approximated as pinhole, hfov=29.47 deg from pixeldist_to_angle polynomial at r=950px
2026-06-10 02:30:34,021 alpasim_carla.world INFO approximation scene=clipgt-01d503d4-449b-46fc-8d78-9085e70d3554 camera=camera_front_tele_30fov: rolling shutter rendered as global shutter
2026-06-10 02:30:37,566 alpasim_carla.world INFO approximation scene=clipgt-01d503d4-449b-46fc-8d78-9085e70d3554 camera=camera_cross_left_120fov: ftheta approximated as pinhole, hfov=118.47 deg from pixeldist_to_angle polynomial at r=950px
2026-06-10 02:30:37,566 alpasim_carla.world INFO approximation scene=clipgt-01d503d4-449b-46fc-8d78-9085e70d3554 camera=camera_cross_left_120fov: rolling shutter rendered as global shutter
2026-06-10 02:30:37,713 alpasim_carla.world INFO approximation scene=clipgt-01d503d4-449b-46fc-8d78-9085e70d3554 camera=camera_front_tele_30fov: ftheta approximated as pinhole, hfov=29.47 deg from pixeldist_to_angle polynomial at r=950px
2026-06-10 02:30:37,713 alpasim_carla.world INFO approximation scene=clipgt-01d503d4-449b-46fc-8d78-9085e70d3554 camera=camera_front_tele_30fov: rolling shutter rendered as global shutter
2026-06-10 02:30:38,654 alpasim_carla.world INFO approximation scene=clipgt-01d503d4-449b-46fc-8d78-9085e70d3554 camera=camera_front_wide_120fov: ftheta approximated as pinhole, hfov=118.36 deg from pixeldist_to_angle polynomial at r=950px
2026-06-10 02:30:38,654 alpasim_carla.world INFO approximation scene=clipgt-01d503d4-449b-46fc-8d78-9085e70d3554 camera=camera_front_wide_120fov: rolling shutter rendered as global shutter
2026-06-10 02:30:38,795 alpasim_carla.world INFO approximation scene=clipgt-01d503d4-449b-46fc-8d78-9085e70d3554 camera=camera_cross_right_120fov: ftheta approximated as pinhole, hfov=118.93 deg from pixeldist_to_angle polynomial at r=950px
2026-06-10 02:30:38,795 alpasim_carla.world INFO approximation scene=clipgt-01d503d4-449b-46fc-8d78-9085e70d3554 camera=camera_cross_right_120fov: rolling shutter rendered as global shutter
2026-06-10 02:30:42,448 alpasim_carla.world INFO approximation scene=clipgt-01d503d4-449b-46fc-8d78-9085e70d3554 camera=camera_front_tele_30fov: ftheta approximated as pinhole, hfov=29.47 deg from pixeldist_to_angle polynomial at r=950px
2026-06-10 02:30:42,448 alpasim_carla.world INFO approximation scene=clipgt-01d503d4-449b-46fc-8d78-9085e70d3554 camera=camera_front_tele_30fov: rolling shutter rendered as global shutter
2026-06-10 02:30:42,894 alpasim_carla.world INFO approximation scene=clipgt-01d503d4-449b-46fc-8d78-9085e70d3554 camera=camera_front_wide_120fov: ftheta approximated as pinhole, hfov=118.36 deg from pixeldist_to_angle polynomial at r=950px
2026-06-10 02:30:42,895 alpasim_carla.world INFO approximation scene=clipgt-01d503d4-449b-46fc-8d78-9085e70d3554 camera=camera_front_wide_120fov: rolling shutter rendered as global shutter
2026-06-10 02:30:43,060 alpasim_carla.world INFO approximation scene=clipgt-01d503d4-449b-46fc-8d78-9085e70d3554 camera=camera_cross_left_120fov: ftheta approximated as pinhole, hfov=118.47 deg from pixeldist_to_angle polynomial at r=950px
2026-06-10 02:30:43,060 alpasim_carla.world INFO approximation scene=clipgt-01d503d4-449b-46fc-8d78-9085e70d3554 camera=camera_cross_left_120fov: rolling shutter rendered as global shutter
2026-06-10 02:30:43,166 alpasim_carla.world INFO approximation scene=clipgt-01d503d4-449b-46fc-8d78-9085e70d3554 camera=camera_cross_right_120fov: ftheta approximated as pinhole, hfov=118.93 deg from pixeldist_to_angle polynomial at r=950px
2026-06-10 02:30:43,167 alpasim_carla.world INFO approximation scene=clipgt-01d503d4-449b-46fc-8d78-9085e70d3554 camera=camera_cross_right_120fov: rolling shutter rendered as global shutter
2026-06-10 02:30:46,691 alpasim_carla.world INFO approximation scene=clipgt-01d503d4-449b-46fc-8d78-9085e70d3554 camera=camera_cross_left_120fov: ftheta approximated as pinhole, hfov=118.47 deg from pixeldist_to_angle polynomial at r=950px
2026-06-10 02:30:46,692 alpasim_carla.world INFO approximation scene=clipgt-01d503d4-449b-46fc-8d78-9085e70d3554 camera=camera_cross_left_120fov: rolling shutter rendered as global shutter
2026-06-10 02:30:46,695 alpasim_carla.registry WARNING blueprint_fallback track_id=161 label='' dims=4.50x1.90x1.60 -> vehicle.tesla.model3 (car-like dims heuristic; add the label to the scene manifest blueprint_overrides to silence)
2026-06-10 02:30:46,699 alpasim_carla.registry INFO spawned track_id=161 blueprint=vehicle.tesla.model3 decision=dims_heuristic[no-label] bbox_offset=(0.02922000363469124, -1.1304020972602302e-06, 0.7358701229095459)
2026-06-10 02:30:46,858 alpasim_carla.world INFO approximation scene=clipgt-01d503d4-449b-46fc-8d78-9085e70d3554 camera=camera_cross_right_120fov: ftheta approximated as pinhole, hfov=118.93 deg from pixeldist_to_angle polynomial at r=950px
2026-06-10 02:30:46,858 alpasim_carla.world INFO approximation scene=clipgt-01d503d4-449b-46fc-8d78-9085e70d3554 camera=camera_cross_right_120fov: rolling shutter rendered as global shutter
2026-06-10 02:30:47,275 alpasim_carla.world INFO approximation scene=clipgt-01d503d4-449b-46fc-8d78-9085e70d3554 camera=camera_front_tele_30fov: ftheta approximated as pinhole, hfov=29.47 deg from pixeldist_to_angle polynomial at r=950px
2026-06-10 02:30:47,276 alpasim_carla.world INFO approximation scene=clipgt-01d503d4-449b-46fc-8d78-9085e70d3554 camera=camera_front_tele_30fov: rolling shutter rendered as global shutter
2026-06-10 02:30:47,430 alpasim_carla.world INFO approximation scene=clipgt-01d503d4-449b-46fc-8d78-9085e70d3554 camera=camera_front_wide_120fov: ftheta approximated as pinhole, hfov=118.36 deg from pixeldist_to_angle polynomial at r=950px
2026-06-10 02:30:47,430 alpasim_carla.world INFO approximation scene=clipgt-01d503d4-449b-46fc-8d78-9085e70d3554 camera=camera_front_wide_120fov: rolling shutter rendered as global shutter
2026-06-10 02:30:50,847 alpasim_carla.world INFO approximation scene=clipgt-01d503d4-449b-46fc-8d78-9085e70d3554 camera=camera_front_tele_30fov: ftheta approximated as pinhole, hfov=29.47 deg from pixeldist_to_angle polynomial at r=950px
2026-06-10 02:30:50,847 alpasim_carla.world INFO approximation scene=clipgt-01d503d4-449b-46fc-8d78-9085e70d3554 camera=camera_front_tele_30fov: rolling shutter rendered as global shutter
2026-06-10 02:30:50,849 alpasim_carla.registry WARNING blueprint_fallback track_id=162 label='' dims=4.50x1.90x1.60 -> vehicle.tesla.model3 (car-like dims heuristic; add the label to the scene manifest blueprint_overrides to silence)
2026-06-10 02:30:50,854 alpasim_carla.registry INFO spawned track_id=162 blueprint=vehicle.tesla.model3 decision=dims_heuristic[no-label] bbox_offset=(0.029218677431344986, -8.710846373105596e-07, 0.7358430027961731)
2026-06-10 02:30:51,173 alpasim_carla.world INFO approximation scene=clipgt-01d503d4-449b-46fc-8d78-9085e70d3554 camera=camera_front_wide_120fov: ftheta approximated as pinhole, hfov=118.36 deg from pixeldist_to_angle polynomial at r=950px
2026-06-10 02:30:51,173 alpasim_carla.world INFO approximation scene=clipgt-01d503d4-449b-46fc-8d78-9085e70d3554 camera=camera_front_wide_120fov: rolling shutter rendered as global shutter
2026-06-10 02:30:51,318 alpasim_carla.world INFO approximation scene=clipgt-01d503d4-449b-46fc-8d78-9085e70d3554 camera=camera_cross_left_120fov: ftheta approximated as pinhole, hfov=118.47 deg from pixeldist_to_angle polynomial at r=950px
2026-06-10 02:30:51,318 alpasim_carla.world INFO approximation scene=clipgt-01d503d4-449b-46fc-8d78-9085e70d3554 camera=camera_cross_left_120fov: rolling shutter rendered as global shutter
2026-06-10 02:30:51,446 alpasim_carla.world INFO approximation scene=clipgt-01d503d4-449b-46fc-8d78-9085e70d3554 camera=camera_cross_right_120fov: ftheta approximated as pinhole, hfov=118.93 deg from pixeldist_to_angle polynomial at r=950px
2026-06-10 02:30:51,446 alpasim_carla.world INFO approximation scene=clipgt-01d503d4-449b-46fc-8d78-9085e70d3554 camera=camera_cross_right_120fov: rolling shutter rendered as global shutter
2026-06-10 02:30:54,768 alpasim_carla.world INFO approximation scene=clipgt-01d503d4-449b-46fc-8d78-9085e70d3554 camera=camera_front_wide_120fov: ftheta approximated as pinhole, hfov=118.36 deg from pixeldist_to_angle polynomial at r=950px
2026-06-10 02:30:54,768 alpasim_carla.world INFO approximation scene=clipgt-01d503d4-449b-46fc-8d78-9085e70d3554 camera=camera_front_wide_120fov: rolling shutter rendered as global shutter
2026-06-10 02:30:54,771 alpasim_carla.registry WARNING blueprint_fallback track_id=164 label='' dims=4.50x1.90x1.60 -> vehicle.tesla.model3 (car-like dims heuristic; add the label to the scene manifest blueprint_overrides to silence)
2026-06-10 02:30:54,775 alpasim_carla.registry INFO spawned track_id=164 blueprint=vehicle.tesla.model3 decision=dims_heuristic[no-label] bbox_offset=(0.029220236465334892, 2.000331733142957e-06, 0.7358565330505371)
2026-06-10 02:30:55,008 alpasim_carla.world INFO approximation scene=clipgt-01d503d4-449b-46fc-8d78-9085e70d3554 camera=camera_cross_left_120fov: ftheta approximated as pinhole, hfov=118.47 deg from pixeldist_to_angle polynomial at r=950px
2026-06-10 02:30:55,008 alpasim_carla.world INFO approximation scene=clipgt-01d503d4-449b-46fc-8d78-9085e70d3554 camera=camera_cross_left_120fov: rolling shutter rendered as global shutter
2026-06-10 02:30:55,126 alpasim_carla.world INFO approximation scene=clipgt-01d503d4-449b-46fc-8d78-9085e70d3554 camera=camera_front_tele_30fov: ftheta approximated as pinhole, hfov=29.47 deg from pixeldist_to_angle polynomial at r=950px
2026-06-10 02:30:55,127 alpasim_carla.world INFO approximation scene=clipgt-01d503d4-449b-46fc-8d78-9085e70d3554 camera=camera_front_tele_30fov: rolling shutter rendered as global shutter
2026-06-10 02:30:55,321 alpasim_carla.world INFO approximation scene=clipgt-01d503d4-449b-46fc-8d78-9085e70d3554 camera=camera_cross_right_120fov: ftheta approximated as pinhole, hfov=118.93 deg from pixeldist_to_angle polynomial at r=950px
2026-06-10 02:30:55,321 alpasim_carla.world INFO approximation scene=clipgt-01d503d4-449b-46fc-8d78-9085e70d3554 camera=camera_cross_right_120fov: rolling shutter rendered as global shutter
2026-06-10 02:30:58,661 alpasim_carla.world INFO approximation scene=clipgt-01d503d4-449b-46fc-8d78-9085e70d3554 camera=camera_front_tele_30fov: ftheta approximated as pinhole, hfov=29.47 deg from pixeldist_to_angle polynomial at r=950px
2026-06-10 02:30:58,661 alpasim_carla.world INFO approximation scene=clipgt-01d503d4-449b-46fc-8d78-9085e70d3554 camera=camera_front_tele_30fov: rolling shutter rendered as global shutter
2026-06-10 02:30:58,953 alpasim_carla.world INFO approximation scene=clipgt-01d503d4-449b-46fc-8d78-9085e70d3554 camera=camera_cross_right_120fov: ftheta approximated as pinhole, hfov=118.93 deg from pixeldist_to_angle polynomial at r=950px
2026-06-10 02:30:58,953 alpasim_carla.world INFO approximation scene=clipgt-01d503d4-449b-46fc-8d78-9085e70d3554 camera=camera_cross_right_120fov: rolling shutter rendered as global shutter
2026-06-10 02:30:59,178 alpasim_carla.world INFO approximation scene=clipgt-01d503d4-449b-46fc-8d78-9085e70d3554 camera=camera_front_wide_120fov: ftheta approximated as pinhole, hfov=118.36 deg from pixeldist_to_angle polynomial at r=950px
2026-06-10 02:30:59,178 alpasim_carla.world INFO approximation scene=clipgt-01d503d4-449b-46fc-8d78-9085e70d3554 camera=camera_front_wide_120fov: rolling shutter rendered as global shutter
2026-06-10 02:30:59,332 alpasim_carla.world INFO approximation scene=clipgt-01d503d4-449b-46fc-8d78-9085e70d3554 camera=camera_cross_left_120fov: ftheta approximated as pinhole, hfov=118.47 deg from pixeldist_to_angle polynomial at r=950px
2026-06-10 02:30:59,333 alpasim_carla.world INFO approximation scene=clipgt-01d503d4-449b-46fc-8d78-9085e70d3554 camera=camera_cross_left_120fov: rolling shutter rendered as global shutter
2026-06-10 02:31:02,565 alpasim_carla.world INFO approximation scene=clipgt-01d503d4-449b-46fc-8d78-9085e70d3554 camera=camera_front_wide_120fov: ftheta approximated as pinhole, hfov=118.36 deg from pixeldist_to_angle polynomial at r=950px
2026-06-10 02:31:02,565 alpasim_carla.world INFO approximation scene=clipgt-01d503d4-449b-46fc-8d78-9085e70d3554 camera=camera_front_wide_120fov: rolling shutter rendered as global shutter
2026-06-10 02:31:02,817 alpasim_carla.world INFO approximation scene=clipgt-01d503d4-449b-46fc-8d78-9085e70d3554 camera=camera_cross_left_120fov: ftheta approximated as pinhole, hfov=118.47 deg from pixeldist_to_angle polynomial at r=950px
2026-06-10 02:31:02,817 alpasim_carla.world INFO approximation scene=clipgt-01d503d4-449b-46fc-8d78-9085e70d3554 camera=camera_cross_left_120fov: rolling shutter rendered as global shutter
2026-06-10 02:31:03,904 alpasim_carla.world INFO approximation scene=clipgt-01d503d4-449b-46fc-8d78-9085e70d3554 camera=camera_front_tele_30fov: ftheta approximated as pinhole, hfov=29.47 deg from pixeldist_to_angle polynomial at r=950px
2026-06-10 02:31:03,904 alpasim_carla.world INFO approximation scene=clipgt-01d503d4-449b-46fc-8d78-9085e70d3554 camera=camera_front_tele_30fov: rolling shutter rendered as global shutter
2026-06-10 02:31:04,092 alpasim_carla.world INFO approximation scene=clipgt-01d503d4-449b-46fc-8d78-9085e70d3554 camera=camera_cross_right_120fov: ftheta approximated as pinhole, hfov=118.93 deg from pixeldist_to_angle polynomial at r=950px
2026-06-10 02:31:04,093 alpasim_carla.world INFO approximation scene=clipgt-01d503d4-449b-46fc-8d78-9085e70d3554 camera=camera_cross_right_120fov: rolling shutter rendered as global shutter
2026-06-10 02:31:07,479 alpasim_carla.world INFO approximation scene=clipgt-01d503d4-449b-46fc-8d78-9085e70d3554 camera=camera_cross_left_120fov: ftheta approximated as pinhole, hfov=118.47 deg from pixeldist_to_angle polynomial at r=950px
2026-06-10 02:31:07,479 alpasim_carla.world INFO approximation scene=clipgt-01d503d4-449b-46fc-8d78-9085e70d3554 camera=camera_cross_left_120fov: rolling shutter rendered as global shutter
2026-06-10 02:31:07,639 alpasim_carla.world INFO approximation scene=clipgt-01d503d4-449b-46fc-8d78-9085e70d3554 camera=camera_front_tele_30fov: ftheta approximated as pinhole, hfov=29.47 deg from pixeldist_to_angle polynomial at r=950px
2026-06-10 02:31:07,639 alpasim_carla.world INFO approximation scene=clipgt-01d503d4-449b-46fc-8d78-9085e70d3554 camera=camera_front_tele_30fov: rolling shutter rendered as global shutter
2026-06-10 02:31:07,982 alpasim_carla.world INFO approximation scene=clipgt-01d503d4-449b-46fc-8d78-9085e70d3554 camera=camera_front_wide_120fov: ftheta approximated as pinhole, hfov=118.36 deg from pixeldist_to_angle polynomial at r=950px
2026-06-10 02:31:07,982 alpasim_carla.world INFO approximation scene=clipgt-01d503d4-449b-46fc-8d78-9085e70d3554 camera=camera_front_wide_120fov: rolling shutter rendered as global shutter
2026-06-10 02:31:08,178 alpasim_carla.world INFO approximation scene=clipgt-01d503d4-449b-46fc-8d78-9085e70d3554 camera=camera_cross_right_120fov: ftheta approximated as pinhole, hfov=118.93 deg from pixeldist_to_angle polynomial at r=950px
2026-06-10 02:31:08,179 alpasim_carla.world INFO approximation scene=clipgt-01d503d4-449b-46fc-8d78-9085e70d3554 camera=camera_cross_right_120fov: rolling shutter rendered as global shutter
2026-06-10 02:31:11,665 alpasim_carla.world INFO approximation scene=clipgt-01d503d4-449b-46fc-8d78-9085e70d3554 camera=camera_front_wide_120fov: ftheta approximated as pinhole, hfov=118.36 deg from pixeldist_to_angle polynomial at r=950px
2026-06-10 02:31:11,666 alpasim_carla.world INFO approximation scene=clipgt-01d503d4-449b-46fc-8d78-9085e70d3554 camera=camera_front_wide_120fov: rolling shutter rendered as global shutter
2026-06-10 02:31:11,908 alpasim_carla.world INFO approximation scene=clipgt-01d503d4-449b-46fc-8d78-9085e70d3554 camera=camera_cross_right_120fov: ftheta approximated as pinhole, hfov=118.93 deg from pixeldist_to_angle polynomial at r=950px
2026-06-10 02:31:11,909 alpasim_carla.world INFO approximation scene=clipgt-01d503d4-449b-46fc-8d78-9085e70d3554 camera=camera_cross_right_120fov: rolling shutter rendered as global shutter
2026-06-10 02:31:12,209 alpasim_carla.world INFO approximation scene=clipgt-01d503d4-449b-46fc-8d78-9085e70d3554 camera=camera_cross_left_120fov: ftheta approximated as pinhole, hfov=118.47 deg from pixeldist_to_angle polynomial at r=950px
2026-06-10 02:31:12,209 alpasim_carla.world INFO approximation scene=clipgt-01d503d4-449b-46fc-8d78-9085e70d3554 camera=camera_cross_left_120fov: rolling shutter rendered as global shutter
2026-06-10 02:31:12,334 alpasim_carla.world INFO approximation scene=clipgt-01d503d4-449b-46fc-8d78-9085e70d3554 camera=camera_front_tele_30fov: ftheta approximated as pinhole, hfov=29.47 deg from pixeldist_to_angle polynomial at r=950px
2026-06-10 02:31:12,334 alpasim_carla.world INFO approximation scene=clipgt-01d503d4-449b-46fc-8d78-9085e70d3554 camera=camera_front_tele_30fov: rolling shutter rendered as global shutter
2026-06-10 02:31:15,817 alpasim_carla.world INFO approximation scene=clipgt-01d503d4-449b-46fc-8d78-9085e70d3554 camera=camera_cross_left_120fov: ftheta approximated as pinhole, hfov=118.47 deg from pixeldist_to_angle polynomial at r=950px
2026-06-10 02:31:15,818 alpasim_carla.world INFO approximation scene=clipgt-01d503d4-449b-46fc-8d78-9085e70d3554 camera=camera_cross_left_120fov: rolling shutter rendered as global shutter
2026-06-10 02:31:15,977 alpasim_carla.world INFO approximation scene=clipgt-01d503d4-449b-46fc-8d78-9085e70d3554 camera=camera_front_tele_30fov: ftheta approximated as pinhole, hfov=29.47 deg from pixeldist_to_angle polynomial at r=950px
2026-06-10 02:31:15,977 alpasim_carla.world INFO approximation scene=clipgt-01d503d4-449b-46fc-8d78-9085e70d3554 camera=camera_front_tele_30fov: rolling shutter rendered as global shutter
2026-06-10 02:31:16,390 alpasim_carla.world INFO approximation scene=clipgt-01d503d4-449b-46fc-8d78-9085e70d3554 camera=camera_front_wide_120fov: ftheta approximated as pinhole, hfov=118.36 deg from pixeldist_to_angle polynomial at r=950px
2026-06-10 02:31:16,390 alpasim_carla.world INFO approximation scene=clipgt-01d503d4-449b-46fc-8d78-9085e70d3554 camera=camera_front_wide_120fov: rolling shutter rendered as global shutter
2026-06-10 02:31:16,561 alpasim_carla.world INFO approximation scene=clipgt-01d503d4-449b-46fc-8d78-9085e70d3554 camera=camera_cross_right_120fov: ftheta approximated as pinhole, hfov=118.93 deg from pixeldist_to_angle polynomial at r=950px
2026-06-10 02:31:16,561 alpasim_carla.world INFO approximation scene=clipgt-01d503d4-449b-46fc-8d78-9085e70d3554 camera=camera_cross_right_120fov: rolling shutter rendered as global shutter
2026-06-10 02:31:20,060 alpasim_carla.world INFO approximation scene=clipgt-01d503d4-449b-46fc-8d78-9085e70d3554 camera=camera_front_tele_30fov: ftheta approximated as pinhole, hfov=29.47 deg from pixeldist_to_angle polynomial at r=950px
2026-06-10 02:31:20,060 alpasim_carla.world INFO approximation scene=clipgt-01d503d4-449b-46fc-8d78-9085e70d3554 camera=camera_front_tele_30fov: rolling shutter rendered as global shutter
2026-06-10 02:31:20,370 alpasim_carla.world INFO approximation scene=clipgt-01d503d4-449b-46fc-8d78-9085e70d3554 camera=camera_front_wide_120fov: ftheta approximated as pinhole, hfov=118.36 deg from pixeldist_to_angle polynomial at r=950px
2026-06-10 02:31:20,370 alpasim_carla.world INFO approximation scene=clipgt-01d503d4-449b-46fc-8d78-9085e70d3554 camera=camera_front_wide_120fov: rolling shutter rendered as global shutter
2026-06-10 02:31:20,517 alpasim_carla.world INFO approximation scene=clipgt-01d503d4-449b-46fc-8d78-9085e70d3554 camera=camera_cross_left_120fov: ftheta approximated as pinhole, hfov=118.47 deg from pixeldist_to_angle polynomial at r=950px
2026-06-10 02:31:20,517 alpasim_carla.world INFO approximation scene=clipgt-01d503d4-449b-46fc-8d78-9085e70d3554 camera=camera_cross_left_120fov: rolling shutter rendered as global shutter
2026-06-10 02:31:20,643 alpasim_carla.world INFO approximation scene=clipgt-01d503d4-449b-46fc-8d78-9085e70d3554 camera=camera_cross_right_120fov: ftheta approximated as pinhole, hfov=118.93 deg from pixeldist_to_angle polynomial at r=950px
2026-06-10 02:31:20,643 alpasim_carla.world INFO approximation scene=clipgt-01d503d4-449b-46fc-8d78-9085e70d3554 camera=camera_cross_right_120fov: rolling shutter rendered as global shutter
2026-06-10 02:31:23,942 alpasim_carla.world INFO approximation scene=clipgt-01d503d4-449b-46fc-8d78-9085e70d3554 camera=camera_cross_left_120fov: ftheta approximated as pinhole, hfov=118.47 deg from pixeldist_to_angle polynomial at r=950px
2026-06-10 02:31:23,942 alpasim_carla.world INFO approximation scene=clipgt-01d503d4-449b-46fc-8d78-9085e70d3554 camera=camera_cross_left_120fov: rolling shutter rendered as global shutter
2026-06-10 02:31:24,131 alpasim_carla.world INFO approximation scene=clipgt-01d503d4-449b-46fc-8d78-9085e70d3554 camera=camera_cross_right_120fov: ftheta approximated as pinhole, hfov=118.93 deg from pixeldist_to_angle polynomial at r=950px
2026-06-10 02:31:24,131 alpasim_carla.world INFO approximation scene=clipgt-01d503d4-449b-46fc-8d78-9085e70d3554 camera=camera_cross_right_120fov: rolling shutter rendered as global shutter
2026-06-10 02:31:24,580 alpasim_carla.world INFO approximation scene=clipgt-01d503d4-449b-46fc-8d78-9085e70d3554 camera=camera_front_tele_30fov: ftheta approximated as pinhole, hfov=29.47 deg from pixeldist_to_angle polynomial at r=950px
2026-06-10 02:31:24,580 alpasim_carla.world INFO approximation scene=clipgt-01d503d4-449b-46fc-8d78-9085e70d3554 camera=camera_front_tele_30fov: rolling shutter rendered as global shutter
2026-06-10 02:31:24,784 alpasim_carla.world INFO approximation scene=clipgt-01d503d4-449b-46fc-8d78-9085e70d3554 camera=camera_front_wide_120fov: ftheta approximated as pinhole, hfov=118.36 deg from pixeldist_to_angle polynomial at r=950px
2026-06-10 02:31:24,785 alpasim_carla.world INFO approximation scene=clipgt-01d503d4-449b-46fc-8d78-9085e70d3554 camera=camera_front_wide_120fov: rolling shutter rendered as global shutter
2026-06-10 02:31:28,412 alpasim_carla.world INFO approximation scene=clipgt-01d503d4-449b-46fc-8d78-9085e70d3554 camera=camera_front_tele_30fov: ftheta approximated as pinhole, hfov=29.47 deg from pixeldist_to_angle polynomial at r=950px
2026-06-10 02:31:28,413 alpasim_carla.world INFO approximation scene=clipgt-01d503d4-449b-46fc-8d78-9085e70d3554 camera=camera_front_tele_30fov: rolling shutter rendered as global shutter
2026-06-10 02:31:28,416 alpasim_carla.registry WARNING blueprint_fallback track_id=169 label='' dims=4.50x1.90x1.60 -> vehicle.tesla.model3 (car-like dims heuristic; add the label to the scene manifest blueprint_overrides to silence)
2026-06-10 02:31:28,420 alpasim_carla.registry INFO spawned track_id=169 blueprint=vehicle.tesla.model3 decision=dims_heuristic[no-label] bbox_offset=(0.029218342155218124, 1.0371207963544293e-06, 0.7358686923980713)
2026-06-10 02:31:28,716 alpasim_carla.world INFO approximation scene=clipgt-01d503d4-449b-46fc-8d78-9085e70d3554 camera=camera_front_wide_120fov: ftheta approximated as pinhole, hfov=118.36 deg from pixeldist_to_angle polynomial at r=950px
2026-06-10 02:31:28,717 alpasim_carla.world INFO approximation scene=clipgt-01d503d4-449b-46fc-8d78-9085e70d3554 camera=camera_front_wide_120fov: rolling shutter rendered as global shutter
2026-06-10 02:31:28,954 alpasim_carla.world INFO approximation scene=clipgt-01d503d4-449b-46fc-8d78-9085e70d3554 camera=camera_cross_left_120fov: ftheta approximated as pinhole, hfov=118.47 deg from pixeldist_to_angle polynomial at r=950px
2026-06-10 02:31:28,954 alpasim_carla.world INFO approximation scene=clipgt-01d503d4-449b-46fc-8d78-9085e70d3554 camera=camera_cross_left_120fov: rolling shutter rendered as global shutter
2026-06-10 02:31:29,063 alpasim_carla.world INFO approximation scene=clipgt-01d503d4-449b-46fc-8d78-9085e70d3554 camera=camera_cross_right_120fov: ftheta approximated as pinhole, hfov=118.93 deg from pixeldist_to_angle polynomial at r=950px
2026-06-10 02:31:29,063 alpasim_carla.world INFO approximation scene=clipgt-01d503d4-449b-46fc-8d78-9085e70d3554 camera=camera_cross_right_120fov: rolling shutter rendered as global shutter
2026-06-10 02:31:32,910 alpasim_carla.world INFO approximation scene=clipgt-01d503d4-449b-46fc-8d78-9085e70d3554 camera=camera_front_wide_120fov: ftheta approximated as pinhole, hfov=118.36 deg from pixeldist_to_angle polynomial at r=950px
2026-06-10 02:31:32,910 alpasim_carla.world INFO approximation scene=clipgt-01d503d4-449b-46fc-8d78-9085e70d3554 camera=camera_front_wide_120fov: rolling shutter rendered as global shutter
2026-06-10 02:31:32,914 alpasim_carla.registry WARNING blueprint_fallback track_id=170 label='' dims=4.50x1.90x1.60 -> vehicle.tesla.model3 (car-like dims heuristic; add the label to the scene manifest blueprint_overrides to silence)
2026-06-10 02:31:32,917 alpasim_carla.registry INFO spawned track_id=170 blueprint=vehicle.tesla.model3 decision=dims_heuristic[no-label] bbox_offset=(0.02922191470861435, 1.4305113893442467e-07, 0.735849142074585)
2026-06-10 02:31:33,141 alpasim_carla.world INFO approximation scene=clipgt-01d503d4-449b-46fc-8d78-9085e70d3554 camera=camera_cross_left_120fov: ftheta approximated as pinhole, hfov=118.47 deg from pixeldist_to_angle polynomial at r=950px
2026-06-10 02:31:33,141 alpasim_carla.world INFO approximation scene=clipgt-01d503d4-449b-46fc-8d78-9085e70d3554 camera=camera_cross_left_120fov: rolling shutter rendered as global shutter
2026-06-10 02:31:33,325 alpasim_carla.world INFO approximation scene=clipgt-01d503d4-449b-46fc-8d78-9085e70d3554 camera=camera_front_tele_30fov: ftheta approximated as pinhole, hfov=29.47 deg from pixeldist_to_angle polynomial at r=950px
2026-06-10 02:31:33,325 alpasim_carla.world INFO approximation scene=clipgt-01d503d4-449b-46fc-8d78-9085e70d3554 camera=camera_front_tele_30fov: rolling shutter rendered as global shutter
2026-06-10 02:31:33,530 alpasim_carla.world INFO approximation scene=clipgt-01d503d4-449b-46fc-8d78-9085e70d3554 camera=camera_cross_right_120fov: ftheta approximated as pinhole, hfov=118.93 deg from pixeldist_to_angle polynomial at r=950px
2026-06-10 02:31:33,530 alpasim_carla.world INFO approximation scene=clipgt-01d503d4-449b-46fc-8d78-9085e70d3554 camera=camera_cross_right_120fov: rolling shutter rendered as global shutter
2026-06-10 02:31:36,779 alpasim_carla.world INFO approximation scene=clipgt-01d503d4-449b-46fc-8d78-9085e70d3554 camera=camera_front_tele_30fov: ftheta approximated as pinhole, hfov=29.47 deg from pixeldist_to_angle polynomial at r=950px
2026-06-10 02:31:36,779 alpasim_carla.world INFO approximation scene=clipgt-01d503d4-449b-46fc-8d78-9085e70d3554 camera=camera_front_tele_30fov: rolling shutter rendered as global shutter
2026-06-10 02:31:36,781 alpasim_carla.registry WARNING blueprint_fallback track_id=171 label='' dims=4.50x1.90x1.60 -> vehicle.tesla.model3 (car-like dims heuristic; add the label to the scene manifest blueprint_overrides to silence)
2026-06-10 02:31:36,786 alpasim_carla.registry INFO spawned track_id=171 blueprint=vehicle.tesla.model3 decision=dims_heuristic[no-label] bbox_offset=(0.02921631559729576, 6.483215884145466e-07, 0.7358558773994446)
2026-06-10 02:31:37,089 alpasim_carla.world INFO approximation scene=clipgt-01d503d4-449b-46fc-8d78-9085e70d3554 camera=camera_cross_right_120fov: ftheta approximated as pinhole, hfov=118.93 deg from pixeldist_to_angle polynomial at r=950px
2026-06-10 02:31:37,089 alpasim_carla.world INFO approximation scene=clipgt-01d503d4-449b-46fc-8d78-9085e70d3554 camera=camera_cross_right_120fov: rolling shutter rendered as global shutter
2026-06-10 02:31:37,311 alpasim_carla.world INFO approximation scene=clipgt-01d503d4-449b-46fc-8d78-9085e70d3554 camera=camera_front_wide_120fov: ftheta approximated as pinhole, hfov=118.36 deg from pixeldist_to_angle polynomial at r=950px
2026-06-10 02:31:37,311 alpasim_carla.world INFO approximation scene=clipgt-01d503d4-449b-46fc-8d78-9085e70d3554 camera=camera_front_wide_120fov: rolling shutter rendered as global shutter
2026-06-10 02:31:37,459 alpasim_carla.world INFO approximation scene=clipgt-01d503d4-449b-46fc-8d78-9085e70d3554 camera=camera_cross_left_120fov: ftheta approximated as pinhole, hfov=118.47 deg from pixeldist_to_angle polynomial at r=950px
2026-06-10 02:31:37,459 alpasim_carla.world INFO approximation scene=clipgt-01d503d4-449b-46fc-8d78-9085e70d3554 camera=camera_cross_left_120fov: rolling shutter rendered as global shutter
2026-06-10 02:31:40,964 alpasim_carla.world INFO approximation scene=clipgt-01d503d4-449b-46fc-8d78-9085e70d3554 camera=camera_front_wide_120fov: ftheta approximated as pinhole, hfov=118.36 deg from pixeldist_to_angle polynomial at r=950px
2026-06-10 02:31:40,964 alpasim_carla.world INFO approximation scene=clipgt-01d503d4-449b-46fc-8d78-9085e70d3554 camera=camera_front_wide_120fov: rolling shutter rendered as global shutter
2026-06-10 02:31:41,184 alpasim_carla.world INFO approximation scene=clipgt-01d503d4-449b-46fc-8d78-9085e70d3554 camera=camera_cross_left_120fov: ftheta approximated as pinhole, hfov=118.47 deg from pixeldist_to_angle polynomial at r=950px
2026-06-10 02:31:41,184 alpasim_carla.world INFO approximation scene=clipgt-01d503d4-449b-46fc-8d78-9085e70d3554 camera=camera_cross_left_120fov: rolling shutter rendered as global shutter
2026-06-10 02:31:41,369 alpasim_carla.world INFO approximation scene=clipgt-01d503d4-449b-46fc-8d78-9085e70d3554 camera=camera_front_tele_30fov: ftheta approximated as pinhole, hfov=29.47 deg from pixeldist_to_angle polynomial at r=950px
2026-06-10 02:31:41,369 alpasim_carla.world INFO approximation scene=clipgt-01d503d4-449b-46fc-8d78-9085e70d3554 camera=camera_front_tele_30fov: rolling shutter rendered as global shutter
2026-06-10 02:31:41,580 alpasim_carla.world INFO approximation scene=clipgt-01d503d4-449b-46fc-8d78-9085e70d3554 camera=camera_cross_right_120fov: ftheta approximated as pinhole, hfov=118.93 deg from pixeldist_to_angle polynomial at r=950px
2026-06-10 02:31:41,580 alpasim_carla.world INFO approximation scene=clipgt-01d503d4-449b-46fc-8d78-9085e70d3554 camera=camera_cross_right_120fov: rolling shutter rendered as global shutter
2026-06-10 02:31:45,057 alpasim_carla.world INFO approximation scene=clipgt-01d503d4-449b-46fc-8d78-9085e70d3554 camera=camera_cross_left_120fov: ftheta approximated as pinhole, hfov=118.47 deg from pixeldist_to_angle polynomial at r=950px
2026-06-10 02:31:45,057 alpasim_carla.world INFO approximation scene=clipgt-01d503d4-449b-46fc-8d78-9085e70d3554 camera=camera_cross_left_120fov: rolling shutter rendered as global shutter
2026-06-10 02:31:45,062 alpasim_carla.registry WARNING blueprint_fallback track_id=174 label='' dims=4.50x1.90x1.60 -> vehicle.tesla.model3 (car-like dims heuristic; add the label to the scene manifest blueprint_overrides to silence)
2026-06-10 02:31:45,065 alpasim_carla.registry INFO spawned track_id=174 blueprint=vehicle.tesla.model3 decision=dims_heuristic[no-label] bbox_offset=(0.029223646968603134, 1.5795230865478516e-06, 0.7358439564704895)
2026-06-10 02:31:45,281 alpasim_carla.world INFO approximation scene=clipgt-01d503d4-449b-46fc-8d78-9085e70d3554 camera=camera_front_tele_30fov: ftheta approximated as pinhole, hfov=29.47 deg from pixeldist_to_angle polynomial at r=950px
2026-06-10 02:31:45,282 alpasim_carla.world INFO approximation scene=clipgt-01d503d4-449b-46fc-8d78-9085e70d3554 camera=camera_front_tele_30fov: rolling shutter rendered as global shutter
2026-06-10 02:31:45,540 alpasim_carla.world INFO approximation scene=clipgt-01d503d4-449b-46fc-8d78-9085e70d3554 camera=camera_front_wide_120fov: ftheta approximated as pinhole, hfov=118.36 deg from pixeldist_to_angle polynomial at r=950px
2026-06-10 02:31:45,541 alpasim_carla.world INFO approximation scene=clipgt-01d503d4-449b-46fc-8d78-9085e70d3554 camera=camera_front_wide_120fov: rolling shutter rendered as global shutter
2026-06-10 02:31:45,676 alpasim_carla.world INFO approximation scene=clipgt-01d503d4-449b-46fc-8d78-9085e70d3554 camera=camera_cross_right_120fov: ftheta approximated as pinhole, hfov=118.93 deg from pixeldist_to_angle polynomial at r=950px
2026-06-10 02:31:45,676 alpasim_carla.world INFO approximation scene=clipgt-01d503d4-449b-46fc-8d78-9085e70d3554 camera=camera_cross_right_120fov: rolling shutter rendered as global shutter
2026-06-10 02:31:48,922 alpasim_carla.world INFO approximation scene=clipgt-01d503d4-449b-46fc-8d78-9085e70d3554 camera=camera_front_wide_120fov: ftheta approximated as pinhole, hfov=118.36 deg from pixeldist_to_angle polynomial at r=950px
2026-06-10 02:31:48,922 alpasim_carla.world INFO approximation scene=clipgt-01d503d4-449b-46fc-8d78-9085e70d3554 camera=camera_front_wide_120fov: rolling shutter rendered as global shutter
2026-06-10 02:31:48,924 alpasim_carla.registry WARNING blueprint_fallback track_id=176 label='' dims=4.50x1.90x1.60 -> vehicle.tesla.model3 (car-like dims heuristic; add the label to the scene manifest blueprint_overrides to silence)
2026-06-10 02:31:48,928 alpasim_carla.registry INFO spawned track_id=176 blueprint=vehicle.tesla.model3 decision=dims_heuristic[no-label] bbox_offset=(0.029219159856438637, 2.3746490569465095e-06, 0.7358666658401489)
2026-06-10 02:31:49,179 alpasim_carla.world INFO approximation scene=clipgt-01d503d4-449b-46fc-8d78-9085e70d3554 camera=camera_cross_right_120fov: ftheta approximated as pinhole, hfov=118.93 deg from pixeldist_to_angle polynomial at r=950px
2026-06-10 02:31:49,179 alpasim_carla.world INFO approximation scene=clipgt-01d503d4-449b-46fc-8d78-9085e70d3554 camera=camera_cross_right_120fov: rolling shutter rendered as global shutter
2026-06-10 02:31:49,411 alpasim_carla.world INFO approximation scene=clipgt-01d503d4-449b-46fc-8d78-9085e70d3554 camera=camera_cross_left_120fov: ftheta approximated as pinhole, hfov=118.47 deg from pixeldist_to_angle polynomial at r=950px
2026-06-10 02:31:49,412 alpasim_carla.world INFO approximation scene=clipgt-01d503d4-449b-46fc-8d78-9085e70d3554 camera=camera_cross_left_120fov: rolling shutter rendered as global shutter
2026-06-10 02:31:49,517 alpasim_carla.world INFO approximation scene=clipgt-01d503d4-449b-46fc-8d78-9085e70d3554 camera=camera_front_tele_30fov: ftheta approximated as pinhole, hfov=29.47 deg from pixeldist_to_angle polynomial at r=950px
2026-06-10 02:31:49,517 alpasim_carla.world INFO approximation scene=clipgt-01d503d4-449b-46fc-8d78-9085e70d3554 camera=camera_front_tele_30fov: rolling shutter rendered as global shutter
2026-06-10 02:31:52,935 alpasim_carla.world INFO approximation scene=clipgt-01d503d4-449b-46fc-8d78-9085e70d3554 camera=camera_cross_left_120fov: ftheta approximated as pinhole, hfov=118.47 deg from pixeldist_to_angle polynomial at r=950px
2026-06-10 02:31:52,935 alpasim_carla.world INFO approximation scene=clipgt-01d503d4-449b-46fc-8d78-9085e70d3554 camera=camera_cross_left_120fov: rolling shutter rendered as global shutter
2026-06-10 02:31:53,092 alpasim_carla.world INFO approximation scene=clipgt-01d503d4-449b-46fc-8d78-9085e70d3554 camera=camera_front_tele_30fov: ftheta approximated as pinhole, hfov=29.47 deg from pixeldist_to_angle polynomial at r=950px
2026-06-10 02:31:53,092 alpasim_carla.world INFO approximation scene=clipgt-01d503d4-449b-46fc-8d78-9085e70d3554 camera=camera_front_tele_30fov: rolling shutter rendered as global shutter
2026-06-10 02:31:53,459 alpasim_carla.world INFO approximation scene=clipgt-01d503d4-449b-46fc-8d78-9085e70d3554 camera=camera_front_wide_120fov: ftheta approximated as pinhole, hfov=118.36 deg from pixeldist_to_angle polynomial at r=950px
2026-06-10 02:31:53,460 alpasim_carla.world INFO approximation scene=clipgt-01d503d4-449b-46fc-8d78-9085e70d3554 camera=camera_front_wide_120fov: rolling shutter rendered as global shutter
2026-06-10 02:31:53,624 alpasim_carla.world INFO approximation scene=clipgt-01d503d4-449b-46fc-8d78-9085e70d3554 camera=camera_cross_right_120fov: ftheta approximated as pinhole, hfov=118.93 deg from pixeldist_to_angle polynomial at r=950px
2026-06-10 02:31:53,624 alpasim_carla.world INFO approximation scene=clipgt-01d503d4-449b-46fc-8d78-9085e70d3554 camera=camera_cross_right_120fov: rolling shutter rendered as global shutter
2026-06-10 02:31:56,925 alpasim_carla.world INFO approximation scene=clipgt-01d503d4-449b-46fc-8d78-9085e70d3554 camera=camera_front_tele_30fov: ftheta approximated as pinhole, hfov=29.47 deg from pixeldist_to_angle polynomial at r=950px
2026-06-10 02:31:56,926 alpasim_carla.world INFO approximation scene=clipgt-01d503d4-449b-46fc-8d78-9085e70d3554 camera=camera_front_tele_30fov: rolling shutter rendered as global shutter
2026-06-10 02:31:57,322 alpasim_carla.world INFO approximation scene=clipgt-01d503d4-449b-46fc-8d78-9085e70d3554 camera=camera_front_wide_120fov: ftheta approximated as pinhole, hfov=118.36 deg from pixeldist_to_angle polynomial at r=950px
2026-06-10 02:31:57,322 alpasim_carla.world INFO approximation scene=clipgt-01d503d4-449b-46fc-8d78-9085e70d3554 camera=camera_front_wide_120fov: rolling shutter rendered as global shutter
2026-06-10 02:31:57,496 alpasim_carla.world INFO approximation scene=clipgt-01d503d4-449b-46fc-8d78-9085e70d3554 camera=camera_cross_left_120fov: ftheta approximated as pinhole, hfov=118.47 deg from pixeldist_to_angle polynomial at r=950px
2026-06-10 02:31:57,496 alpasim_carla.world INFO approximation scene=clipgt-01d503d4-449b-46fc-8d78-9085e70d3554 camera=camera_cross_left_120fov: rolling shutter rendered as global shutter
2026-06-10 02:31:57,614 alpasim_carla.world INFO approximation scene=clipgt-01d503d4-449b-46fc-8d78-9085e70d3554 camera=camera_cross_right_120fov: ftheta approximated as pinhole, hfov=118.93 deg from pixeldist_to_angle polynomial at r=950px
2026-06-10 02:31:57,614 alpasim_carla.world INFO approximation scene=clipgt-01d503d4-449b-46fc-8d78-9085e70d3554 camera=camera_cross_right_120fov: rolling shutter rendered as global shutter
2026-06-10 02:32:01,031 alpasim_carla.world INFO approximation scene=clipgt-01d503d4-449b-46fc-8d78-9085e70d3554 camera=camera_cross_left_120fov: ftheta approximated as pinhole, hfov=118.47 deg from pixeldist_to_angle polynomial at r=950px
2026-06-10 02:32:01,031 alpasim_carla.world INFO approximation scene=clipgt-01d503d4-449b-46fc-8d78-9085e70d3554 camera=camera_cross_left_120fov: rolling shutter rendered as global shutter
2026-06-10 02:32:01,033 alpasim_carla.registry WARNING blueprint_fallback track_id=179 label='' dims=4.50x1.90x1.60 -> vehicle.tesla.model3 (car-like dims heuristic; add the label to the scene manifest blueprint_overrides to silence)
2026-06-10 02:32:01,037 alpasim_carla.registry INFO spawned track_id=179 blueprint=vehicle.tesla.model3 decision=dims_heuristic[no-label] bbox_offset=(0.029218368232250214, 2.3424624373546976e-07, 0.7358540892601013)
2026-06-10 02:32:01,181 alpasim_carla.world INFO approximation scene=clipgt-01d503d4-449b-46fc-8d78-9085e70d3554 camera=camera_cross_right_120fov: ftheta approximated as pinhole, hfov=118.93 deg from pixeldist_to_angle polynomial at r=950px
2026-06-10 02:32:01,181 alpasim_carla.world INFO approximation scene=clipgt-01d503d4-449b-46fc-8d78-9085e70d3554 camera=camera_cross_right_120fov: rolling shutter rendered as global shutter
2026-06-10 02:32:01,486 alpasim_carla.world INFO approximation scene=clipgt-01d503d4-449b-46fc-8d78-9085e70d3554 camera=camera_front_tele_30fov: ftheta approximated as pinhole, hfov=29.47 deg from pixeldist_to_angle polynomial at r=950px
2026-06-10 02:32:01,486 alpasim_carla.world INFO approximation scene=clipgt-01d503d4-449b-46fc-8d78-9085e70d3554 camera=camera_front_tele_30fov: rolling shutter rendered as global shutter
2026-06-10 02:32:01,707 alpasim_carla.world INFO approximation scene=clipgt-01d503d4-449b-46fc-8d78-9085e70d3554 camera=camera_front_wide_120fov: ftheta approximated as pinhole, hfov=118.36 deg from pixeldist_to_angle polynomial at r=950px
2026-06-10 02:32:01,707 alpasim_carla.world INFO approximation scene=clipgt-01d503d4-449b-46fc-8d78-9085e70d3554 camera=camera_front_wide_120fov: rolling shutter rendered as global shutter
2026-06-10 02:32:04,979 alpasim_carla.world INFO approximation scene=clipgt-01d503d4-449b-46fc-8d78-9085e70d3554 camera=camera_front_tele_30fov: ftheta approximated as pinhole, hfov=29.47 deg from pixeldist_to_angle polynomial at r=950px
2026-06-10 02:32:04,980 alpasim_carla.world INFO approximation scene=clipgt-01d503d4-449b-46fc-8d78-9085e70d3554 camera=camera_front_tele_30fov: rolling shutter rendered as global shutter
2026-06-10 02:32:05,275 alpasim_carla.world INFO approximation scene=clipgt-01d503d4-449b-46fc-8d78-9085e70d3554 camera=camera_front_wide_120fov: ftheta approximated as pinhole, hfov=118.36 deg from pixeldist_to_angle polynomial at r=950px
2026-06-10 02:32:05,275 alpasim_carla.world INFO approximation scene=clipgt-01d503d4-449b-46fc-8d78-9085e70d3554 camera=camera_front_wide_120fov: rolling shutter rendered as global shutter
2026-06-10 02:32:05,416 alpasim_carla.world INFO approximation scene=clipgt-01d503d4-449b-46fc-8d78-9085e70d3554 camera=camera_cross_left_120fov: ftheta approximated as pinhole, hfov=118.47 deg from pixeldist_to_angle polynomial at r=950px
2026-06-10 02:32:05,416 alpasim_carla.world INFO approximation scene=clipgt-01d503d4-449b-46fc-8d78-9085e70d3554 camera=camera_cross_left_120fov: rolling shutter rendered as global shutter
2026-06-10 02:32:05,525 alpasim_carla.world INFO approximation scene=clipgt-01d503d4-449b-46fc-8d78-9085e70d3554 camera=camera_cross_right_120fov: ftheta approximated as pinhole, hfov=118.93 deg from pixeldist_to_angle polynomial at r=950px
2026-06-10 02:32:05,525 alpasim_carla.world INFO approximation scene=clipgt-01d503d4-449b-46fc-8d78-9085e70d3554 camera=camera_cross_right_120fov: rolling shutter rendered as global shutter
2026-06-10 02:32:09,045 alpasim_carla.world INFO approximation scene=clipgt-01d503d4-449b-46fc-8d78-9085e70d3554 camera=camera_front_wide_120fov: ftheta approximated as pinhole, hfov=118.36 deg from pixeldist_to_angle polynomial at r=950px
2026-06-10 02:32:09,045 alpasim_carla.world INFO approximation scene=clipgt-01d503d4-449b-46fc-8d78-9085e70d3554 camera=camera_front_wide_120fov: rolling shutter rendered as global shutter
2026-06-10 02:32:09,047 alpasim_carla.registry WARNING blueprint_fallback track_id=183 label='' dims=4.50x1.90x1.60 -> vehicle.tesla.model3 (car-like dims heuristic; add the label to the scene manifest blueprint_overrides to silence)
2026-06-10 02:32:09,051 alpasim_carla.registry INFO spawned track_id=183 blueprint=vehicle.tesla.model3 decision=dims_heuristic[no-label] bbox_offset=(0.029211603105068207, 1.363754222438729e-06, 0.7358752489089966)
2026-06-10 02:32:09,052 alpasim_carla.registry WARNING blueprint_fallback track_id=182 label='' dims=4.50x1.90x1.60 -> vehicle.tesla.model3 (car-like dims heuristic; add the label to the scene manifest blueprint_overrides to silence)
2026-06-10 02:32:09,054 alpasim_carla.registry INFO spawned track_id=182 blueprint=vehicle.tesla.model3 decision=dims_heuristic[no-label] bbox_offset=(0.029218999668955803, 1.0213256018687389e-06, 0.7358417510986328)
2026-06-10 02:32:09,361 alpasim_carla.world INFO approximation scene=clipgt-01d503d4-449b-46fc-8d78-9085e70d3554 camera=camera_cross_left_120fov: ftheta approximated as pinhole, hfov=118.47 deg from pixeldist_to_angle polynomial at r=950px
2026-06-10 02:32:09,361 alpasim_carla.world INFO approximation scene=clipgt-01d503d4-449b-46fc-8d78-9085e70d3554 camera=camera_cross_left_120fov: rolling shutter rendered as global shutter
2026-06-10 02:32:09,480 alpasim_carla.world INFO approximation scene=clipgt-01d503d4-449b-46fc-8d78-9085e70d3554 camera=camera_front_tele_30fov: ftheta approximated as pinhole, hfov=29.47 deg from pixeldist_to_angle polynomial at r=950px
2026-06-10 02:32:09,481 alpasim_carla.world INFO approximation scene=clipgt-01d503d4-449b-46fc-8d78-9085e70d3554 camera=camera_front_tele_30fov: rolling shutter rendered as global shutter
2026-06-10 02:32:09,644 alpasim_carla.world INFO approximation scene=clipgt-01d503d4-449b-46fc-8d78-9085e70d3554 camera=camera_cross_right_120fov: ftheta approximated as pinhole, hfov=118.93 deg from pixeldist_to_angle polynomial at r=950px
2026-06-10 02:32:09,644 alpasim_carla.world INFO approximation scene=clipgt-01d503d4-449b-46fc-8d78-9085e70d3554 camera=camera_cross_right_120fov: rolling shutter rendered as global shutter
2026-06-10 02:32:13,037 alpasim_carla.world INFO approximation scene=clipgt-01d503d4-449b-46fc-8d78-9085e70d3554 camera=camera_front_tele_30fov: ftheta approximated as pinhole, hfov=29.47 deg from pixeldist_to_angle polynomial at r=950px
2026-06-10 02:32:13,038 alpasim_carla.world INFO approximation scene=clipgt-01d503d4-449b-46fc-8d78-9085e70d3554 camera=camera_front_tele_30fov: rolling shutter rendered as global shutter
2026-06-10 02:32:13,335 alpasim_carla.world INFO approximation scene=clipgt-01d503d4-449b-46fc-8d78-9085e70d3554 camera=camera_cross_right_120fov: ftheta approximated as pinhole, hfov=118.93 deg from pixeldist_to_angle polynomial at r=950px
2026-06-10 02:32:13,335 alpasim_carla.world INFO approximation scene=clipgt-01d503d4-449b-46fc-8d78-9085e70d3554 camera=camera_cross_right_120fov: rolling shutter rendered as global shutter
2026-06-10 02:32:13,550 alpasim_carla.world INFO approximation scene=clipgt-01d503d4-449b-46fc-8d78-9085e70d3554 camera=camera_front_wide_120fov: ftheta approximated as pinhole, hfov=118.36 deg from pixeldist_to_angle polynomial at r=950px
2026-06-10 02:32:13,550 alpasim_carla.world INFO approximation scene=clipgt-01d503d4-449b-46fc-8d78-9085e70d3554 camera=camera_front_wide_120fov: rolling shutter rendered as global shutter
2026-06-10 02:32:13,721 alpasim_carla.world INFO approximation scene=clipgt-01d503d4-449b-46fc-8d78-9085e70d3554 camera=camera_cross_left_120fov: ftheta approximated as pinhole, hfov=118.47 deg from pixeldist_to_angle polynomial at r=950px
2026-06-10 02:32:13,721 alpasim_carla.world INFO approximation scene=clipgt-01d503d4-449b-46fc-8d78-9085e70d3554 camera=camera_cross_left_120fov: rolling shutter rendered as global shutter
2026-06-10 02:32:16,245 alpasim_carla.world INFO approximation scene=clipgt-01d503d4-449b-46fc-8d78-9085e70d3554 camera=camera_front_wide_120fov: ftheta approximated as pinhole, hfov=118.36 deg from pixeldist_to_angle polynomial at r=950px
2026-06-10 02:32:16,245 alpasim_carla.world INFO approximation scene=clipgt-01d503d4-449b-46fc-8d78-9085e70d3554 camera=camera_front_wide_120fov: rolling shutter rendered as global shutter
2026-06-10 02:32:16,249 alpasim_carla.registry WARNING blueprint_fallback track_id=184 label='' dims=4.50x1.90x1.60 -> vehicle.tesla.model3 (car-like dims heuristic; add the label to the scene manifest blueprint_overrides to silence)
2026-06-10 02:32:16,252 alpasim_carla.registry INFO spawned track_id=184 blueprint=vehicle.tesla.model3 decision=dims_heuristic[no-label] bbox_offset=(0.02921335957944393, -8.91806564595754e-07, 0.7358721494674683)
2026-06-10 02:32:16,443 alpasim_carla.world INFO approximation scene=clipgt-01d503d4-449b-46fc-8d78-9085e70d3554 camera=camera_cross_left_120fov: ftheta approximated as pinhole, hfov=118.47 deg from pixeldist_to_angle polynomial at r=950px
2026-06-10 02:32:16,443 alpasim_carla.world INFO approximation scene=clipgt-01d503d4-449b-46fc-8d78-9085e70d3554 camera=camera_cross_left_120fov: rolling shutter rendered as global shutter
2026-06-10 02:32:16,616 alpasim_carla.world INFO approximation scene=clipgt-01d503d4-449b-46fc-8d78-9085e70d3554 camera=camera_front_tele_30fov: ftheta approximated as pinhole, hfov=29.47 deg from pixeldist_to_angle polynomial at r=950px
2026-06-10 02:32:16,617 alpasim_carla.world INFO approximation scene=clipgt-01d503d4-449b-46fc-8d78-9085e70d3554 camera=camera_front_tele_30fov: rolling shutter rendered as global shutter
2026-06-10 02:32:16,808 alpasim_carla.world INFO approximation scene=clipgt-01d503d4-449b-46fc-8d78-9085e70d3554 camera=camera_cross_right_120fov: ftheta approximated as pinhole, hfov=118.93 deg from pixeldist_to_angle polynomial at r=950px
2026-06-10 02:32:16,808 alpasim_carla.world INFO approximation scene=clipgt-01d503d4-449b-46fc-8d78-9085e70d3554 camera=camera_cross_right_120fov: rolling shutter rendered as global shutter
2026-06-10 02:32:20,296 alpasim_carla.world INFO approximation scene=clipgt-01d503d4-449b-46fc-8d78-9085e70d3554 camera=camera_cross_left_120fov: ftheta approximated as pinhole, hfov=118.47 deg from pixeldist_to_angle polynomial at r=950px
2026-06-10 02:32:20,296 alpasim_carla.world INFO approximation scene=clipgt-01d503d4-449b-46fc-8d78-9085e70d3554 camera=camera_cross_left_120fov: rolling shutter rendered as global shutter
2026-06-10 02:32:20,300 alpasim_carla.registry WARNING blueprint_fallback track_id=185 label='' dims=4.50x1.90x1.60 -> vehicle.tesla.model3 (car-like dims heuristic; add the label to the scene manifest blueprint_overrides to silence)
2026-06-10 02:32:20,304 alpasim_carla.registry INFO spawned track_id=185 blueprint=vehicle.tesla.model3 decision=dims_heuristic[no-label] bbox_offset=(0.029227837920188904, -2.419948543774808e-07, 0.7358757853507996)
2026-06-10 02:32:20,453 alpasim_carla.world INFO approximation scene=clipgt-01d503d4-449b-46fc-8d78-9085e70d3554 camera=camera_front_tele_30fov: ftheta approximated as pinhole, hfov=29.47 deg from pixeldist_to_angle polynomial at r=950px
2026-06-10 02:32:20,453 alpasim_carla.world INFO approximation scene=clipgt-01d503d4-449b-46fc-8d78-9085e70d3554 camera=camera_front_tele_30fov: rolling shutter rendered as global shutter
2026-06-10 02:32:20,756 alpasim_carla.world INFO approximation scene=clipgt-01d503d4-449b-46fc-8d78-9085e70d3554 camera=camera_front_wide_120fov: ftheta approximated as pinhole, hfov=118.36 deg from pixeldist_to_angle polynomial at r=950px
2026-06-10 02:32:20,757 alpasim_carla.world INFO approximation scene=clipgt-01d503d4-449b-46fc-8d78-9085e70d3554 camera=camera_front_wide_120fov: rolling shutter rendered as global shutter
2026-06-10 02:32:20,900 alpasim_carla.world INFO approximation scene=clipgt-01d503d4-449b-46fc-8d78-9085e70d3554 camera=camera_cross_right_120fov: ftheta approximated as pinhole, hfov=118.93 deg from pixeldist_to_angle polynomial at r=950px
2026-06-10 02:32:20,900 alpasim_carla.world INFO approximation scene=clipgt-01d503d4-449b-46fc-8d78-9085e70d3554 camera=camera_cross_right_120fov: rolling shutter rendered as global shutter
2026-06-10 02:32:23,931 alpasim_carla.world INFO approximation scene=clipgt-01d503d4-449b-46fc-8d78-9085e70d3554 camera=camera_front_wide_120fov: ftheta approximated as pinhole, hfov=118.36 deg from pixeldist_to_angle polynomial at r=950px
2026-06-10 02:32:23,931 alpasim_carla.world INFO approximation scene=clipgt-01d503d4-449b-46fc-8d78-9085e70d3554 camera=camera_front_wide_120fov: rolling shutter rendered as global shutter
2026-06-10 02:32:24,173 alpasim_carla.world INFO approximation scene=clipgt-01d503d4-449b-46fc-8d78-9085e70d3554 camera=camera_cross_right_120fov: ftheta approximated as pinhole, hfov=118.93 deg from pixeldist_to_angle polynomial at r=950px
2026-06-10 02:32:24,173 alpasim_carla.world INFO approximation scene=clipgt-01d503d4-449b-46fc-8d78-9085e70d3554 camera=camera_cross_right_120fov: rolling shutter rendered as global shutter
2026-06-10 02:32:24,410 alpasim_carla.world INFO approximation scene=clipgt-01d503d4-449b-46fc-8d78-9085e70d3554 camera=camera_cross_left_120fov: ftheta approximated as pinhole, hfov=118.47 deg from pixeldist_to_angle polynomial at r=950px
2026-06-10 02:32:24,411 alpasim_carla.world INFO approximation scene=clipgt-01d503d4-449b-46fc-8d78-9085e70d3554 camera=camera_cross_left_120fov: rolling shutter rendered as global shutter
2026-06-10 02:32:24,515 alpasim_carla.world INFO approximation scene=clipgt-01d503d4-449b-46fc-8d78-9085e70d3554 camera=camera_front_tele_30fov: ftheta approximated as pinhole, hfov=29.47 deg from pixeldist_to_angle polynomial at r=950px
2026-06-10 02:32:24,516 alpasim_carla.world INFO approximation scene=clipgt-01d503d4-449b-46fc-8d78-9085e70d3554 camera=camera_front_tele_30fov: rolling shutter rendered as global shutter
2026-06-10 02:32:27,117 alpasim_carla.world INFO approximation scene=clipgt-01d503d4-449b-46fc-8d78-9085e70d3554 camera=camera_cross_left_120fov: ftheta approximated as pinhole, hfov=118.47 deg from pixeldist_to_angle polynomial at r=950px
2026-06-10 02:32:27,117 alpasim_carla.world INFO approximation scene=clipgt-01d503d4-449b-46fc-8d78-9085e70d3554 camera=camera_cross_left_120fov: rolling shutter rendered as global shutter
2026-06-10 02:32:27,269 alpasim_carla.world INFO approximation scene=clipgt-01d503d4-449b-46fc-8d78-9085e70d3554 camera=camera_front_tele_30fov: ftheta approximated as pinhole, hfov=29.47 deg from pixeldist_to_angle polynomial at r=950px
2026-06-10 02:32:27,269 alpasim_carla.world INFO approximation scene=clipgt-01d503d4-449b-46fc-8d78-9085e70d3554 camera=camera_front_tele_30fov: rolling shutter rendered as global shutter
2026-06-10 02:32:27,686 alpasim_carla.world INFO approximation scene=clipgt-01d503d4-449b-46fc-8d78-9085e70d3554 camera=camera_front_wide_120fov: ftheta approximated as pinhole, hfov=118.36 deg from pixeldist_to_angle polynomial at r=950px
2026-06-10 02:32:27,687 alpasim_carla.world INFO approximation scene=clipgt-01d503d4-449b-46fc-8d78-9085e70d3554 camera=camera_front_wide_120fov: rolling shutter rendered as global shutter
2026-06-10 02:32:27,930 alpasim_carla.world INFO approximation scene=clipgt-01d503d4-449b-46fc-8d78-9085e70d3554 camera=camera_cross_right_120fov: ftheta approximated as pinhole, hfov=118.93 deg from pixeldist_to_angle polynomial at r=950px
2026-06-10 02:32:27,930 alpasim_carla.world INFO approximation scene=clipgt-01d503d4-449b-46fc-8d78-9085e70d3554 camera=camera_cross_right_120fov: rolling shutter rendered as global shutter
2026-06-10 02:32:30,607 alpasim_carla.world INFO approximation scene=clipgt-01d503d4-449b-46fc-8d78-9085e70d3554 camera=camera_front_tele_30fov: ftheta approximated as pinhole, hfov=29.47 deg from pixeldist_to_angle polynomial at r=950px
2026-06-10 02:32:30,607 alpasim_carla.world INFO approximation scene=clipgt-01d503d4-449b-46fc-8d78-9085e70d3554 camera=camera_front_tele_30fov: rolling shutter rendered as global shutter
2026-06-10 02:32:30,610 alpasim_carla.registry WARNING blueprint_fallback track_id=191 label='' dims=4.50x1.90x1.60 -> vehicle.tesla.model3 (car-like dims heuristic; add the label to the scene manifest blueprint_overrides to silence)
2026-06-10 02:32:30,614 alpasim_carla.registry INFO spawned track_id=191 blueprint=vehicle.tesla.model3 decision=dims_heuristic[no-label] bbox_offset=(0.02921360358595848, -9.667872973295744e-07, 0.7358691096305847)
2026-06-10 02:32:30,615 alpasim_carla.registry WARNING blueprint_fallback track_id=189 label='' dims=4.50x1.90x1.60 -> vehicle.tesla.model3 (car-like dims heuristic; add the label to the scene manifest blueprint_overrides to silence)
2026-06-10 02:32:30,617 alpasim_carla.registry INFO spawned track_id=189 blueprint=vehicle.tesla.model3 decision=dims_heuristic[no-label] bbox_offset=(0.02921682596206665, 4.4584274405679025e-07, 0.7358533143997192)
2026-06-10 02:32:30,898 alpasim_carla.world INFO approximation scene=clipgt-01d503d4-449b-46fc-8d78-9085e70d3554 camera=camera_front_wide_120fov: ftheta approximated as pinhole, hfov=118.36 deg from pixeldist_to_angle polynomial at r=950px
2026-06-10 02:32:30,899 alpasim_carla.world INFO approximation scene=clipgt-01d503d4-449b-46fc-8d78-9085e70d3554 camera=camera_front_wide_120fov: rolling shutter rendered as global shutter
2026-06-10 02:32:31,067 alpasim_carla.world INFO approximation scene=clipgt-01d503d4-449b-46fc-8d78-9085e70d3554 camera=camera_cross_left_120fov: ftheta approximated as pinhole, hfov=118.47 deg from pixeldist_to_angle polynomial at r=950px
2026-06-10 02:32:31,067 alpasim_carla.world INFO approximation scene=clipgt-01d503d4-449b-46fc-8d78-9085e70d3554 camera=camera_cross_left_120fov: rolling shutter rendered as global shutter
2026-06-10 02:32:31,215 alpasim_carla.world INFO approximation scene=clipgt-01d503d4-449b-46fc-8d78-9085e70d3554 camera=camera_cross_right_120fov: ftheta approximated as pinhole, hfov=118.93 deg from pixeldist_to_angle polynomial at r=950px
2026-06-10 02:32:31,215 alpasim_carla.world INFO approximation scene=clipgt-01d503d4-449b-46fc-8d78-9085e70d3554 camera=camera_cross_right_120fov: rolling shutter rendered as global shutter
2026-06-10 02:32:33,875 alpasim_carla.world INFO approximation scene=clipgt-01d503d4-449b-46fc-8d78-9085e70d3554 camera=camera_cross_left_120fov: ftheta approximated as pinhole, hfov=118.47 deg from pixeldist_to_angle polynomial at r=950px
2026-06-10 02:32:33,875 alpasim_carla.world INFO approximation scene=clipgt-01d503d4-449b-46fc-8d78-9085e70d3554 camera=camera_cross_left_120fov: rolling shutter rendered as global shutter
2026-06-10 02:32:33,877 alpasim_carla.registry WARNING blueprint_fallback track_id=194 label='' dims=4.50x1.90x1.60 -> vehicle.tesla.model3 (car-like dims heuristic; add the label to the scene manifest blueprint_overrides to silence)
2026-06-10 02:32:33,881 alpasim_carla.registry INFO spawned track_id=194 blueprint=vehicle.tesla.model3 decision=dims_heuristic[no-label] bbox_offset=(0.029228810220956802, 1.6796589079604018e-06, 0.7358494997024536)
2026-06-10 02:32:33,881 alpasim_carla.registry WARNING blueprint_fallback track_id=190 label='' dims=4.50x1.90x1.60 -> vehicle.tesla.model3 (car-like dims heuristic; add the label to the scene manifest blueprint_overrides to silence)
2026-06-10 02:32:33,884 alpasim_carla.registry INFO spawned track_id=190 blueprint=vehicle.tesla.model3 decision=dims_heuristic[no-label] bbox_offset=(0.029218653216958046, 8.840560440148693e-06, 0.7358670830726624)
2026-06-10 02:32:34,020 alpasim_carla.world INFO approximation scene=clipgt-01d503d4-449b-46fc-8d78-9085e70d3554 camera=camera_cross_right_120fov: ftheta approximated as pinhole, hfov=118.93 deg from pixeldist_to_angle polynomial at r=950px
2026-06-10 02:32:34,020 alpasim_carla.world INFO approximation scene=clipgt-01d503d4-449b-46fc-8d78-9085e70d3554 camera=camera_cross_right_120fov: rolling shutter rendered as global shutter
2026-06-10 02:32:34,482 alpasim_carla.world INFO approximation scene=clipgt-01d503d4-449b-46fc-8d78-9085e70d3554 camera=camera_front_tele_30fov: ftheta approximated as pinhole, hfov=29.47 deg from pixeldist_to_angle polynomial at r=950px
2026-06-10 02:32:34,483 alpasim_carla.world INFO approximation scene=clipgt-01d503d4-449b-46fc-8d78-9085e70d3554 camera=camera_front_tele_30fov: rolling shutter rendered as global shutter
2026-06-10 02:32:34,676 alpasim_carla.world INFO approximation scene=clipgt-01d503d4-449b-46fc-8d78-9085e70d3554 camera=camera_front_wide_120fov: ftheta approximated as pinhole, hfov=118.36 deg from pixeldist_to_angle polynomial at r=950px
2026-06-10 02:32:34,676 alpasim_carla.world INFO approximation scene=clipgt-01d503d4-449b-46fc-8d78-9085e70d3554 camera=camera_front_wide_120fov: rolling shutter rendered as global shutter
2026-06-10 02:32:37,273 alpasim_carla.world INFO approximation scene=clipgt-01d503d4-449b-46fc-8d78-9085e70d3554 camera=camera_front_tele_30fov: ftheta approximated as pinhole, hfov=29.47 deg from pixeldist_to_angle polynomial at r=950px
2026-06-10 02:32:37,273 alpasim_carla.world INFO approximation scene=clipgt-01d503d4-449b-46fc-8d78-9085e70d3554 camera=camera_front_tele_30fov: rolling shutter rendered as global shutter
2026-06-10 02:32:37,275 alpasim_carla.registry WARNING blueprint_fallback track_id=195 label='' dims=4.50x1.90x1.60 -> vehicle.tesla.model3 (car-like dims heuristic; add the label to the scene manifest blueprint_overrides to silence)
2026-06-10 02:32:37,280 alpasim_carla.registry INFO spawned track_id=195 blueprint=vehicle.tesla.model3 decision=dims_heuristic[no-label] bbox_offset=(0.029217133298516273, -4.853185942010896e-07, 0.7358521819114685)
2026-06-10 02:32:37,597 alpasim_carla.world INFO approximation scene=clipgt-01d503d4-449b-46fc-8d78-9085e70d3554 camera=camera_front_wide_120fov: ftheta approximated as pinhole, hfov=118.36 deg from pixeldist_to_angle polynomial at r=950px
2026-06-10 02:32:37,597 alpasim_carla.world INFO approximation scene=clipgt-01d503d4-449b-46fc-8d78-9085e70d3554 camera=camera_front_wide_120fov: rolling shutter rendered as global shutter
2026-06-10 02:32:37,761 alpasim_carla.world INFO approximation scene=clipgt-01d503d4-449b-46fc-8d78-9085e70d3554 camera=camera_cross_left_120fov: ftheta approximated as pinhole, hfov=118.47 deg from pixeldist_to_angle polynomial at r=950px
2026-06-10 02:32:37,762 alpasim_carla.world INFO approximation scene=clipgt-01d503d4-449b-46fc-8d78-9085e70d3554 camera=camera_cross_left_120fov: rolling shutter rendered as global shutter
2026-06-10 02:32:37,897 alpasim_carla.world INFO approximation scene=clipgt-01d503d4-449b-46fc-8d78-9085e70d3554 camera=camera_cross_right_120fov: ftheta approximated as pinhole, hfov=118.93 deg from pixeldist_to_angle polynomial at r=950px
2026-06-10 02:32:37,897 alpasim_carla.world INFO approximation scene=clipgt-01d503d4-449b-46fc-8d78-9085e70d3554 camera=camera_cross_right_120fov: rolling shutter rendered as global shutter
2026-06-10 02:32:40,522 alpasim_carla.world INFO approximation scene=clipgt-01d503d4-449b-46fc-8d78-9085e70d3554 camera=camera_front_wide_120fov: ftheta approximated as pinhole, hfov=118.36 deg from pixeldist_to_angle polynomial at r=950px
2026-06-10 02:32:40,523 alpasim_carla.world INFO approximation scene=clipgt-01d503d4-449b-46fc-8d78-9085e70d3554 camera=camera_front_wide_120fov: rolling shutter rendered as global shutter
2026-06-10 02:32:40,778 alpasim_carla.world INFO approximation scene=clipgt-01d503d4-449b-46fc-8d78-9085e70d3554 camera=camera_cross_left_120fov: ftheta approximated as pinhole, hfov=118.47 deg from pixeldist_to_angle polynomial at r=950px
2026-06-10 02:32:40,778 alpasim_carla.world INFO approximation scene=clipgt-01d503d4-449b-46fc-8d78-9085e70d3554 camera=camera_cross_left_120fov: rolling shutter rendered as global shutter
2026-06-10 02:32:41,045 alpasim_carla.world INFO approximation scene=clipgt-01d503d4-449b-46fc-8d78-9085e70d3554 camera=camera_front_tele_30fov: ftheta approximated as pinhole, hfov=29.47 deg from pixeldist_to_angle polynomial at r=950px
2026-06-10 02:32:41,045 alpasim_carla.world INFO approximation scene=clipgt-01d503d4-449b-46fc-8d78-9085e70d3554 camera=camera_front_tele_30fov: rolling shutter rendered as global shutter
2026-06-10 02:32:41,250 alpasim_carla.world INFO approximation scene=clipgt-01d503d4-449b-46fc-8d78-9085e70d3554 camera=camera_cross_right_120fov: ftheta approximated as pinhole, hfov=118.93 deg from pixeldist_to_angle polynomial at r=950px
2026-06-10 02:32:41,251 alpasim_carla.world INFO approximation scene=clipgt-01d503d4-449b-46fc-8d78-9085e70d3554 camera=camera_cross_right_120fov: rolling shutter rendered as global shutter
2026-06-10 02:32:43,853 alpasim_carla.world INFO approximation scene=clipgt-01d503d4-449b-46fc-8d78-9085e70d3554 camera=camera_front_tele_30fov: ftheta approximated as pinhole, hfov=29.47 deg from pixeldist_to_angle polynomial at r=950px
2026-06-10 02:32:43,853 alpasim_carla.world INFO approximation scene=clipgt-01d503d4-449b-46fc-8d78-9085e70d3554 camera=camera_front_tele_30fov: rolling shutter rendered as global shutter
2026-06-10 02:32:45,089 alpasim_carla.world INFO approximation scene=clipgt-01d503d4-449b-46fc-8d78-9085e70d3554 camera=camera_cross_right_120fov: ftheta approximated as pinhole, hfov=118.93 deg from pixeldist_to_angle polynomial at r=950px
2026-06-10 02:32:45,089 alpasim_carla.world INFO approximation scene=clipgt-01d503d4-449b-46fc-8d78-9085e70d3554 camera=camera_cross_right_120fov: rolling shutter rendered as global shutter
2026-06-10 02:32:45,302 alpasim_carla.world INFO approximation scene=clipgt-01d503d4-449b-46fc-8d78-9085e70d3554 camera=camera_front_wide_120fov: ftheta approximated as pinhole, hfov=118.36 deg from pixeldist_to_angle polynomial at r=950px
2026-06-10 02:32:45,302 alpasim_carla.world INFO approximation scene=clipgt-01d503d4-449b-46fc-8d78-9085e70d3554 camera=camera_front_wide_120fov: rolling shutter rendered as global shutter
2026-06-10 02:32:45,433 alpasim_carla.world INFO approximation scene=clipgt-01d503d4-449b-46fc-8d78-9085e70d3554 camera=camera_cross_left_120fov: ftheta approximated as pinhole, hfov=118.47 deg from pixeldist_to_angle polynomial at r=950px
2026-06-10 02:32:45,433 alpasim_carla.world INFO approximation scene=clipgt-01d503d4-449b-46fc-8d78-9085e70d3554 camera=camera_cross_left_120fov: rolling shutter rendered as global shutter
2026-06-10 02:32:47,957 alpasim_carla.world INFO approximation scene=clipgt-01d503d4-449b-46fc-8d78-9085e70d3554 camera=camera_front_wide_120fov: ftheta approximated as pinhole, hfov=118.36 deg from pixeldist_to_angle polynomial at r=950px
2026-06-10 02:32:47,957 alpasim_carla.world INFO approximation scene=clipgt-01d503d4-449b-46fc-8d78-9085e70d3554 camera=camera_front_wide_120fov: rolling shutter rendered as global shutter
2026-06-10 02:32:48,188 alpasim_carla.world INFO approximation scene=clipgt-01d503d4-449b-46fc-8d78-9085e70d3554 camera=camera_cross_left_120fov: ftheta approximated as pinhole, hfov=118.47 deg from pixeldist_to_angle polynomial at r=950px
2026-06-10 02:32:48,188 alpasim_carla.world INFO approximation scene=clipgt-01d503d4-449b-46fc-8d78-9085e70d3554 camera=camera_cross_left_120fov: rolling shutter rendered as global shutter
2026-06-10 02:32:48,301 alpasim_carla.world INFO approximation scene=clipgt-01d503d4-449b-46fc-8d78-9085e70d3554 camera=camera_front_tele_30fov: ftheta approximated as pinhole, hfov=29.47 deg from pixeldist_to_angle polynomial at r=950px
2026-06-10 02:32:48,301 alpasim_carla.world INFO approximation scene=clipgt-01d503d4-449b-46fc-8d78-9085e70d3554 camera=camera_front_tele_30fov: rolling shutter rendered as global shutter
2026-06-10 02:32:48,498 alpasim_carla.world INFO approximation scene=clipgt-01d503d4-449b-46fc-8d78-9085e70d3554 camera=camera_cross_right_120fov: ftheta approximated as pinhole, hfov=118.93 deg from pixeldist_to_angle polynomial at r=950px
2026-06-10 02:32:48,499 alpasim_carla.world INFO approximation scene=clipgt-01d503d4-449b-46fc-8d78-9085e70d3554 camera=camera_cross_right_120fov: rolling shutter rendered as global shutter
2026-06-10 02:32:50,996 alpasim_carla.world INFO approximation scene=clipgt-01d503d4-449b-46fc-8d78-9085e70d3554 camera=camera_cross_left_120fov: ftheta approximated as pinhole, hfov=118.47 deg from pixeldist_to_angle polynomial at r=950px
2026-06-10 02:32:50,997 alpasim_carla.world INFO approximation scene=clipgt-01d503d4-449b-46fc-8d78-9085e70d3554 camera=camera_cross_left_120fov: rolling shutter rendered as global shutter
2026-06-10 02:32:51,000 alpasim_carla.registry WARNING blueprint_fallback track_id=198 label='' dims=4.50x1.90x1.60 -> vehicle.tesla.model3 (car-like dims heuristic; add the label to the scene manifest blueprint_overrides to silence)
2026-06-10 02:32:51,003 alpasim_carla.registry INFO spawned track_id=198 blueprint=vehicle.tesla.model3 decision=dims_heuristic[no-label] bbox_offset=(0.02922392264008522, 1.0001658665714785e-06, 0.7358447909355164)
2026-06-10 02:32:51,138 alpasim_carla.world INFO approximation scene=clipgt-01d503d4-449b-46fc-8d78-9085e70d3554 camera=camera_front_tele_30fov: ftheta approximated as pinhole, hfov=29.47 deg from pixeldist_to_angle polynomial at r=950px
2026-06-10 02:32:51,138 alpasim_carla.world INFO approximation scene=clipgt-01d503d4-449b-46fc-8d78-9085e70d3554 camera=camera_front_tele_30fov: rolling shutter rendered as global shutter
2026-06-10 02:32:51,466 alpasim_carla.world INFO approximation scene=clipgt-01d503d4-449b-46fc-8d78-9085e70d3554 camera=camera_front_wide_120fov: ftheta approximated as pinhole, hfov=118.36 deg from pixeldist_to_angle polynomial at r=950px
2026-06-10 02:32:51,466 alpasim_carla.world INFO approximation scene=clipgt-01d503d4-449b-46fc-8d78-9085e70d3554 camera=camera_front_wide_120fov: rolling shutter rendered as global shutter
2026-06-10 02:32:51,619 alpasim_carla.world INFO approximation scene=clipgt-01d503d4-449b-46fc-8d78-9085e70d3554 camera=camera_cross_right_120fov: ftheta approximated as pinhole, hfov=118.93 deg from pixeldist_to_angle polynomial at r=950px
2026-06-10 02:32:51,619 alpasim_carla.world INFO approximation scene=clipgt-01d503d4-449b-46fc-8d78-9085e70d3554 camera=camera_cross_right_120fov: rolling shutter rendered as global shutter
2026-06-10 02:32:54,126 alpasim_carla.world INFO approximation scene=clipgt-01d503d4-449b-46fc-8d78-9085e70d3554 camera=camera_front_wide_120fov: ftheta approximated as pinhole, hfov=118.36 deg from pixeldist_to_angle polynomial at r=950px
2026-06-10 02:32:54,126 alpasim_carla.world INFO approximation scene=clipgt-01d503d4-449b-46fc-8d78-9085e70d3554 camera=camera_front_wide_120fov: rolling shutter rendered as global shutter
2026-06-10 02:32:54,336 alpasim_carla.world INFO approximation scene=clipgt-01d503d4-449b-46fc-8d78-9085e70d3554 camera=camera_cross_right_120fov: ftheta approximated as pinhole, hfov=118.93 deg from pixeldist_to_angle polynomial at r=950px
2026-06-10 02:32:54,337 alpasim_carla.world INFO approximation scene=clipgt-01d503d4-449b-46fc-8d78-9085e70d3554 camera=camera_cross_right_120fov: rolling shutter rendered as global shutter
2026-06-10 02:32:54,577 alpasim_carla.world INFO approximation scene=clipgt-01d503d4-449b-46fc-8d78-9085e70d3554 camera=camera_cross_left_120fov: ftheta approximated as pinhole, hfov=118.47 deg from pixeldist_to_angle polynomial at r=950px
2026-06-10 02:32:54,577 alpasim_carla.world INFO approximation scene=clipgt-01d503d4-449b-46fc-8d78-9085e70d3554 camera=camera_cross_left_120fov: rolling shutter rendered as global shutter
2026-06-10 02:32:54,743 alpasim_carla.world INFO approximation scene=clipgt-01d503d4-449b-46fc-8d78-9085e70d3554 camera=camera_front_tele_30fov: ftheta approximated as pinhole, hfov=29.47 deg from pixeldist_to_angle polynomial at r=950px
2026-06-10 02:32:54,744 alpasim_carla.world INFO approximation scene=clipgt-01d503d4-449b-46fc-8d78-9085e70d3554 camera=camera_front_tele_30fov: rolling shutter rendered as global shutter
2026-06-10 02:32:57,450 alpasim_carla.world INFO approximation scene=clipgt-01d503d4-449b-46fc-8d78-9085e70d3554 camera=camera_cross_left_120fov: ftheta approximated as pinhole, hfov=118.47 deg from pixeldist_to_angle polynomial at r=950px
2026-06-10 02:32:57,450 alpasim_carla.world INFO approximation scene=clipgt-01d503d4-449b-46fc-8d78-9085e70d3554 camera=camera_cross_left_120fov: rolling shutter rendered as global shutter
2026-06-10 02:32:57,452 alpasim_carla.registry WARNING blueprint_fallback track_id=202 label='' dims=4.50x1.90x1.60 -> vehicle.tesla.model3 (car-like dims heuristic; add the label to the scene manifest blueprint_overrides to silence)
2026-06-10 02:32:57,456 alpasim_carla.registry INFO spawned track_id=202 blueprint=vehicle.tesla.model3 decision=dims_heuristic[no-label] bbox_offset=(0.029221875593066216, -1.6093254373572563e-07, 0.7358574271202087)
2026-06-10 02:32:57,622 alpasim_carla.world INFO approximation scene=clipgt-01d503d4-449b-46fc-8d78-9085e70d3554 camera=camera_front_tele_30fov: ftheta approximated as pinhole, hfov=29.47 deg from pixeldist_to_angle polynomial at r=950px
2026-06-10 02:32:57,622 alpasim_carla.world INFO approximation scene=clipgt-01d503d4-449b-46fc-8d78-9085e70d3554 camera=camera_front_tele_30fov: rolling shutter rendered as global shutter
2026-06-10 02:32:57,900 alpasim_carla.world INFO approximation scene=clipgt-01d503d4-449b-46fc-8d78-9085e70d3554 camera=camera_front_wide_120fov: ftheta approximated as pinhole, hfov=118.36 deg from pixeldist_to_angle polynomial at r=950px
2026-06-10 02:32:57,900 alpasim_carla.world INFO approximation scene=clipgt-01d503d4-449b-46fc-8d78-9085e70d3554 camera=camera_front_wide_120fov: rolling shutter rendered as global shutter
2026-06-10 02:32:58,035 alpasim_carla.world INFO approximation scene=clipgt-01d503d4-449b-46fc-8d78-9085e70d3554 camera=camera_cross_right_120fov: ftheta approximated as pinhole, hfov=118.93 deg from pixeldist_to_angle polynomial at r=950px
2026-06-10 02:32:58,035 alpasim_carla.world INFO approximation scene=clipgt-01d503d4-449b-46fc-8d78-9085e70d3554 camera=camera_cross_right_120fov: rolling shutter rendered as global shutter
2026-06-10 02:33:00,554 alpasim_carla.world INFO approximation scene=clipgt-01d503d4-449b-46fc-8d78-9085e70d3554 camera=camera_cross_right_120fov: ftheta approximated as pinhole, hfov=118.93 deg from pixeldist_to_angle polynomial at r=950px
2026-06-10 02:33:00,554 alpasim_carla.world INFO approximation scene=clipgt-01d503d4-449b-46fc-8d78-9085e70d3554 camera=camera_cross_right_120fov: rolling shutter rendered as global shutter
2026-06-10 02:33:00,900 alpasim_carla.world INFO approximation scene=clipgt-01d503d4-449b-46fc-8d78-9085e70d3554 camera=camera_front_tele_30fov: ftheta approximated as pinhole, hfov=29.47 deg from pixeldist_to_angle polynomial at r=950px
2026-06-10 02:33:00,900 alpasim_carla.world INFO approximation scene=clipgt-01d503d4-449b-46fc-8d78-9085e70d3554 camera=camera_front_tele_30fov: rolling shutter rendered as global shutter
2026-06-10 02:33:01,074 alpasim_carla.world INFO approximation scene=clipgt-01d503d4-449b-46fc-8d78-9085e70d3554 camera=camera_cross_left_120fov: ftheta approximated as pinhole, hfov=118.47 deg from pixeldist_to_angle polynomial at r=950px
2026-06-10 02:33:01,075 alpasim_carla.world INFO approximation scene=clipgt-01d503d4-449b-46fc-8d78-9085e70d3554 camera=camera_cross_left_120fov: rolling shutter rendered as global shutter
2026-06-10 02:33:01,285 alpasim_carla.world INFO approximation scene=clipgt-01d503d4-449b-46fc-8d78-9085e70d3554 camera=camera_front_wide_120fov: ftheta approximated as pinhole, hfov=118.36 deg from pixeldist_to_angle polynomial at r=950px
2026-06-10 02:33:01,285 alpasim_carla.world INFO approximation scene=clipgt-01d503d4-449b-46fc-8d78-9085e70d3554 camera=camera_front_wide_120fov: rolling shutter rendered as global shutter
